time_stretch,pitch_shift,loudness_rms,spectral_centroid,source
0.974,0.15,0.0035927542485296726,10703.544276066976,1
0.974,0.15,0.004485554061830044,10687.338476520825,1
0.974,0.15,0.0050994823686778545,10730.213554485497,1
0.974,0.15,0.00506819412112236,10871.645440575658,1
0.974,0.15,0.004956311546266079,10993.262023227602,1
0.974,0.15,0.004806370008736849,11119.264487250846,1
0.974,0.15,0.0047058770433068275,11029.40004184777,1
0.974,0.15,0.004717756062746048,10976.492480477984,1
0.974,0.15,0.004712284542620182,11018.149619821681,1
0.974,0.15,0.004756443202495575,11231.996804676577,1
0.974,0.15,0.004761731717735529,10729.845717730313,1
0.974,0.15,0.004864908754825592,11114.66473979469,1
0.974,0.15,0.004801277536898851,10985.31877870976,1
0.974,0.15,0.004840224049985409,10951.306868142958,1
0.974,0.15,0.004744002129882574,11109.40140814387,1
0.974,0.15,0.004710664507001638,10959.677727840786,1
0.974,0.15,0.004764774348586798,10914.45401362403,1
0.974,0.15,0.004818617831915617,11102.42300961068,1
0.974,0.15,0.004844895098358393,11297.389839405647,1
0.974,0.15,0.004891423042863607,11156.405003979251,1
0.974,0.15,0.004930952098220587,11285.79419580811,1
0.974,0.15,0.004967081360518932,11200.727409290519,1
0.974,0.15,0.0050203497521579266,11128.010685536246,1
0.974,0.15,0.005066064652055502,11059.159239641684,1
0.974,0.15,0.004922851454466581,11038.140337054818,1
0.974,0.15,0.004976221825927496,11125.399690512388,1
0.974,0.15,0.004968046210706234,11023.35742407442,1
0.974,0.15,0.004924919921904802,10952.250457407883,1
0.974,0.15,0.00489251222461462,10992.606938895453,1
0.974,0.15,0.004827304743230343,10893.95623888577,1
0.974,0.15,0.0048452578485012054,11037.782568671117,1
0.974,0.15,0.004852222744375467,10947.085967833475,1
0.974,0.15,0.004832383245229721,11056.98160833693,1
0.974,0.15,0.0047877635806798935,11091.17408821152,1
0.974,0.15,0.004826164338737726,10943.797461491253,1
0.974,0.15,0.004823325667530298,11034.244497780164,1
0.974,0.15,0.00485463859513402,11041.623168168862,1
0.974,0.15,0.004782917909324169,11033.356348970781,1
0.974,0.15,0.004723395686596632,10727.719317430077,1
0.974,0.15,0.004682060796767473,10737.314064533057,1
0.974,0.15,0.004649230744689703,10812.861845982461,1
0.974,0.15,0.004673411604017019,11032.011371822102,1
0.974,0.15,0.00482389610260725,11160.47770887868,1
0.974,0.15,0.0048173461109399796,11041.87167877872,1
0.974,0.15,0.00479632243514061,11010.00432066859,1
0.974,0.15,0.004776529967784882,10814.65466197211,1
0.974,0.15,0.00479439040645957,10645.477814579805,1
0.974,0.15,0.0048128943890333176,10830.60331209277,1
0.974,0.15,0.004819839261472225,11132.509748497294,1
0.974,0.15,0.004817053209990263,10982.598267725903,1
0.974,0.15,0.00482020853087306,10860.915727786716,1
0.974,0.15,0.004803490824997425,11001.068853472305,1
0.974,0.15,0.004710379056632519,11155.957726896653,1
0.974,0.15,0.004753877874463797,10938.658905679378,1
0.974,0.15,0.004805313423275948,10786.952388641632,1
0.974,0.15,0.0048354375176131725,10816.807639186278,1
0.974,0.15,0.004816659726202488,10854.812786921244,1
0.974,0.15,0.004747160244733095,10921.921494482052,1
0.974,0.15,0.004679794888943434,11041.966904406285,1
0.974,0.15,0.004692974500358105,10901.723158908637,1
0.974,0.15,0.0047169639728963375,10877.929922607125,1
0.974,0.15,0.004647859837859869,11017.146447289371,1
0.974,0.15,0.004615354351699352,11089.797022570918,1
0.974,0.15,0.004688082728534937,10871.110840003867,1
0.974,0.15,0.004756241571158171,10803.887637046675,1
0.974,0.15,0.004799416288733482,10729.864552098255,1
0.974,0.15,0.00482687633484602,10806.905526584693,1
0.974,0.15,0.004776854068040848,11189.303989898519,1
0.974,0.15,0.0047500417567789555,10986.302003357692,1
0.974,0.15,0.004785806406289339,11017.10085609911,1
0.974,0.15,0.0047482699155807495,11092.76283283981,1
0.974,0.15,0.004841686226427555,11030.54203662528,1
0.974,0.15,0.0048637003637850285,11030.553107820222,1
0.974,0.15,0.004855254665017128,10831.863596294716,1
0.974,0.15,0.004827150609344244,10842.12636967768,1
0.974,0.15,0.004853307735174894,10849.774178438487,1
0.974,0.15,0.00480717234313488,10764.906765040501,1
0.974,0.15,0.004781685769557953,10826.11632703125,1
0.974,0.15,0.004692854359745979,11004.949516531975,1
0.974,0.15,0.004610639065504074,11144.564092840927,1
0.974,0.15,0.004619412124156952,10778.108125746297,1
0.974,0.15,0.004607094451785088,11089.057014817092,1
0.974,0.15,0.0046101221814751625,11098.67075530266,1
0.974,0.15,0.0046444968320429325,11056.105375876996,1
0.974,0.15,0.004610980395227671,11071.799663388681,1
0.974,0.15,0.004686902277171612,11033.434866074509,1
0.974,0.15,0.004696351941674948,10889.880285484815,1
0.974,0.15,0.0047531710006296635,11027.688200815996,1
0.974,0.15,0.004746203310787678,10767.511023526726,1
0.974,0.15,0.004766331985592842,11055.522956559133,1
0.974,0.15,0.004854255355894566,11124.730438349501,1
0.974,0.15,0.0048204464837908745,11047.568067581467,1
0.974,0.15,0.004784071817994118,10902.244559565297,1
0.974,0.15,0.004740686621516943,10963.022203162367,1
0.974,0.15,0.004817078355699778,10964.986759095214,1
0.974,0.15,0.0047877454198896885,10959.450721534125,1
0.974,0.15,0.004715668968856335,10984.876288926578,1
0.974,0.15,0.004669335670769215,10839.370259246187,1
0.974,0.15,0.004712787456810474,11058.39949390191,1
0.974,0.15,0.004735718481242657,11061.808229794175,1
0.974,0.15,0.004715052433311939,10930.019029554507,1
0.974,0.15,0.004701949656009674,11029.471776274775,1
0.974,0.15,0.004740665201097727,10862.050033327701,1
0.974,0.15,0.004844866693019867,10829.38858465206,1
0.974,0.15,0.004790459293872118,11152.910093902641,1
0.974,0.15,0.0048895967192947865,10867.588428712153,1
0.974,0.15,0.004873764701187611,10712.312368354857,1
0.974,0.15,0.004821496084332466,10833.150929402364,1
0.974,0.15,0.004716500639915466,10884.102137738306,1
0.974,0.15,0.004614712670445442,10885.033700404243,1
0.974,0.15,0.0046072895638644695,10945.207077272084,1
0.974,0.15,0.004622976295650005,10969.518259163042,1
0.974,0.15,0.004693348426371813,11018.533167286905,1
0.974,0.15,0.00468286732211709,11097.356622924628,1
0.974,0.15,0.004663082771003246,10886.535608059603,1
0.974,0.15,0.0047302995808422565,11031.998926523602,1
0.974,0.15,0.004934072960168123,10847.089808475672,1
0.974,0.15,0.004996399395167828,11144.9669408503,1
0.974,0.15,0.004955484997481108,11214.736970333986,1
0.974,0.15,0.004886913113296032,11219.707522019176,1
0.974,0.15,0.004784988239407539,11068.647837421327,1
0.974,0.15,0.004735319875180721,10847.319369831514,1
0.974,0.15,0.004704663064330816,10866.260286257937,1
0.974,0.15,0.004728372674435377,11109.287241787608,1
0.974,0.15,0.0047311014495790005,10937.006181457393,1
0.974,0.15,0.004732361063361168,11109.378758638082,1
0.974,0.15,0.004703222773969173,10930.055841901614,1
0.974,0.15,0.004732645582407713,10998.683910043768,1
0.974,0.15,0.0048232292756438255,11125.336629885765,1
0.974,0.15,0.004849159624427557,11066.762396716924,1
0.974,0.15,0.004828957840800285,11193.11515698838,1
0.974,0.15,0.004833653569221497,11080.842532593175,1
0.974,0.15,0.0048432787880301476,11013.981580449497,1
0.974,0.15,0.0047845845110714436,10911.856963306864,1
0.974,0.15,0.004855326376855373,10973.539449238926,1
0.974,0.15,0.004814359359443188,11056.311931062502,1
0.974,0.15,0.004839309025555849,10924.657147975862,1
0.974,0.15,0.004819901194423437,10649.75482367161,1
0.974,0.15,0.00478125736117363,10735.036309566127,1
0.974,0.15,0.004808331839740276,11154.292979198952,1
0.974,0.15,0.004822949413210154,10852.32294374029,1
0.974,0.15,0.004824406001716852,11081.13628724808,1
0.974,0.15,0.0048572588711977005,10947.011145784625,1
0.974,0.15,0.004859845153987408,10810.068944263368,1
0.974,0.15,0.0048801531083881855,10876.986375588898,1
0.974,0.15,0.004916393663734198,10913.496900423163,1
0.974,0.15,0.004923217464238405,10840.966068308822,1
0.974,0.15,0.004820861853659153,10920.249091001744,1
0.974,0.15,0.004712684545665979,11079.967054908955,1
0.974,0.15,0.004688594955950975,10970.725703710508,1
0.974,0.15,0.004672502167522907,10783.030104960853,1
0.974,0.15,0.004728273954242468,11070.706591521492,1
0.974,0.15,0.004704166203737259,10668.133758227308,1
0.974,0.15,0.00475344667211175,10781.307023897465,1
0.974,0.15,0.004734459798783064,10977.768177868978,1
0.974,0.15,0.00483896816149354,10840.550333933461,1
0.974,0.15,0.004868851974606514,11034.580090935815,1
0.974,0.15,0.004920701030641794,11019.444771210421,1
0.974,0.15,0.004954246804118156,11159.209353046132,1
0.974,0.15,0.004972592927515507,10867.577916040244,1
0.974,0.15,0.004960253834724426,11083.483649414557,1
0.974,0.15,0.004998746793717146,11077.142240912139,1
0.974,0.15,0.004983191844075918,10768.513150855655,1
0.974,0.15,0.00496226642280817,10887.950003203026,1
0.974,0.15,0.0049233632162213326,10547.542690433103,1
0.974,0.15,0.004809745121747255,10635.899644692323,1
0.974,0.15,0.004730645101517439,10927.67787951944,1
0.974,0.15,0.004707728046923876,10937.050363311653,1
0.974,0.15,0.004670234862715006,11053.529257478935,1
0.974,0.15,0.004702177830040455,11111.071833238442,1
0.974,0.15,0.004782034084200859,10928.608688463475,1
0.974,0.15,0.004747559316456318,10883.70615328566,1
0.974,0.15,0.004744307138025761,10843.944004854306,1
0.974,0.15,0.004642365034669638,10787.972543790014,1
0.974,0.15,0.004609410185366869,10987.099764377439,1
0.974,0.15,0.004726297687739134,10970.35812467635,1
0.974,0.15,0.004778474569320679,10958.738749130189,1
0.974,0.15,0.004821598529815674,11066.899309065742,1
0.974,0.15,0.004787758458405733,11063.239177728847,1
0.974,0.15,0.004847829695791006,11202.724712340168,1
0.974,0.15,0.004800197668373585,11113.894116673233,1
0.974,0.15,0.004812230356037617,11023.116453396748,1
0.974,0.15,0.004801613278687,11191.355081650627,1
0.974,0.15,0.004731247201561928,11241.256983680647,1
0.974,0.15,0.00471176253631711,11092.386366510134,1
0.974,0.15,0.004809310659766197,11026.930400715388,1
0.974,0.15,0.004744221922010183,11137.622352050701,1
0.974,0.15,0.004783965647220612,11103.98774480317,1
0.974,0.15,0.00475172558799386,10847.585469968126,1
0.974,0.15,0.0047216834500432014,10956.652365006208,1
0.974,0.15,0.00477359676733613,10869.604610694365,1
0.974,0.15,0.004833543673157692,10863.050177459296,1
0.974,0.15,0.004895798861980438,10853.294414290633,1
0.974,0.15,0.00482906773686409,10948.568517777447,1
0.974,0.15,0.004760788753628731,10954.385510152064,1
0.974,0.15,0.004764350596815348,10899.132169055487,1
0.974,0.15,0.004829562734812498,11306.942432277123,1
0.974,0.15,0.004864971619099379,11243.291438453114,1
0.974,0.15,0.0048485733568668365,11010.503687944885,1
0.974,0.15,0.0048149521462619305,11066.873650921554,1
0.974,0.15,0.004792694468051195,11000.742124272465,1
0.974,0.15,0.004782294854521751,10913.018172234035,1
0.974,0.15,0.004859952721744776,10962.645322417095,1
0.974,0.15,0.004804346244782209,10996.275606210334,1
0.974,0.15,0.004733100533485413,11132.588580896061,1
0.974,0.15,0.0046900855377316475,11058.96743635682,1
0.974,0.15,0.004715785849839449,11280.853564281973,1
0.974,0.15,0.0046972171403467655,11210.293305160638,1
0.974,0.15,0.004740788135677576,10916.709576538475,1
0.974,0.15,0.004738425370305777,10770.529409506853,1
0.974,0.15,0.004743499215692282,11026.481934288277,1
0.974,0.15,0.004716332070529461,10778.881107931313,1
0.974,0.15,0.0046362862922251225,10889.890354177676,1
0.974,0.15,0.0045881434343755245,10917.292697971794,1
0.974,0.15,0.004579922650009394,11003.727782981301,1
0.974,0.15,0.004561580717563629,11050.887740746823,1
0.974,0.15,0.004621366038918495,11031.908912278268,1
0.974,0.15,0.004625170491635799,10947.786771614059,1
0.974,0.15,0.004730707034468651,10829.212752546102,1
0.974,0.15,0.004730003885924816,10764.193426722792,1
0.974,0.15,0.004814839456230402,10868.76824286002,1
0.974,0.15,0.004779374226927757,10914.676545122828,1
0.974,0.15,0.004758801311254501,10600.366303172972,1
0.974,0.15,0.0048447768203914165,10942.358005397633,1
0.974,0.15,0.004784024320542812,11023.900615878101,1
0.974,0.15,0.005261839367449284,10664.991409876302,1
0.974,0.15,0.008222510106861591,9797.47211433256,1
0.974,0.15,0.017020337283611298,7802.130607186449,1
0.974,0.15,0.033663392066955566,5808.379882131298,1
0.974,0.15,0.05371979996562004,4252.436563711855,1
0.974,0.15,0.08349315822124481,3524.5821687563243,1
0.974,0.15,0.10579882562160492,3256.851815023294,1
0.974,0.15,0.11217188090085983,3442.434617674011,1
0.974,0.15,0.1125909686088562,4113.62766793115,1
0.974,0.15,0.09615980833768845,4635.307331752104,1
0.974,0.15,0.08402058482170105,4863.576428170054,1
0.974,0.15,0.075531005859375,5213.2885021227885,1
0.974,0.15,0.06643004715442657,5413.692506830217,1
0.974,0.15,0.05782994255423546,5387.266003375662,1
0.974,0.15,0.05334983021020889,5011.2552417265315,1
0.974,0.15,0.05760543420910835,4097.709122248135,1
0.974,0.15,0.0637989193201065,3618.4779331384966,1
0.974,0.15,0.08622004091739655,3583.3950085961433,1
0.974,0.15,0.09250067919492722,3542.4438477879485,1
0.974,0.15,0.08807738125324249,3837.0827977400654,1
0.974,0.15,0.08364250510931015,4743.885190288973,1
0.974,0.15,0.06360716372728348,4993.331277129395,1
0.974,0.15,0.05855211615562439,5776.478653374815,1
0.974,0.15,0.04884754866361618,5913.613420542798,1
0.974,0.15,0.04390426352620125,6354.765783945928,1
0.974,0.15,0.0408194400370121,5696.3347313512295,1
0.974,0.15,0.04767116904258728,5016.005135376907,1
0.974,0.15,0.058938317000865936,3918.9302752621797,1
0.974,0.15,0.08094162493944168,3717.1965271899194,1
0.974,0.15,0.0940704271197319,3688.6432205459796,1
0.974,0.15,0.09229429066181183,4038.2791787555147,1
0.974,0.15,0.08870574086904526,4605.311485445749,1
0.974,0.15,0.07283356785774231,5008.866278279322,1
0.974,0.15,0.06394564360380173,5454.385407369325,1
0.974,0.15,0.058450765907764435,5904.014428481101,1
0.974,0.15,0.052242230623960495,6143.601078092888,1
0.974,0.15,0.046530596911907196,6270.1388724051685,1
0.974,0.15,0.0395658053457737,5910.675641295787,1
0.974,0.15,0.03815622627735138,5240.697171129166,1
0.974,0.15,0.04422330856323242,4566.425627272925,1
0.974,0.15,0.0658433809876442,4218.9336371301815,1
0.974,0.15,0.0772564485669136,3804.377550201972,1
0.974,0.15,0.07722090929746628,4067.919392835323,1
0.974,0.15,0.07164110988378525,4838.627791134504,1
0.974,0.15,0.05517200380563736,5102.1114738959495,1
0.974,0.15,0.051826778799295425,5874.451216916977,1
0.974,0.15,0.044084690511226654,6058.12738773606,1
0.974,0.15,0.041546210646629333,6544.373074274605,1
0.974,0.15,0.03638225421309471,6398.705865324303,1
0.974,0.15,0.0361471027135849,6456.402856554202,1
0.974,0.15,0.03723171725869179,5593.337152065196,1
0.974,0.15,0.045405033975839615,4590.763680790509,1
0.974,0.15,0.06007479131221771,4142.259697110464,1
0.974,0.15,0.06072358414530754,3753.2283853484314,1
0.974,0.15,0.05845092982053757,4009.025253878738,1
0.974,0.15,0.0499502569437027,5022.2091666094475,1
0.974,0.15,0.03914644196629524,5835.911631639376,1
0.974,0.15,0.03422945737838745,6247.426449575047,1
0.974,0.15,0.031125057488679886,6730.611084514807,1
0.974,0.15,0.028055647388100624,7062.788415780735,1
0.974,0.15,0.025390582159161568,7510.089439623094,1
0.974,0.15,0.026543613523244858,7131.998845315854,1
0.974,0.15,0.035856105387210846,5984.909214980429,1
0.974,0.15,0.04305650293827057,4800.884870846678,1
0.974,0.15,0.066693015396595,3916.0750812022366,1
0.974,0.15,0.10856543481349945,3347.354929262226,1
0.974,0.15,0.1451440304517746,2965.4953448043725,1
0.974,0.15,0.19783855974674225,2700.93069351363,1
0.974,0.15,0.22745509445667267,2425.382696775673,1
0.974,0.15,0.23989373445510864,2516.4206744759713,1
0.974,0.15,0.2354857623577118,2615.9389506264333,1
0.974,0.15,0.2200394719839096,2753.596910039356,1
0.974,0.15,0.2107749879360199,2951.949438095745,1
0.974,0.15,0.20580051839351654,3043.7048417135475,1
0.974,0.15,0.20091618597507477,3092.1629625978308,1
0.974,0.15,0.1916685253381729,3150.4383606556457,1
0.974,0.15,0.18252114951610565,3009.9793547278723,1
0.974,0.15,0.1769443154335022,3010.1886660837413,1
0.974,0.15,0.16386383771896362,2961.2048185936956,1
0.974,0.15,0.15213638544082642,2970.077614787362,1
0.974,0.15,0.1540314257144928,2929.0005837231074,1
0.974,0.15,0.15070299804210663,2950.6888860231547,1
0.974,0.15,0.14417129755020142,3066.3961219625007,1
0.974,0.15,0.13516636192798615,3329.5173099152044,1
0.974,0.15,0.12934431433677673,3462.679142880582,1
0.974,0.15,0.11855442076921463,3491.130205718838,1
0.974,0.15,0.10657601058483124,3391.93845137021,1
0.974,0.15,0.09875388443470001,3217.819361231581,1
0.974,0.15,0.09437387436628342,3319.276703146711,1
0.974,0.15,0.08439651876688004,3376.7080683672116,1
0.974,0.15,0.09518828243017197,3698.4336862812142,1
0.974,0.15,0.1049155741930008,3364.704494983117,1
0.974,0.15,0.1084611713886261,3427.2201045599377,1
0.974,0.15,0.10448364168405533,4027.6800501368966,1
0.974,0.15,0.09127765148878098,4355.9320269855025,1
0.974,0.15,0.08723162859678268,4366.007262998652,1
0.974,0.15,0.08639668673276901,4520.925893618738,1
0.974,0.15,0.0850626677274704,4561.722313222306,1
0.974,0.15,0.0973009243607521,4047.379872544198,1
0.974,0.15,0.10378124564886093,3176.8030980165645,1
0.974,0.15,0.11527522653341293,2588.823693049054,1
0.974,0.15,0.11473793536424637,2506.683638887371,1
0.974,0.15,0.1005304828286171,2647.63967390187,1
0.974,0.15,0.08955032378435135,3063.7057408516084,1
0.974,0.15,0.07919174432754517,3065.4851741353514,1
0.974,0.15,0.0752502903342247,3023.667198730466,1
0.974,0.15,0.07789266854524612,3179.2476497627185,1
0.974,0.15,0.07893320918083191,3174.773128270109,1
0.974,0.15,0.07837160676717758,2984.597454063708,1
0.974,0.15,0.0792643129825592,3209.6426778501436,1
0.974,0.15,0.07671645283699036,3164.8087852841845,1
0.974,0.15,0.07428726553916931,3300.2454819243776,1
0.974,0.15,0.07222474366426468,3408.9804036907067,1
0.974,0.15,0.06953565031290054,3408.1291944369427,1
0.974,0.15,0.06751207262277603,3376.6058090951656,1
0.974,0.15,0.06707468628883362,3572.8362512147933,1
0.974,0.15,0.06811077147722244,3392.2537489882357,1
0.974,0.15,0.07899602502584457,3225.4133459161185,1
0.974,0.15,0.12307949364185333,2617.001703599206,1
0.974,0.15,0.14348898828029633,2035.6439569158579,1
0.974,0.15,0.15447267889976501,2098.6061530876163,1
0.974,0.15,0.14652228355407715,2273.459706477126,1
0.974,0.15,0.13536009192466736,2344.9216073910566,1
0.974,0.15,0.12739074230194092,2350.5881865711763,1
0.974,0.15,0.12402207404375076,2444.396630772067,1
0.974,0.15,0.12058867514133453,2589.955245267708,1
0.974,0.15,0.11666594445705414,2471.565246585939,1
0.974,0.15,0.11781205981969833,2501.7380324205133,1
0.974,0.15,0.12149065732955933,2374.4545341783246,1
0.974,0.15,0.15310075879096985,2237.4628908843806,1
0.974,0.15,0.16062535345554352,1861.7251712400464,1
0.974,0.15,0.18296964466571808,1891.4272590351832,1
0.974,0.15,0.2129182368516922,1881.7915794380438,1
0.974,0.15,0.21110385656356812,1814.2762762680816,1
0.974,0.15,0.23004396259784698,1801.3429135021013,1
0.974,0.15,0.24077419936656952,1790.9078354068265,1
0.974,0.15,0.247282013297081,1832.5213934638236,1
0.974,0.15,0.23900863528251648,1870.8916962864196,1
0.974,0.15,0.25124049186706543,1773.7725762725336,1
0.974,0.15,0.2864122688770294,1636.5480870112724,1
0.974,0.15,0.28833892941474915,1549.3432931706147,1
0.974,0.15,0.30233046412467957,1577.5415400626794,1
0.974,0.15,0.28589126467704773,1569.956938704201,1
0.974,0.15,0.2878879904747009,1563.2905195730125,1
0.974,0.15,0.2796337604522705,1527.9615098394158,1
0.974,0.15,0.27764660120010376,1672.99371500917,1
0.974,0.15,0.27381154894828796,1552.9757848738927,1
0.974,0.15,0.28204748034477234,1574.1508599840195,1
0.974,0.15,0.2762114107608795,1620.3742447613683,1
0.974,0.15,0.26676642894744873,1654.3268481351379,1
0.974,0.15,0.2707984149456024,1661.8930738719528,1
0.974,0.15,0.2726781964302063,1574.3311699263538,1
0.974,0.15,0.27312183380126953,1667.882614273757,1
0.974,0.15,0.27329209446907043,1528.7560619504106,1
0.974,0.15,0.28653857111930847,1528.9676258904015,1
0.974,0.15,0.301066517829895,1457.3138384414574,1
0.974,0.15,0.2954106330871582,1505.4976114914093,1
0.974,0.15,0.2860383689403534,1582.4215103005124,1
0.974,0.15,0.2716062068939209,1501.8459346605987,1
0.974,0.15,0.27167606353759766,1630.965517095365,1
0.974,0.15,0.2560562193393707,1584.8748356972797,1
0.974,0.15,0.2603919506072998,1636.0354256330452,1
0.974,0.15,0.25879353284835815,1572.1712279105113,1
0.974,0.15,0.2626619040966034,1567.5291549820888,1
0.974,0.15,0.2592051327228546,1657.7711998430257,1
0.974,0.15,0.24815252423286438,1642.3914814817172,1
0.974,0.15,0.2378973811864853,1628.5075349996678,1
0.974,0.15,0.22084584832191467,1825.5553627965537,1
0.974,0.15,0.1869734227657318,2008.6663290507051,1
0.974,0.15,0.16070188581943512,2195.2050404880256,1
0.974,0.15,0.1498134434223175,2451.1431851418483,1
0.974,0.15,0.12534327805042267,2567.3922283919464,1
0.974,0.15,0.10981083661317825,2880.1361826906345,1
0.974,0.15,0.09333187341690063,3138.8550151612226,1
0.974,0.15,0.08945181965827942,3239.3108862658014,1
0.974,0.15,0.08864045888185501,3254.2749580887908,1
0.974,0.15,0.10745019465684891,2877.805050885728,1
0.974,0.15,0.19124950468540192,2348.5748092781637,1
0.974,0.15,0.2349606454372406,1711.0313656951062,1
0.974,0.15,0.26596590876579285,1826.4691447563048,1
0.974,0.15,0.2797579765319824,1843.5304853345015,1
0.974,0.15,0.2995856702327728,1794.47294787896,1
0.974,0.15,0.31636518239974976,1709.4636902103036,1
0.974,0.15,0.32086312770843506,1813.8177973905154,1
0.974,0.15,0.31742924451828003,1830.893992800849,1
0.974,0.15,0.31497257947921753,1696.750968787921,1
0.974,0.15,0.3045467734336853,1794.1922565890218,1
0.974,0.15,0.29445451498031616,1780.4829004039188,1
0.974,0.15,0.29064786434173584,1735.6512223166956,1
0.974,0.15,0.28678715229034424,1879.3557119189295,1
0.974,0.15,0.27371689677238464,1831.5248427731049,1
0.974,0.15,0.270307332277298,1815.5822739160608,1
0.974,0.15,0.2831130623817444,1822.677594511817,1
0.974,0.15,0.30234065651893616,1675.1079031050022,1
0.974,0.15,0.3129185736179352,1547.5747356514862,1
0.974,0.15,0.305181086063385,1577.9291883761016,1
0.974,0.15,0.2974119484424591,1636.4809941783312,1
0.974,0.15,0.2766498029232025,1666.7941499882736,1
0.974,0.15,0.27553537487983704,1669.155230692292,1
0.974,0.15,0.27283623814582825,1661.1289192165846,1
0.974,0.15,0.2704700827598572,1765.475229878814,1
0.974,0.15,0.25673002004623413,1757.9341796215572,1
0.974,0.15,0.2477748841047287,1786.4706586415973,1
0.974,0.15,0.24843329191207886,1776.0974258806655,1
0.974,0.15,0.24391143023967743,1768.5840719718346,1
0.974,0.15,0.24607965350151062,1724.0452574714666,1
0.974,0.15,0.24880607426166534,1639.8583877465244,1
0.974,0.15,0.2547258138656616,1548.5582733159338,1
0.974,0.15,0.2607945501804352,1664.3045809583678,1
0.974,0.15,0.2490888386964798,1656.2868185827328,1
0.974,0.15,0.24957752227783203,1733.8930859852117,1
0.974,0.15,0.24497941136360168,1704.2914921469246,1
0.974,0.15,0.2420630156993866,1699.3118075093214,1
0.974,0.15,0.23546744883060455,1722.5269733107093,1
0.974,0.15,0.22531850636005402,1746.9025962425721,1
0.974,0.15,0.22360730171203613,1766.057932593939,1
0.974,0.15,0.21901743113994598,1758.2804185282705,1
0.974,0.15,0.2223786562681198,1713.706145159223,1
0.974,0.15,0.227172389626503,1676.8388091826648,1
0.974,0.15,0.22341926395893097,1651.872712360234,1
0.974,0.15,0.21683265268802643,1713.2813974794094,1
0.974,0.15,0.20641905069351196,1671.0328729809282,1
0.974,0.15,0.189616858959198,1769.086031313312,1
0.974,0.15,0.17489409446716309,1853.6259296068426,1
0.974,0.15,0.164927676320076,1984.1984637269634,1
0.974,0.15,0.14763997495174408,2125.8119594305463,1
0.974,0.15,0.13741573691368103,2264.0802190783834,1
0.974,0.15,0.12985971570014954,2398.889358490238,1
0.974,0.15,0.14275938272476196,2458.420004755409,1
0.974,0.15,0.20312568545341492,2107.2007140365163,1
0.974,0.15,0.2516675293445587,1869.9240912895239,1
0.974,0.15,0.27899524569511414,1842.409435021584,1
0.974,0.15,0.28054332733154297,1853.4498657961933,1
0.974,0.15,0.273747980594635,1934.9274295893179,1
0.974,0.15,0.26560884714126587,2023.8860774740624,1
0.974,0.15,0.25984659790992737,2068.504570932726,1
0.974,0.15,0.24967654049396515,2257.0623314369263,1
0.974,0.15,0.2391955852508545,2203.545593780284,1
0.974,0.15,0.2309010773897171,2335.0182482704186,1
0.974,0.15,0.2176016867160797,2532.5977578727848,1
0.974,0.15,0.19891829788684845,2672.8772631517504,1
0.974,0.15,0.17570021748542786,2864.698079265798,1
0.974,0.15,0.167195662856102,2683.5244849646597,1
0.974,0.15,0.18657831847667694,2346.31897302499,1
0.974,0.15,0.19710133969783783,2142.2172730141438,1
0.974,0.15,0.19994448125362396,2108.9583547776947,1
0.974,0.15,0.213300883769989,2391.562639849612,1
0.974,0.15,0.21385109424591064,2421.5031215114604,1
0.974,0.15,0.2242356240749359,2321.7533837317787,1
0.974,0.15,0.22751103341579437,2467.4477783397533,1
0.974,0.15,0.21356695890426636,2624.661688232717,1
0.974,0.15,0.1994369626045227,2722.113936503002,1
0.974,0.15,0.18649205565452576,2838.641616636325,1
0.974,0.15,0.17185190320014954,2811.398922166629,1
0.974,0.15,0.17112985253334045,2867.478783805235,1
0.974,0.15,0.15694652497768402,2606.178233034654,1
0.974,0.15,0.15885396301746368,2293.5919384149265,1
0.974,0.15,0.16350102424621582,2331.326840140787,1
0.974,0.15,0.14831630885601044,2469.8574144933255,1
0.974,0.15,0.14754486083984375,2287.4856881211463,1
0.974,0.15,0.14584995806217194,2356.6820810185236,1
0.974,0.15,0.14227506518363953,2456.3604585424755,1
0.974,0.15,0.14807844161987305,2313.4865329616828,1
0.974,0.15,0.14798739552497864,2316.7721061598445,1
0.974,0.15,0.15045857429504395,2450.226551806861,1
0.974,0.15,0.14156019687652588,2248.2955766947107,1
0.974,0.15,0.13838988542556763,2269.480330062671,1
0.974,0.15,0.16548529267311096,2194.832847397871,1
0.974,0.15,0.1851743906736374,1769.9961565051622,1
0.974,0.15,0.2037271112203598,1659.294159976542,1
0.974,0.15,0.2125212848186493,1733.585389258434,1
0.974,0.15,0.21164530515670776,1657.6060190954668,1
0.974,0.15,0.21841812133789062,1682.1441329149136,1
0.974,0.15,0.2266266942024231,1743.2789646203041,1
0.974,0.15,0.2029278576374054,1659.1242214697609,1
0.974,0.15,0.21079500019550323,1772.1195911856773,1
0.974,0.15,0.20933640003204346,1724.0143906388744,1
0.974,0.15,0.20143942534923553,1772.0053593028501,1
0.974,0.15,0.19335372745990753,1831.2410258585014,1
0.974,0.15,0.1922113299369812,1825.4438084427275,1
0.974,0.15,0.19382332265377045,1869.6678246681356,1
0.974,0.15,0.1836795210838318,1971.9440266419665,1
0.974,0.15,0.17758360505104065,1942.3888071390795,1
0.974,0.15,0.20516327023506165,1724.9131653807717,1
0.974,0.15,0.24543844163417816,1637.6342914845584,1
0.974,0.15,0.2727496922016144,1533.983242025915,1
0.974,0.15,0.2854997217655182,1649.5680690159097,1
0.974,0.15,0.2736000716686249,1605.9559866077232,1
0.974,0.15,0.29543736577033997,1513.5861770025988,1
0.974,0.15,0.3067881762981415,1507.6928352165023,1
0.974,0.15,0.2908088266849518,1565.0134389054722,1
0.974,0.15,0.28339943289756775,1593.3777682647444,1
0.974,0.15,0.28090307116508484,1584.746321650532,1
0.974,0.15,0.2945372760295868,1637.8560895454516,1
0.974,0.15,0.27327919006347656,1698.239047843586,1
0.974,0.15,0.2710396945476532,1699.8905189350407,1
0.974,0.15,0.27770230174064636,1692.8940968577351,1
0.974,0.15,0.2867145836353302,1673.7520608904144,1
0.974,0.15,0.2815873920917511,1631.9599344940925,1
0.974,0.15,0.27281999588012695,1558.720487929055,1
0.974,0.15,0.27814802527427673,1617.038439992003,1
0.974,0.15,0.27648061513900757,1665.8903754137625,1
0.974,0.15,0.26263195276260376,1710.4330166622622,1
0.974,0.15,0.2564195692539215,1675.3417852355415,1
0.974,0.15,0.26064884662628174,1691.6506683342977,1
0.974,0.15,0.2733618915081024,1764.348981996584,1
0.974,0.15,0.25361573696136475,1713.5324238792775,1
0.974,0.15,0.24782048165798187,1722.9948241378934,1
0.974,0.15,0.2519260346889496,1753.2115779945516,1
0.974,0.15,0.2459438294172287,1843.4644233854826,1
0.974,0.15,0.23188817501068115,1881.2386259717096,1
0.974,0.15,0.23233662545681,1817.7897633339953,1
0.974,0.15,0.24794191122055054,1720.1543101945067,1
0.974,0.15,0.24586983025074005,1682.229936335703,1
0.974,0.15,0.22905410826206207,1847.5713076275117,1
0.974,0.15,0.21434615552425385,1979.3452951841766,1
0.974,0.15,0.21480920910835266,1997.2191135424425,1
0.974,0.15,0.21564632654190063,2093.216458990523,1
0.974,0.15,0.19726328551769257,2038.5520412776093,1
0.974,0.15,0.18986745178699493,2097.559487723683,1
0.974,0.15,0.19833576679229736,2210.7811066246904,1
0.974,0.15,0.18630418181419373,2156.4126816592293,1
0.974,0.15,0.1753808856010437,2310.408108393247,1
0.974,0.15,0.17059628665447235,2204.410482487058,1
0.974,0.15,0.18440382182598114,2116.1587850377646,1
0.974,0.15,0.18130846321582794,2021.0034615383154,1
0.974,0.15,0.1665213406085968,2090.101342834503,1
0.974,0.15,0.17188866436481476,2243.018608556058,1
0.974,0.15,0.17294032871723175,2191.360002320216,1
0.974,0.15,0.17172059416770935,2209.0633339525166,1
0.974,0.15,0.1594223827123642,2311.0117023843636,1
0.974,0.15,0.1572681963443756,2364.803455273292,1
0.974,0.15,0.1658562421798706,2488.582623779421,1
0.974,0.15,0.1517033874988556,2448.495382206403,1
0.974,0.15,0.1418045312166214,2559.4820412192644,1
0.974,0.15,0.14168764650821686,2561.3603383017135,1
0.974,0.15,0.1496216505765915,2473.3602119534235,1
0.974,0.15,0.1483662724494934,2304.253492098612,1
0.974,0.15,0.14440132677555084,2280.815030014408,1
0.974,0.15,0.1536746770143509,2410.9282191770135,1
0.974,0.15,0.14819784462451935,2444.816624074141,1
0.974,0.15,0.13334928452968597,2582.1074025774324,1
0.974,0.15,0.1193525418639183,2784.8284447870815,1
0.974,0.15,0.11976120620965958,2867.753444152887,1
0.974,0.15,0.11525697261095047,3123.7055750355303,1
0.974,0.15,0.09688468277454376,3464.002344461848,1
0.974,0.15,0.08688192814588547,3699.0285537282393,1
0.974,0.15,0.08304495364427567,3696.7146851019334,1
0.974,0.15,0.07894772291183472,4030.4315730497638,1
0.974,0.15,0.07032792270183563,3860.341422929752,1
0.974,0.15,0.08300355076789856,3278.604213113944,1
0.974,0.15,0.0900537297129631,2890.2004638190574,1
0.974,0.15,0.09957616031169891,2913.097951300277,1
0.974,0.15,0.10390742868185043,2857.14124802229,1
0.974,0.15,0.10289730131626129,2990.903272071281,1
0.974,0.15,0.10345574468374252,3166.037032323426,1
0.974,0.15,0.09271912276744843,3302.5687615942006,1
0.974,0.15,0.08399977535009384,3644.32438407119,1
0.974,0.15,0.07393556833267212,3939.3073642329814,1
0.974,0.15,0.06933014839887619,4352.657558062602,1
0.974,0.15,0.06806795299053192,4265.453973666175,1
0.974,0.15,0.06811495125293732,3942.181256405319,1
0.974,0.15,0.08424121141433716,3481.5850467001337,1
0.974,0.15,0.10954323410987854,2879.832141552126,1
0.974,0.15,0.12444211542606354,2556.8039271735097,1
0.974,0.15,0.12364228069782257,2849.77854013219,1
0.974,0.15,0.09589403122663498,3387.4958982221833,1
0.974,0.15,0.06606486439704895,4210.515877147115,1
0.974,0.15,0.045738041400909424,4903.309806944568,1
0.974,0.15,0.04138454422354698,5103.609617337548,1
0.974,0.15,0.03955468907952309,5387.743187859887,1
0.974,0.15,0.036600466817617416,5760.6728813971395,1
0.974,0.15,0.033926788717508316,6177.569234564696,1
0.974,0.15,0.03143936023116112,6423.185901839284,1
0.974,0.15,0.030830807983875275,6147.0155461729555,1
0.974,0.15,0.036434002220630646,5816.538504164421,1
0.974,0.15,0.07106233388185501,4661.751433673426,1
0.974,0.15,0.11465715616941452,3011.9083541463715,1
0.974,0.15,0.14751754701137543,2382.0410823580005,1
0.974,0.15,0.14691852033138275,2378.522934140331,1
0.974,0.15,0.15496326982975006,2897.2678173424624,1
0.974,0.15,0.14495891332626343,3004.445849126385,1
0.974,0.15,0.16332849860191345,2726.6432547419345,1
0.974,0.15,0.17933610081672668,2731.587166893896,1
0.974,0.15,0.1764305680990219,2835.321485862354,1
0.974,0.15,0.17023532092571259,3045.1805436550985,1
0.974,0.15,0.16595818102359772,3115.019225496714,1
0.974,0.15,0.16249188780784607,3118.6634646518623,1
0.974,0.15,0.15883809328079224,3126.5570195911137,1
0.974,0.15,0.15848903357982635,3026.2366211831495,1
0.974,0.15,0.16980761289596558,2727.0992957908,1
0.974,0.15,0.19314436614513397,2289.8269301864284,1
0.974,0.15,0.24984502792358398,2244.0203684452176,1
0.974,0.15,0.2921557128429413,2073.0977843241494,1
0.974,0.15,0.3145011365413666,2120.2827945362596,1
0.974,0.15,0.3101949691772461,2226.62116510063,1
0.974,0.15,0.27704212069511414,2396.6370176807613,1
0.974,0.15,0.2701401114463806,2484.7115904270886,1
0.974,0.15,0.2638440728187561,2501.4931719126043,1
0.974,0.15,0.2526978552341461,2635.9223639770144,1
0.974,0.15,0.24077554047107697,2726.7388844739235,1
0.974,0.15,0.23434072732925415,2696.0052896364823,1
0.974,0.15,0.22917364537715912,2688.6361433422226,1
0.974,0.15,0.22830384969711304,2517.0163645376106,1
0.974,0.15,0.2261424958705902,2220.8623770150616,1
0.974,0.15,0.23230025172233582,2292.6988150623474,1
0.974,0.15,0.21564190089702606,2095.801519843574,1
0.974,0.15,0.18737228214740753,2590.6412647876728,1
0.974,0.15,0.13492192327976227,3087.643517772316,1
0.974,0.15,0.11694157868623734,3057.461785109158,1
0.974,0.15,0.10890654474496841,3329.4163178107024,1
0.974,0.15,0.09526588022708893,3795.0019531835555,1
0.974,0.15,0.08482012152671814,3938.670188606612,1
0.974,0.15,0.07893633842468262,4267.2143421430455,1
0.974,0.15,0.07235275954008102,4552.486130925787,1
0.974,0.15,0.06867650896310806,4218.052910219844,1
0.974,0.15,0.06894458085298538,3554.6075380448,1
0.974,0.15,0.08278913795948029,3225.2068098074774,1
0.974,0.15,0.10804799199104309,2744.353555732535,1
0.974,0.15,0.13071507215499878,2326.45669089766,1
0.974,0.15,0.13789145648479462,2236.576862196666,1
0.974,0.15,0.13260574638843536,2507.8765313566914,1
0.974,0.15,0.12011925131082535,2541.0194539017275,1
0.974,0.15,0.12123716622591019,2330.0984953572215,1
0.974,0.15,0.11483951658010483,2434.4309519292415,1
0.974,0.15,0.1127854734659195,2688.3003306723813,1
0.974,0.15,0.10742657631635666,2665.4230169066777,1
0.974,0.15,0.1066277027130127,2582.952022373218,1
0.974,0.15,0.10503231734037399,2642.9508486231243,1
0.974,0.15,0.10488715022802353,2717.688792693606,1
0.974,0.15,0.10098135471343994,2835.0593468988945,1
0.974,0.15,0.10461631417274475,2626.7133938214465,1
0.974,0.15,0.10806865990161896,2488.666794475836,1
0.974,0.15,0.11559077352285385,2318.6928234778416,1
0.974,0.15,0.11950456351041794,2231.9258618460253,1
0.974,0.15,0.12626667320728302,2269.581515799962,1
0.974,0.15,0.13085821270942688,2324.6658473874604,1
0.974,0.15,0.1313609778881073,2197.9967201159366,1
0.974,0.15,0.12757329642772675,2358.708963434532,1
0.974,0.15,0.12936656177043915,2361.3786852442063,1
0.974,0.15,0.12620380520820618,2298.9196439558546,1
0.974,0.15,0.12454191595315933,2362.9371805387873,1
0.974,0.15,0.12926001846790314,2270.628277614792,1
0.974,0.15,0.1528460532426834,2041.7229169182774,1
0.974,0.15,0.14987541735172272,1965.9405427473055,1
0.974,0.15,0.1700265258550644,2057.23957355302,1
0.974,0.15,0.19131310284137726,1898.2258148720407,1
0.974,0.15,0.21808171272277832,1733.8363608570278,1
0.974,0.15,0.23222766816616058,1746.7831110474458,1
0.974,0.15,0.22821253538131714,1835.2424209866972,1
0.974,0.15,0.23187261819839478,1801.4411016669696,1
0.974,0.15,0.24315541982650757,1793.7128840076725,1
0.974,0.15,0.23681484162807465,1794.6210989800452,1
0.974,0.15,0.22511401772499084,1821.2577781941932,1
0.974,0.15,0.23028036952018738,1758.954852804602,1
0.974,0.15,0.2282830774784088,1810.0756668985844,1
0.974,0.15,0.22087635099887848,1855.6892189295231,1
0.974,0.15,0.2133997678756714,1772.075686107637,1
0.974,0.15,0.2174966186285019,1801.5523187137867,1
0.974,0.15,0.22236545383930206,1873.81097602786,1
0.974,0.15,0.24935641884803772,1791.9330081545766,1
0.974,0.15,0.24281185865402222,1634.7601873241174,1
0.974,0.15,0.27066686749458313,1633.0148386279825,1
0.974,0.15,0.26571252942085266,1609.9606813002044,1
0.974,0.15,0.2588803172111511,1775.0521900263363,1
0.974,0.15,0.2466697096824646,1651.821321026784,1
0.974,0.15,0.24495649337768555,1699.355619733681,1
0.974,0.15,0.2287203073501587,1781.509518510115,1
0.974,0.15,0.2141885608434677,1837.6105379729495,1
0.974,0.15,0.1979573518037796,1989.1125979304181,1
0.974,0.15,0.1984979808330536,2050.4715165594216,1
0.974,0.15,0.18028010427951813,2181.0192127500836,1
0.974,0.15,0.171545147895813,2055.4760662326557,1
0.974,0.15,0.17282195389270782,2018.0146493938141,1
0.974,0.15,0.18357805907726288,2022.6159973712765,1
0.974,0.15,0.19145093858242035,2001.7198323329344,1
0.974,0.15,0.1905706375837326,1960.2248943473037,1
0.974,0.15,0.18429094552993774,2152.5128770424444,1
0.974,0.15,0.17127664387226105,2336.2246050019626,1
0.974,0.15,0.16943252086639404,2307.562810010638,1
0.974,0.15,0.17172405123710632,2411.779768871285,1
0.974,0.15,0.16843929886817932,2460.187289997736,1
0.974,0.15,0.16647538542747498,2520.6973622677006,1
0.974,0.15,0.15463484823703766,2655.1184230384233,1
0.974,0.15,0.15219782292842865,2568.0450462284516,1
0.974,0.15,0.17212235927581787,2399.0999283062392,1
0.974,0.15,0.19188697636127472,2164.6681919960665,1
0.974,0.15,0.1831609606742859,2083.6713951418756,1
0.974,0.15,0.1616763025522232,2550.0403895786017,1
0.974,0.15,0.104750856757164,2934.7672562844755,1
0.974,0.15,0.09469634294509888,2974.906299678519,1
0.974,0.15,0.09913813322782516,3198.3307799372233,1
0.974,0.15,0.09684288501739502,3249.948662666695,1
0.974,0.15,0.09215738624334335,3425.279257448613,1
0.974,0.15,0.08415136486291885,3514.132773441629,1
0.974,0.15,0.08214778453111649,3329.4596835436114,1
0.974,0.15,0.08640696108341217,2856.63334536171,1
0.974,0.15,0.10807780921459198,2651.688938932123,1
0.974,0.15,0.16295458376407623,2330.6271269459576,1
0.974,0.15,0.225846067070961,1998.9585103152895,1
0.974,0.15,0.3077908754348755,1928.9230349725274,1
0.974,0.15,0.3551523983478546,1724.1945396219066,1
0.974,0.15,0.3621671795845032,1829.9162341776919,1
0.974,0.15,0.3282216489315033,2017.9377963035602,1
0.974,0.15,0.2945602536201477,2075.1368579561877,1
0.974,0.15,0.2887863218784332,2041.166392946092,1
0.974,0.15,0.2955964207649231,2079.0779370261935,1
0.974,0.15,0.27426356077194214,2047.4048752542894,1
0.974,0.15,0.2711986303329468,2095.836320509202,1
0.974,0.15,0.2709346115589142,2115.4157567740035,1
0.974,0.15,0.2740979492664337,2116.7562480108763,1
0.974,0.15,0.2716143727302551,1834.760697562436,1
0.974,0.15,0.26737603545188904,1705.0311111141423,1
0.974,0.15,0.27343225479125977,1801.3065373207428,1
0.974,0.15,0.25394564867019653,1854.451558048926,1
0.974,0.15,0.244122713804245,1888.01945482175,1
0.974,0.15,0.24065953493118286,1950.3261095874118,1
0.974,0.15,0.23626923561096191,1921.2400365496246,1
0.974,0.15,0.23589758574962616,1915.7616441863474,1
0.974,0.15,0.23261745274066925,1894.8183520823031,1
0.974,0.15,0.24025322496891022,1970.6850865257115,1
0.974,0.15,0.22559310495853424,1996.8728827761045,1
0.974,0.15,0.2208874225616455,2031.9724037652547,1
0.974,0.15,0.22005093097686768,1978.3905202289072,1
0.974,0.15,0.2568473815917969,1915.4826371642412,1
0.974,0.15,0.2865631878376007,1619.5413176477673,1
0.974,0.15,0.3172588348388672,1506.559113004196,1
0.974,0.15,0.3545190095901489,1527.6304739203115,1
0.974,0.15,0.3693089485168457,1427.4878693543112,1
0.974,0.15,0.37934181094169617,1436.5485783857184,1
0.974,0.15,0.3830624222755432,1485.3543123618426,1
0.974,0.15,0.3826577067375183,1464.0397445336996,1
0.974,0.15,0.3790757954120636,1472.4453843876727,1
0.974,0.15,0.3779376149177551,1456.2676799357596,1
0.974,0.15,0.37424367666244507,1442.3811181756714,1
0.974,0.15,0.38198089599609375,1430.1524199325381,1
0.974,0.15,0.38559389114379883,1428.5937816304568,1
0.974,0.15,0.3767111897468567,1425.878195311131,1
0.974,0.15,0.3964039385318756,1317.0214588120707,1
0.974,0.15,0.39841312170028687,1367.3823919765916,1
0.974,0.15,0.3964420258998871,1369.0778088495977,1
0.974,0.15,0.40084439516067505,1342.7301381639263,1
0.974,0.15,0.3805548846721649,1397.4273777808417,1
0.974,0.15,0.3822351098060608,1438.87532413438,1
0.974,0.15,0.357525497674942,1531.3105006535625,1
0.974,0.15,0.32787615060806274,1516.7048273037597,1
0.974,0.15,0.3123280107975006,1570.1852799529756,1
0.974,0.15,0.2692611515522003,1688.545868432732,1
0.974,0.15,0.24481992423534393,1900.3394063769138,1
0.974,0.15,0.21806247532367706,2032.755144941868,1
0.974,0.15,0.1952073574066162,2028.6945227478466,1
0.974,0.15,0.1902676373720169,2092.790418296262,1
0.974,0.15,0.17391537129878998,2123.349182701828,1
0.974,0.15,0.16498351097106934,2286.122920916046,1
0.974,0.15,0.15068238973617554,2389.0856324147685,1
0.974,0.15,0.14602883160114288,2481.715816160332,1
0.974,0.15,0.1374777853488922,2590.865529481115,1
0.974,0.15,0.1316811591386795,2827.487159642086,1
0.974,0.15,0.1167382076382637,3056.7711032711013,1
0.974,0.15,0.10700830072164536,3131.1074537400973,1
0.974,0.15,0.10318406671285629,3186.8089767168995,1
0.974,0.15,0.09883683174848557,3429.097457927568,1
0.974,0.15,0.09684357047080994,3423.4130724076067,1
0.974,0.15,0.09000630676746368,3194.702862426504,1
0.974,0.15,0.08315068483352661,3177.903885551593,1
0.974,0.15,0.0905020460486412,3112.858798024191,1
0.974,0.15,0.15213477611541748,2916.726134870757,1
0.974,0.15,0.19962017238140106,2459.418899139363,1
0.974,0.15,0.22509554028511047,2331.3491718334903,1
0.974,0.15,0.23795433342456818,2550.6690518112396,1
0.974,0.15,0.21237030625343323,2564.51859769781,1
0.974,0.15,0.20843583345413208,2885.308514231743,1
0.974,0.15,0.2038290947675705,2822.4562112229833,1
0.974,0.15,0.19828419387340546,2809.418683053515,1
0.974,0.15,0.19388283789157867,3022.909212176073,1
0.974,0.15,0.18707694113254547,3021.0727237302494,1
0.974,0.15,0.1750677078962326,2767.20951074522,1
0.974,0.15,0.1907035857439041,2465.3423560352503,1
0.974,0.15,0.1990887075662613,1978.3380080994853,1
0.974,0.15,0.19001354277133942,2035.2355607414856,1
0.974,0.15,0.17650415003299713,2111.344377684105,1
0.974,0.15,0.17029809951782227,2189.538539396649,1
0.974,0.15,0.16479597985744476,2143.421008764397,1
0.974,0.15,0.16477830708026886,2112.4864102048596,1
0.974,0.15,0.1584637314081192,2229.111525501785,1
0.974,0.15,0.1408596932888031,2403.6164180432015,1
0.974,0.15,0.14377032220363617,2376.285831116652,1
0.974,0.15,0.14218488335609436,2331.840485690304,1
0.974,0.15,0.13286606967449188,2472.372769976969,1
0.974,0.15,0.13402540981769562,2471.604041017407,1
0.974,0.15,0.13286472856998444,2238.56502539183,1
0.974,0.15,0.14689984917640686,2195.1150381395964,1
0.974,0.15,0.1790541559457779,1838.2283797824095,1
0.974,0.15,0.21167388558387756,1707.3896079658577,1
0.974,0.15,0.21461938321590424,1656.9728846882279,1
0.974,0.15,0.21107248961925507,1921.266800426179,1
0.974,0.15,0.18539275228977203,2050.8383002937176,1
0.974,0.15,0.18790070712566376,1858.5215516232706,1
0.974,0.15,0.1897631287574768,1921.0724125190968,1
0.974,0.15,0.1804586797952652,1966.9641587756294,1
0.974,0.15,0.17814017832279205,2025.0727109198374,1
0.974,0.15,0.18291334807872772,2005.5451402133062,1
0.974,0.15,0.17722389101982117,2102.700413375392,1
0.974,0.15,0.16819283366203308,2138.9429744267436,1
0.974,0.15,0.166752889752388,2119.062717958199,1
0.974,0.15,0.16715627908706665,2044.093333884155,1
0.974,0.15,0.16603398323059082,2172.3359080905366,1
0.974,0.15,0.16043081879615784,2077.0288299565173,1
0.974,0.15,0.18540526926517487,1893.4185630540228,1
0.974,0.15,0.19486157596111298,1705.3329424659885,1
0.974,0.15,0.18918269872665405,1845.9500469286208,1
0.974,0.15,0.1791173815727234,1931.396706580977,1
0.974,0.15,0.16973137855529785,1935.3688277952665,1
0.974,0.15,0.1660541445016861,2079.178492271326,1
0.974,0.15,0.1555989384651184,2067.829022298728,1
0.974,0.15,0.1582149863243103,2148.577082626611,1
0.974,0.15,0.14811250567436218,2293.3209574970406,1
0.974,0.15,0.14442111551761627,2229.299457283305,1
0.974,0.15,0.140053853392601,2199.8594207918204,1
0.974,0.15,0.14580757915973663,2236.4909902233558,1
0.974,0.15,0.14210955798625946,2225.1491174777975,1
0.974,0.15,0.13932755589485168,2338.7901217362905,1
0.974,0.15,0.13529139757156372,2329.8863880480285,1
0.974,0.15,0.13662903010845184,2311.7835604481147,1
0.974,0.15,0.1346682608127594,2340.0373996429585,1
0.974,0.15,0.12408760190010071,2459.2901309892504,1
0.974,0.15,0.11994367092847824,2504.6712271762644,1
0.974,0.15,0.12239473313093185,2590.6346646724433,1
0.974,0.15,0.11938152462244034,2522.451163903165,1
0.974,0.15,0.11445733159780502,2647.9270000426595,1
0.974,0.15,0.11050624400377274,2698.1211063865594,1
0.974,0.15,0.1117515042424202,2680.2166226157283,1
0.974,0.15,0.10906872898340225,2679.8771482860893,1
0.974,0.15,0.10209719091653824,2771.9580541808405,1
0.974,0.15,0.10196299850940704,2926.5776147711713,1
0.974,0.15,0.10004997998476028,2866.8808129890986,1
0.974,0.15,0.10063627362251282,3016.277885092977,1
0.974,0.15,0.09345348924398422,3038.2614793853236,1
0.974,0.15,0.0948435440659523,2916.3688909709176,1
0.974,0.15,0.09715072065591812,2965.1550361535446,1
0.974,0.15,0.09281382709741592,3010.38087990899,1
0.974,0.15,0.08655709773302078,3192.4506174820385,1
0.974,0.15,0.08810300379991531,3262.966348556939,1
0.974,0.15,0.09058987349271774,3157.084059474585,1
0.974,0.15,0.08581982553005219,3124.447496107263,1
0.974,0.15,0.08152250200510025,3209.670430963135,1
0.974,0.15,0.08496659994125366,3309.675811733285,1
0.974,0.15,0.08454220741987228,3204.496639973494,1
0.974,0.15,0.08004347234964371,3395.715439712776,1
0.974,0.15,0.07659182697534561,3472.8516364611914,1
0.974,0.15,0.07779423892498016,3336.1983232456387,1
0.974,0.15,0.07968530803918839,3364.359622017888,1
0.974,0.15,0.07121841609477997,3517.7391133404176,1
0.974,0.15,0.06852532923221588,3654.944862073397,1
0.974,0.15,0.06960174441337585,3629.0580436096448,1
0.974,0.15,0.06938353925943375,3711.1596955385717,1
0.974,0.15,0.06372242420911789,3832.3771145056635,1
0.974,0.15,0.061867859214544296,3957.5042621885987,1
0.974,0.15,0.06540165841579437,3872.669603339824,1
0.974,0.15,0.06694497168064117,3782.926813761457,1
0.974,0.15,0.06160753592848778,3970.3486870823363,1
0.974,0.15,0.0611632876098156,3973.7751535619486,1
0.974,0.15,0.06048474460840225,4117.304401052212,1
0.974,0.15,0.05791087821125984,4403.195966868498,1
0.974,0.15,0.05307575315237045,4279.604474621764,1
0.974,0.15,0.05240396037697792,4206.6717988042865,1
0.974,0.15,0.05804874002933502,4434.398917513765,1
0.974,0.15,0.051403600722551346,4142.989525016096,1
0.974,0.15,0.05049692094326019,4373.805501348611,1
0.974,0.15,0.05201559513807297,4620.874445004976,1
0.974,0.15,0.05056503415107727,4313.248172258314,1
0.974,0.15,0.04996244236826897,4729.356701204715,1
0.974,0.15,0.0441548191010952,4944.308733805921,1
0.974,0.15,0.04635239392518997,4700.528161250133,1
0.974,0.15,0.04779062792658806,4607.025500793107,1
0.974,0.15,0.044430844485759735,4904.958526887984,1
0.974,0.15,0.04198884218931198,4950.522979550586,1
0.974,0.15,0.04320009425282478,4804.7933026093815,1
0.974,0.15,0.046200867742300034,5080.802006122174,1
0.974,0.15,0.04112439230084419,4978.825569963086,1
0.974,0.15,0.04029581695795059,5055.447410981895,1
0.974,0.15,0.04289241135120392,5326.562398853144,1
0.974,0.15,0.04237093776464462,5086.963965200851,1
0.974,0.15,0.03929123282432556,5249.311750848792,1
0.974,0.15,0.03613241761922836,5264.5445105571935,1
0.974,0.15,0.03796624392271042,5434.069038270668,1
0.974,0.15,0.03609126806259155,5126.129105809876,1
0.974,0.15,0.03558117523789406,5473.708701885552,1
0.974,0.15,0.03413322940468788,5463.906753398682,1
0.974,0.15,0.036196038126945496,5449.851787480401,1
0.974,0.15,0.034910645335912704,5446.229212581817,1
0.974,0.15,0.033156078308820724,5619.554473736107,1
0.974,0.15,0.03409257158637047,5712.830848227521,1
0.974,0.15,0.03289857134222984,5423.674575166364,1
0.974,0.15,0.034576427191495895,5952.051703854261,1
0.974,0.15,0.031116388738155365,5641.838143861154,1
0.974,0.15,0.03206188976764679,5711.313306576657,1
0.974,0.15,0.03463650494813919,6097.7378598740215,1
0.974,0.15,0.03141850605607033,5942.960795917608,1
0.974,0.15,0.030450737103819847,6158.791115734079,1
0.974,0.15,0.03040531650185585,6129.061458664575,1
0.974,0.15,0.031562913209199905,5923.302073332132,1
0.974,0.15,0.030681487172842026,5960.257554910459,1
0.974,0.15,0.02907288819551468,6261.555867511497,1
0.974,0.15,0.030640248209238052,6170.925702730838,1
0.974,0.15,0.029752248898148537,5909.8060550998625,1
0.974,0.15,0.03034762479364872,6151.7843589026625,1
0.974,0.15,0.02824738807976246,6062.191592226847,1
0.974,0.15,0.029166370630264282,6245.548340246943,1
0.974,0.15,0.029508458450436592,6479.281169112811,1
0.974,0.15,0.026512280106544495,6745.250334983108,1
0.974,0.15,0.02492482215166092,6716.849719109139,1
0.974,0.15,0.023163655772805214,6866.744324317353,1
0.974,0.15,0.021604912355542183,7423.065658682173,1
0.974,0.15,0.017579279839992523,7639.142725939647,1
0.974,0.15,0.01648896187543869,7899.496280702062,1
0.974,0.15,0.015746481716632843,8098.846019702265,1
0.974,0.15,0.013970927335321903,8238.905586157556,1
0.974,0.15,0.012845893390476704,8617.239957400256,1
0.974,0.15,0.01151230651885271,8400.242206037346,1
0.974,0.15,0.011538601480424404,8865.370595056336,1
0.974,0.15,0.010334593243896961,9062.261399919547,1
0.974,0.15,0.009396006353199482,9127.833359009897,1
0.974,0.15,0.00895079318434,9382.44700117121,1
0.974,0.15,0.008283632807433605,9198.061888309578,1
0.974,0.15,0.007912995293736458,9724.403721363671,1
0.974,0.15,0.007210230454802513,9786.610407173392,1
0.974,0.15,0.0069505139254033566,9859.537676895154,1
0.974,0.15,0.006523019168525934,9928.442038079746,1
0.974,0.15,0.0062000686302781105,10005.138888633393,1
0.974,0.15,0.005969667807221413,10327.015230798132,1
0.974,0.15,0.005904312711209059,10307.62502481476,1
0.974,0.15,0.005783111788332462,10312.09780060106,1
0.974,0.15,0.0056851268745958805,10426.447670129844,1
0.974,0.15,0.005591497290879488,10578.560806272739,1
0.974,0.15,0.005516399163752794,10348.312721415565,1
0.974,0.15,0.005505391396582127,10231.783741424819,1
0.974,0.15,0.005407086573541164,10552.593738769545,1
0.974,0.15,0.0052596572786569595,10607.479132649369,1
0.974,0.15,0.005184595938771963,10601.477993970595,1
0.974,0.15,0.0052403840236365795,10729.47343251513,1
0.974,0.15,0.0051454524509608746,10618.607586905491,1
0.974,0.15,0.005182736087590456,10548.738541472525,1
0.974,0.15,0.005059606861323118,10653.390649162357,1
0.974,0.15,0.00509270466864109,10655.598875500287,1
0.974,0.15,0.005085192620754242,10538.428891209876,1
0.974,0.15,0.005054389126598835,10590.633079288567,1
0.974,0.15,0.004998681601136923,10651.73837817443,1
0.974,0.15,0.004907352849841118,10674.007748565879,1
0.974,0.15,0.004965453874319792,10885.310264637985,1
0.974,0.15,0.004961187485605478,10985.046217660929,1
0.974,0.15,0.004973431583493948,10906.71455581152,1
0.974,0.15,0.004997843876481056,10889.3483941142,1
0.974,0.15,0.005018103402107954,11157.1432035316,1
0.974,0.15,0.00497958529740572,10963.801027776226,1
0.974,0.15,0.00487434072420001,11154.803900004223,1
0.974,0.15,0.004926355089992285,10949.157468052039,1
0.974,0.15,0.004910072311758995,10630.941834817464,1
0.974,0.15,0.004908726084977388,10692.843529656813,1
0.974,0.15,0.004922540858387947,10644.762075681236,1
0.974,0.15,0.004890380892902613,10846.222923095585,1
0.974,0.15,0.004870497155934572,10698.287349732138,1
0.974,0.15,0.0047874487936496735,10732.422026964983,1
0.974,0.15,0.004795178771018982,10826.824332773147,1
0.974,0.15,0.0048535168170928955,10438.022764873702,1
0.974,0.15,0.004819979425519705,10749.833194680414,1
0.974,0.15,0.004923623520880938,10835.978905355987,1
0.974,0.15,0.004845365881919861,10879.601819953194,1
0.974,0.15,0.004853782709687948,10802.321525732747,1
0.974,0.15,0.004831974394619465,10896.374123979142,1
0.974,0.15,0.004848597105592489,10668.630664706558,1
0.974,0.15,0.004855459555983543,10795.067801100276,1
0.974,0.15,0.0047894129529595375,10928.060185567254,1
0.974,0.15,0.004726377781480551,10940.546182075826,1
0.974,0.15,0.004681526217609644,11113.381854322248,1
0.974,0.15,0.004782029893249273,11120.901818439801,1
0.974,0.15,0.004771105013787746,10688.955495324324,1
0.974,0.15,0.004761068616062403,10791.832714315144,1
0.974,0.15,0.004662724677473307,10706.737534617358,1
0.974,0.15,0.0047063641250133514,10773.306932925036,1
0.974,0.15,0.004774288274347782,10975.215911228785,1
0.974,0.15,0.004739208146929741,11000.23369643464,1
0.974,0.15,0.004770430736243725,11033.028021211494,1
0.974,0.15,0.004747419618070126,10730.54945251878,1
0.974,0.15,0.004781605210155249,10857.17185210063,1
0.974,0.15,0.004786151926964521,11134.827608359588,1
0.974,0.15,0.004807235673069954,10992.615850511462,1
0.974,0.15,0.0047844164073467255,11159.41124762089,1
0.974,0.15,0.004855780396610498,11011.711041407416,1
0.974,0.15,0.004803783725947142,10856.048911121812,1
0.974,0.15,0.004773036111146212,11030.951670134968,1
0.974,0.15,0.004762575030326843,11036.82629540936,1
0.974,0.15,0.00473425816744566,10790.04887367884,1
0.974,0.15,0.004680707585066557,10908.995820837612,1
0.974,0.15,0.004716638475656509,10912.933175453985,1
0.974,0.15,0.00476149981841445,10966.581788250793,1
0.974,0.15,0.0046918014995753765,10848.513346958807,1
0.974,0.15,0.004704334307461977,10832.21638260367,1
0.974,0.15,0.0046961004845798016,10877.993762274313,1
0.974,0.15,0.004748942330479622,10970.35760614221,1
0.974,0.15,0.004802619107067585,11037.763481137486,1
0.974,0.15,0.004747000988572836,10868.556732964254,1
0.974,0.15,0.004714583046734333,10940.89791856741,1
0.974,0.15,0.004715274553745985,11000.2417083651,1
0.974,0.15,0.004774861503392458,10945.873836378218,1
0.974,0.15,0.004831514786928892,10952.432755601772,1
0.974,0.15,0.004850633908063173,11141.081468463537,1
0.974,0.15,0.004836059641093016,10976.774225045394,1
0.974,0.15,0.0047723217867314816,11077.782983079956,1
0.974,0.15,0.004747831262648106,10761.412159915242,1
0.974,0.15,0.004752839915454388,10647.293132809902,1
0.974,0.15,0.004735385533422232,11064.01007857461,1
0.974,0.15,0.004678208380937576,10928.227011146111,1
0.974,0.15,0.004791724495589733,10953.530161457511,1
0.974,0.15,0.004778983537107706,10765.950339953115,1
0.974,0.15,0.004814118146896362,10546.925264005917,1
0.974,0.15,0.004844843875616789,10847.45151574869,1
0.974,0.15,0.0048164427280426025,11059.881040261113,1
0.974,0.15,0.004743256606161594,11049.91425982886,1
0.974,0.15,0.004772729706019163,10841.567910273438,1
0.974,0.15,0.004740735050290823,10674.662318416551,1
0.974,0.15,0.004796996247023344,10853.626862975405,1
0.974,0.15,0.004852050915360451,11209.879119495417,1
0.974,0.15,0.004879896994680166,11347.83331052784,1
0.974,0.15,0.004935649689286947,11159.013217909527,1
0.974,0.15,0.004848957993090153,10947.47536563791,1
0.974,0.15,0.004773468244820833,10699.845376265837,1
0.974,0.15,0.004724571015685797,10787.243594128748,1
0.974,0.15,0.004731915891170502,11113.048233115496,1
0.974,0.15,0.0048094261437654495,11342.541018080976,1
0.974,0.15,0.004759390372782946,10963.194743777149,1
0.974,0.15,0.004713688977062702,11061.229272169687,1
0.974,0.15,0.004663253668695688,11227.200932837612,1
0.974,0.15,0.004598951432853937,10890.76368589573,1
0.974,0.15,0.004613651894032955,11071.339715716142,1
0.974,0.15,0.004648974630981684,10910.466111878963,1
0.974,0.15,0.004735626745969057,10882.231783862302,1
0.974,0.15,0.004763131961226463,10962.021770504807,1
0.974,0.15,0.004728679079562426,10987.283086437063,1
0.974,0.15,0.004675352945923805,11142.197673624367,1
0.974,0.15,0.004678462166339159,11033.578214051977,1
0.974,0.15,0.004738719668239355,11348.138077096328,1
0.974,0.15,0.004811829887330532,11328.202011255431,1
0.974,0.15,0.004806927405297756,11236.981523865017,1
0.974,0.15,0.0047445218078792095,11057.548377870557,1
0.974,0.15,0.004658957477658987,11098.340064526366,1
0.974,0.15,0.004652456846088171,11009.550611210496,1
0.974,0.15,0.004662753082811832,10852.073421185954,1
0.974,0.15,0.0047334907576441765,11112.069748060014,1
0.974,0.15,0.004706461913883686,11160.690159488688,1
0.974,0.15,0.004700864665210247,11166.969251408216,1
0.974,0.15,0.004717668984085321,10900.047898768276,1
0.974,0.15,0.0046552191488444805,10901.500810552505,1
0.974,0.15,0.004707522224634886,11178.805117660682,1
0.974,0.15,0.004712545778602362,11046.863286295447,1
0.974,0.15,0.004779784940183163,10710.430388764702,1
0.974,0.15,0.004764361772686243,10622.648761398174,1
0.974,0.15,0.004731773864477873,10903.233992975658,1
0.974,0.15,0.0046623176895082,11132.1824722043,1
0.974,0.15,0.0046996017917990685,10845.019622195821,1
0.974,0.15,0.004659418482333422,10693.600890758884,1
0.974,0.15,0.004704929422587156,10713.934530534827,1
0.974,0.15,0.0047408645041286945,10927.38022579387,1
0.974,0.15,0.0048090252093970776,10867.482241631433,1
0.974,0.15,0.004874290898442268,10822.301126269907,1
0.974,0.15,0.004794150125235319,11105.41507586901,1
0.974,0.15,0.004714419599622488,11117.284252100855,1
0.974,0.15,0.004675539676100016,11159.936684938464,1
0.974,0.15,0.00465470552444458,11117.014771132588,1
0.974,0.15,0.00464568892493844,10942.895763909506,1
0.974,0.15,0.004705732688307762,10855.81922605492,1
0.974,0.15,0.004748656880110502,10811.56919440368,1
0.974,0.15,0.004766032099723816,11147.348376255897,1
0.974,0.15,0.004680436570197344,11424.486251726408,1
0.974,0.15,0.004646086134016514,11054.612563145994,1
0.974,0.15,0.004633050877600908,10869.89143740544,1
0.974,0.15,0.004677918739616871,10784.010739294505,1
0.974,0.15,0.0046651470474898815,10976.008991747502,1
0.974,0.15,0.004642089828848839,10987.675992020046,1
0.974,0.15,0.004568892531096935,10782.727136543377,1
0.974,0.15,0.004610804840922356,10965.488003883083,1
0.974,0.15,0.0046692886389791965,11160.641941970262,1
0.974,0.15,0.004635612480342388,11185.598885996806,1
0.974,0.15,0.004683131352066994,10899.450330846053,1
0.974,0.15,0.0046903220936656,10942.997500826661,1
0.974,0.15,0.004690042231231928,10961.665473648805,1
0.974,0.15,0.004670978523790836,10993.39995597295,1
0.974,0.15,0.004695730749517679,11286.841807405606,1
0.974,0.15,0.004659866914153099,10910.014186244513,1
0.974,0.15,0.004680592566728592,10780.317271644311,1
0.974,0.15,0.004653641954064369,10969.783716197786,1
0.974,0.15,0.0046314094215631485,11258.453096930107,1
0.974,0.15,0.0045402999967336655,10746.806920449086,1
0.974,0.15,0.004586933646351099,10789.508776588074,1
0.974,0.15,0.004532747436314821,10989.849874207506,1
0.974,0.15,0.004640009254217148,11031.309098475522,1
0.974,0.15,0.00468111177906394,11118.980150000212,1
0.974,0.15,0.004687573295086622,11238.550616845096,1
0.974,0.15,0.00469551095739007,11298.30168347554,1
0.974,0.15,0.004559818189591169,11126.770147646253,1
0.974,0.15,0.004600001964718103,10879.439122521817,1
0.974,0.15,0.004580427892506123,11115.534659817742,1
0.974,0.15,0.004636850208044052,10896.97697937187,1
0.974,0.15,0.004665753338485956,11067.749027189964,1
0.974,0.15,0.004643436521291733,11071.306162095034,1
0.974,0.15,0.004741346463561058,11007.15433665699,1
0.974,0.15,0.004803877789527178,11294.929895809662,1
0.974,0.15,0.004786546342074871,11190.466735178303,1
0.974,0.15,0.004689264111220837,11017.493999960065,1
0.974,0.15,0.004571566358208656,11033.091540618261,1
0.974,0.15,0.004543893970549107,10961.690260039522,1
0.974,0.15,0.004604745656251907,11161.207958245706,1
0.974,0.15,0.004598691593855619,10997.90621268217,1
0.974,0.15,0.004681394901126623,10952.652931103174,1
0.974,0.15,0.004632277879863977,11000.171387904735,1
0.974,0.15,0.004645174834877253,10967.401220537035,1
0.974,0.15,0.004690452944487333,11145.635533103028,1
0.974,0.15,0.004714122973382473,10809.84584834412,1
0.974,0.15,0.004654019605368376,10855.819670622675,1
0.974,0.15,0.004641303326934576,10932.441564165865,1
0.974,0.15,0.004642546642571688,10806.755498505805,1
0.974,0.15,0.004702535457909107,10800.456430847473,1
0.974,0.15,0.00471325870603323,10631.536139065316,1
0.974,0.15,0.00466574914753437,10890.633786331375,1
0.974,0.15,0.004719564691185951,10843.748669681658,1
0.974,0.15,0.0047520799562335014,11050.647272524946,1
0.974,0.15,0.004778620321303606,11194.326708910465,1
0.974,0.15,0.00482150400057435,10954.90351266428,1
0.974,0.15,0.004684849176555872,11127.84446815752,1
0.974,0.15,0.004609564784914255,11177.345292925882,1
0.974,0.15,0.004447314888238907,11202.440974910493,1
0.974,0.15,0.004473530687391758,11204.472386167035,1
0.974,0.15,0.004501931834965944,11130.229674635999,1
0.974,0.15,0.004586654715240002,10910.787297281107,1
0.974,0.15,0.004641764797270298,10956.331222226207,1
0.974,0.15,0.004607527516782284,11132.816584042443,1
0.974,0.15,0.004678032360970974,11075.220252991548,1
0.974,0.15,0.0046055857092142105,11165.997610077935,1
0.974,0.15,0.0047031971625983715,11274.083688474579,1
0.974,0.15,0.004703773185610771,10995.43166070025,1
0.974,0.15,0.004733255598694086,10958.297209843447,1
0.974,0.15,0.004717739298939705,11075.923139947397,1
0.974,0.15,0.004702660720795393,11124.668205348615,1
0.974,0.15,0.004732352215796709,11336.306863299242,1
0.974,0.15,0.004673682153224945,11170.992544072706,1
0.974,0.15,0.004695062525570393,11146.930058257754,1
0.974,0.15,0.0046647898852825165,11109.930843814773,1
0.974,0.15,0.004681304097175598,10976.288072554225,1
0.974,0.15,0.004651527851819992,10869.249141885202,1
0.974,0.15,0.004620236810296774,11020.697017156195,1
0.974,0.15,0.004617137834429741,10894.056340924802,1
0.974,0.15,0.004632869269698858,10953.887189079833,1
0.974,0.15,0.004637765698134899,10754.428640469807,1
0.974,0.15,0.0046587856486439705,10884.074233491274,1
0.974,0.15,0.0046436176635324955,11070.308814954959,1
0.974,0.15,0.004684275481849909,11005.519142311168,1
0.974,0.15,0.004682720638811588,10830.526201687819,1
0.974,0.15,0.004718391690403223,10875.68458899267,1
0.974,0.15,0.004734302870929241,11256.052050958551,1
0.974,0.15,0.004731499589979649,11118.336755297512,1
0.974,0.15,0.004797506611794233,11063.254616484284,1
0.974,0.15,0.004785197786986828,11170.954725221178,1
0.974,0.15,0.004765682853758335,11013.291030263956,1
0.974,0.15,0.0046754502691328526,11094.302110838496,1
0.974,0.15,0.0046798731200397015,11057.058755178145,1
0.974,0.15,0.004686897154897451,11245.591670009637,1
0.974,0.15,0.004748807288706303,11056.272980351616,1
0.974,0.15,0.004671694710850716,10776.381375603029,1
0.974,0.15,0.00459607457742095,11035.708300693297,1
0.974,0.15,0.004571530036628246,11245.710835171856,1
0.974,0.15,0.004618360195308924,11006.557625558627,1
0.974,0.15,0.004704013466835022,11055.447664925558,1
0.974,0.15,0.004740242846310139,11011.018830788233,1
0.974,0.15,0.004695083014667034,11033.332312266888,1
0.974,0.15,0.0046021039597690105,11143.45748171509,1
0.974,0.15,0.004664428997784853,10937.20679925491,1
0.974,0.15,0.004605715628713369,10811.056881520983,1
0.974,0.15,0.004695169162005186,10855.677881824555,1
0.974,0.15,0.0046807280741631985,10947.030193753846,1
0.974,0.15,0.004745733458548784,11017.941973471572,1
0.974,0.15,0.0046719713136553764,11015.183027983687,1
0.974,0.15,0.00460021523758769,11006.549096564495,1
0.974,0.15,0.004618183244019747,11163.80924033565,1
0.974,0.15,0.004645806271582842,11451.285891863734,1
0.974,0.15,0.004711734130978584,11300.463114189793,1
0.974,0.15,0.004744065459817648,11123.749653474595,1
0.974,0.15,0.004745816811919212,10919.843014596823,1
0.974,0.15,0.004710173700004816,11014.118741233822,1
0.974,0.15,0.004730074666440487,10738.015040938404,1
0.974,0.15,0.004737966228276491,10695.388408918896,1
0.974,0.15,0.004743126221001148,10797.769056691775,1
0.974,0.15,0.004708456341177225,10742.0722651664,1
0.974,0.15,0.004635005258023739,11021.417150891759,1
0.974,0.15,0.0046381233260035515,10996.176002327513,1
0.974,0.15,0.00472131185233593,11134.984684006164,1
0.974,0.15,0.004725974518805742,10971.157463014923,1
0.974,0.15,0.004784332122653723,10879.837370822866,1
0.974,0.15,0.004697204101830721,11115.860557006914,1
0.974,0.15,0.004665498621761799,10970.434120305596,1
0.974,0.15,0.004707313608378172,11120.669398686565,1
0.974,0.15,0.0047172438353300095,11111.194068987561,1
0.974,0.15,0.00472003361210227,10966.138193880499,1
0.974,0.15,0.004617723636329174,11287.514261957727,1
0.974,0.15,0.004646447487175465,11059.8206478954,1
0.974,0.15,0.004627283662557602,11013.007724617226,1
0.974,0.15,0.0045938873663544655,11132.390688380274,1
0.974,0.15,0.00467159366235137,10841.708199668146,1
0.974,0.15,0.0045537096448242664,11221.380211097206,1
0.974,0.15,0.004579092841595411,11449.752641979896,1
0.974,0.15,0.004613159690052271,11220.702843682317,1
0.974,0.15,0.00469054514542222,11008.391444004665,1
0.974,0.15,0.004705152008682489,10836.012249833992,1
0.974,0.15,0.004785827826708555,10939.073567057349,1
0.974,0.15,0.004739198833703995,11201.40098083835,1
0.974,0.15,0.004782442003488541,11093.014230763232,1
0.974,0.15,0.004690590314567089,11261.204457327567,1
0.974,0.15,0.004690046422183514,11231.940631015095,1
0.974,0.15,0.00462527247145772,10919.344616933784,1
0.974,0.15,0.0046388073824346066,10866.329009989799,1
0.974,0.15,0.004587853793054819,11030.834479280793,1
0.974,0.15,0.004645584616810083,11108.620426577252,1
0.974,0.15,0.004645287524908781,11164.32486824394,1
0.974,0.15,0.004663232713937759,11153.575554361669,1
0.974,0.15,0.004684136249125004,10876.045275744034,1
0.974,0.15,0.004770565778017044,10842.042398323552,1
0.974,0.15,0.004856502637267113,10810.450888353735,1
0.974,0.15,0.004832049831748009,10876.874380249887,1
0.974,0.15,0.004773059394210577,11135.041501018466,1
0.974,0.15,0.00471471855416894,11038.930585740974,1
0.974,0.15,0.004704759456217289,11042.593176274837,1
0.974,0.15,0.0046484400518238544,10964.679497870502,1
0.974,0.15,0.004705651197582483,10842.934313438658,1
0.974,0.15,0.004707036539912224,10872.270691205673,1
0.974,0.15,0.004714019596576691,10864.585852531083,1
0.974,0.15,0.004680795595049858,10935.97343869174,1
0.974,0.15,0.0046567367389798164,10867.123440477271,1
0.974,0.15,0.004701679106801748,11195.257047120589,1
0.974,0.15,0.004687683191150427,11431.458301270279,1
0.974,0.15,0.004707554820924997,10955.906351228972,1
0.974,0.15,0.004654672462493181,10995.111118082563,1
0.974,0.15,0.004663749597966671,11266.351365135592,1
0.974,0.15,0.004664894659072161,11168.398978140971,1
0.974,0.15,0.004653189331293106,10968.214545587954,1
0.974,0.15,0.0046885572373867035,10859.370247581259,1
0.974,0.15,0.004726135637611151,11043.13017237608,1
0.974,0.15,0.004798825830221176,10937.008174134722,1
0.974,0.15,0.00477055786177516,11158.403065730276,1
0.974,0.15,0.004721104633063078,10985.185754563672,1
0.974,0.15,0.004746602848172188,10723.028640653196,1
0.974,0.15,0.0047466647811234,10843.384565885008,1
0.974,0.15,0.004752804525196552,10739.062684125001,1
0.974,0.15,0.004825260490179062,11037.606618747097,1
0.974,0.15,0.0047865877859294415,10945.081754316487,1
0.974,0.15,0.004754221066832542,11137.472039393302,1
0.974,0.15,0.004752598237246275,11126.207715822435,1
0.974,0.15,0.0047269887290894985,11124.174054354158,1
0.974,0.15,0.004727228078991175,10993.451572165792,1
0.974,0.15,0.0046779196709394455,10948.593087983163,1
0.974,0.15,0.004643145017325878,10941.347999514806,1
0.974,0.15,0.004615392070263624,11007.798637099111,1
0.974,0.15,0.004663415718823671,10978.964859855172,1
0.974,0.15,0.004735336173325777,11142.897954666894,1
0.974,0.15,0.004739495925605297,11197.332098793531,1
0.974,0.15,0.004666666965931654,11008.362886818064,1
0.974,0.15,0.004670688882470131,11101.633604173388,1
0.974,0.15,0.0046783750876784325,10962.638315776945,1
0.974,0.15,0.004655003547668457,11102.215207700641,1
0.974,0.15,0.004750900901854038,11326.441227484784,1
0.974,0.15,0.004715267568826675,11208.404526358314,1
0.974,0.15,0.0047134654596447945,11001.639996311678,1
0.974,0.15,0.004738685674965382,10921.685385047545,1
0.974,0.15,0.004741565324366093,11114.260445589403,1
0.974,0.15,0.004739146679639816,11118.485056201656,1
0.974,0.15,0.0047410340048372746,11105.2260155222,1
0.974,0.15,0.004639309830963612,11070.087525381201,1
0.974,0.15,0.004581913817673922,11122.634370398704,1
0.974,0.15,0.004540806636214256,11128.951536687448,1
0.974,0.15,0.004610702395439148,10870.37517316169,1
0.974,0.15,0.004651691298931837,11025.263248652387,1
0.974,0.15,0.004655349068343639,10903.468797562266,1
0.974,0.15,0.004607503768056631,11108.092904672483,1
0.974,0.15,0.004644631873816252,10935.64699282148,1
0.974,0.15,0.004598655737936497,10837.944774025129,1
0.974,0.15,0.004574460443109274,10852.682285445459,1
0.974,0.15,0.004632156807929277,11040.847029046641,1
0.974,0.15,0.004542181733995676,10809.371906619257,1
0.974,0.15,0.00454113120213151,10724.927493287367,1
0.974,0.15,0.004699635785073042,10746.981432303008,1
0.974,0.15,0.004685382824391127,10940.237623224664,1
0.974,0.15,0.004717351868748665,10898.246280518524,1
0.974,0.15,0.0046882787719368935,11237.409110412356,1
0.974,0.15,0.004693950060755014,10948.161397816779,1
0.974,0.15,0.004618403967469931,10903.976516392984,1
0.974,0.15,0.004709355998784304,11001.278054242448,1
0.974,0.15,0.004617407452315092,10857.231509191122,1
0.974,0.15,0.00465086754411459,10829.383669623265,1
0.974,0.15,0.004642517771571875,11035.28589614456,1
0.974,0.15,0.0046296557411551476,11068.043782645238,1
0.974,0.15,0.004637240432202816,11002.291968691563,1
0.974,0.15,0.004506255965679884,10959.369385483373,1
0.974,0.15,0.00457747420296073,11145.206415649387,1
0.974,0.15,0.004631028976291418,11078.118382291945,1
0.974,0.15,0.0046622431837022305,11158.890217126636,1
0.974,0.15,0.004657297395169735,11366.62730132579,1
0.974,0.15,0.004627493675798178,10967.126561125622,1
0.974,0.15,0.00468006357550621,11104.880942170865,1
0.974,0.15,0.004744275938719511,11191.241526774189,1
0.974,0.15,0.004667232278734446,10954.870089484239,1
0.974,0.15,0.004623229615390301,10929.768895636327,1
0.974,0.15,0.004600567277520895,10757.628868337688,1
0.974,0.15,0.004528810270130634,10753.219865962426,1
0.974,0.15,0.004590049851685762,11035.185191661249,1
0.974,0.15,0.00459028035402298,11234.819293244225,1
0.974,0.15,0.004607878625392914,11170.624650610376,1
0.974,0.15,0.004569662734866142,11247.601741131428,1
0.974,0.15,0.004605761729180813,11034.042637723736,1
0.974,0.15,0.004647808615118265,11065.662484472123,1
0.974,0.15,0.004656902980059385,11121.750202429945,1
0.974,0.15,0.004660696256905794,11053.218675297354,1
0.974,0.15,0.0047575803473591805,11072.856993303161,1
0.974,0.15,0.004746499937027693,11166.18671439957,1
0.974,0.15,0.0048041376285254955,11232.241835411078,1
0.974,0.15,0.004786376375705004,11067.61385930541,1
0.974,0.15,0.004739689640700817,11017.567782471186,1
0.974,0.15,0.004682161379605532,11102.184135567079,1
0.974,0.15,0.004681083373725414,11273.63481894782,1
0.974,0.15,0.004775026813149452,11188.735728685384,1
0.974,0.15,0.004731371067464352,10953.09720378683,1
0.974,0.15,0.004699216689914465,10958.699457178966,1
0.974,0.15,0.0046820370480418205,11059.377707371405,1
0.974,0.15,0.004610263742506504,11143.27765125643,1
0.974,0.15,0.004593177232891321,10878.429214818862,1
0.974,0.15,0.004607874434441328,10753.790601528573,1
0.974,0.15,0.004688099026679993,10781.27023011644,1
0.974,0.15,0.004717990290373564,11101.85087808769,1
0.974,0.15,0.00472344271838665,11114.389470921855,1
0.974,0.15,0.004785845056176186,11083.384372368499,1
0.974,0.15,0.004687214270234108,11020.455369079318,1
0.974,0.15,0.004690154921263456,10939.231224064883,1
0.974,0.15,0.004664070438593626,11043.009535908308,1
0.974,0.15,0.0046815453097224236,10899.234046264395,1
0.974,0.15,0.004631291143596172,10996.319600319646,1
0.974,0.15,0.004678506404161453,11094.738734356157,1
0.974,0.15,0.004685896448791027,11296.466619136343,1
0.974,0.15,0.004773576743900776,11260.134185546764,1
0.974,0.15,0.00482935830950737,11037.936635594217,1
0.974,0.15,0.0048368568532168865,10952.02972486531,1
0.974,0.15,0.004739775322377682,10943.667581532653,1
0.974,0.15,0.004612491931766272,10988.401697725545,1
0.974,0.15,0.004635297693312168,10898.141820581524,1
0.974,0.15,0.00458719814196229,11021.612153951937,1
0.974,0.15,0.004620756488293409,10915.826947058536,1
0.974,0.15,0.004622411914169788,11078.45576810863,1
0.974,0.15,0.004648746456950903,10992.464739314353,1
0.974,0.15,0.004701902624219656,11031.149274375555,1
0.974,0.15,0.004754137247800827,11140.327842809422,1
0.974,0.15,0.004694730509072542,11127.069073245304,1
0.974,0.15,0.004668817389756441,11046.405879523307,1
0.974,0.15,0.004615670070052147,10771.123943873452,1
0.974,0.15,0.004684345331043005,11070.901213260426,1
0.974,0.15,0.00473374780267477,10975.131242332356,1
0.974,0.15,0.0047231935895979404,11015.956686241776,1
0.974,0.15,0.004781766328960657,11308.717560572091,1
0.974,0.15,0.004771430976688862,11129.135399542725,1
0.974,0.15,0.004808685276657343,11054.76443007749,1
0.974,0.15,0.004731555003672838,11378.429005345022,1
0.974,0.15,0.004623857326805592,10905.136488958204,1
0.974,0.15,0.004619788844138384,10888.524516379712,1
0.974,0.15,0.004682730883359909,11002.574825259679,1
0.974,0.15,0.0047198194079101086,11047.799421830478,1
0.974,0.15,0.0046417624689638615,11083.696016857553,1
0.974,0.15,0.004570994526147842,11107.166375315497,1
0.974,0.15,0.004561212845146656,11098.519247892149,1
0.974,0.15,0.0045937430113554,11178.353306139605,1
0.974,0.15,0.004616873804479837,10900.07018385865,1
0.974,0.15,0.0046902671456336975,11020.07850369435,1
0.974,0.15,0.0047320593148469925,11004.95245503051,1
0.974,0.15,0.00477785337716341,10933.247820607336,1
0.974,0.15,0.004733337089419365,10981.754124113111,1
0.974,0.15,0.004795236047357321,11007.613013522965,1
0.974,0.15,0.004715767689049244,10904.93867977077,1
0.974,0.15,0.004779244773089886,10772.825921603851,1
0.974,0.15,0.0047511570155620575,10965.83350026469,1
0.974,0.15,0.004716777708381414,10976.909936298085,1
0.974,0.15,0.004722666926681995,10899.978131781794,1
0.974,0.15,0.004677185323089361,11008.99017030267,1
0.974,0.15,0.004642819985747337,11087.335392122786,1
0.974,0.15,0.0046654632315039635,11129.049811538891,1
0.974,0.15,0.004677625838667154,11174.963379933186,1
0.974,0.15,0.004662392195314169,10837.503657375151,1
0.974,0.15,0.004701934289187193,11003.971946606365,1
0.974,0.15,0.0046351212076842785,10931.492118254655,1
0.974,0.15,0.0046259197406470776,11014.757100358001,1
0.974,0.15,0.004664241336286068,11055.436965536566,1
0.974,0.15,0.004628138616681099,11331.129168418704,1
0.974,0.15,0.00470508961006999,11071.834131855414,1
0.974,0.15,0.004729915875941515,10948.42914189706,1
0.974,0.15,0.004799731075763702,11114.890976893099,1
0.974,0.15,0.004782386124134064,11037.585265264464,1
0.974,0.15,0.004741949960589409,11118.989192374478,1
0.974,0.15,0.0047308276407420635,10899.007932697345,1
0.974,0.15,0.004771288018673658,11169.650574444006,1
0.974,0.15,0.004737343173474073,11134.335032129067,1
0.974,0.15,0.004713238216936588,11114.45018259662,1
0.974,0.15,0.004715248942375183,11346.937548291557,1
0.974,0.15,0.004713760688900948,11114.791055206904,1
0.974,0.15,0.004651453346014023,11111.436973968202,1
0.974,0.15,0.004573469515889883,11006.461254213438,1
0.974,0.15,0.004639505874365568,11042.678515151962,1
0.974,0.15,0.0046004606410861015,11000.802555113012,1
0.974,0.15,0.004723941907286644,10962.63790098153,1
0.974,0.15,0.00473122438415885,10990.759879216099,1
0.974,0.15,0.004597680643200874,10986.300999575513,1
0.974,0.15,0.004623454064130783,11018.553198423408,1
0.974,0.15,0.004541889764368534,11157.921729244612,1
0.974,0.15,0.004584771115332842,11078.798271711194,1
0.974,0.15,0.004664709325879812,11163.48795076672,1
0.974,0.15,0.004742567427456379,11099.71989036277,1
0.974,0.15,0.00467511685565114,11079.8562118167,1
0.974,0.15,0.004737506154924631,11049.741145698288,1
0.974,0.15,0.004731293767690659,10949.292780710768,1
0.974,0.15,0.004797776695340872,10997.939220338143,1
0.974,0.15,0.004797702189534903,10879.796546389429,1
0.974,0.15,0.004729052539914846,11027.657772201836,1
0.974,0.15,0.004616566933691502,10956.273893876145,1
0.974,0.15,0.004607833921909332,10976.582575619721,1
0.974,0.15,0.0046370201744139194,10894.726925167724,1
0.974,0.15,0.004614857956767082,10839.530226335293,1
0.974,0.15,0.004638767801225185,10929.324969318146,1
0.974,0.15,0.004644467961043119,10845.462483680813,1
0.974,0.15,0.00460986141115427,10985.483612786586,1
0.974,0.15,0.004665225278586149,11008.590814621663,1
0.974,0.15,0.004663543775677681,11047.819812343057,1
0.974,0.15,0.004672145005315542,10908.7432822796,1
0.974,0.15,0.004676269832998514,11075.064074390122,1
0.974,0.15,0.004587497096508741,10863.433800692472,1
0.974,0.15,0.004556771367788315,11127.82341455184,1
0.974,0.15,0.004616795107722282,10999.248590996442,1
0.974,0.15,0.004671033937484026,11050.941060011988,1
0.974,0.15,0.0047080013900995255,11137.986607660076,1
0.974,0.15,0.004636099562048912,11242.557657334264,1
0.974,0.15,0.004646209999918938,11004.622466673682,1
0.974,0.15,0.00460983719676733,11001.135227187253,1
0.974,0.15,0.004663744941353798,11062.493678082767,1
0.974,0.15,0.004643402993679047,11080.017073716648,1
0.974,0.15,0.004592378158122301,11384.243810811917,1
0.974,0.15,0.004606077913194895,10944.117893178336,1
0.974,0.15,0.0045488267205655575,10814.894059281547,1
0.974,0.15,0.004563921596854925,11233.655350024583,1
0.974,0.15,0.004622094798833132,11191.399592718833,1
0.974,0.15,0.004641171079128981,10777.512426497,1
0.974,0.15,0.0047052884474396706,10755.616818070679,1
0.974,0.15,0.004752018954604864,10819.01284913476,1
0.974,0.15,0.004764283075928688,10872.379058740864,1
0.974,0.15,0.004793621599674225,10947.539850383575,1
0.974,0.15,0.0048216599971055984,10982.295892557824,1
0.974,0.15,0.004738710820674896,10971.127294411468,1
0.974,0.15,0.004658220801502466,10931.444224049652,1
0.974,0.15,0.004565945826470852,11274.731192736646,1
0.974,0.15,0.004556316416710615,11242.8830007172,1
0.974,0.15,0.004607754293829203,11274.622632336655,1
0.974,0.15,0.0046295239590108395,11213.340049001245,1
0.974,0.15,0.004540551919490099,11034.850835868352,1
0.974,0.15,0.004676566459238529,10900.835332958595,1
0.974,0.15,0.004661604296416044,11045.748688128722,1
0.974,0.15,0.0046792044304311275,10970.526986461386,1
0.974,0.15,0.004609263967722654,11069.824897447941,1
0.974,0.15,0.0045309364795684814,10879.970751564037,1
0.974,0.15,0.004562755115330219,10972.092084531218,1
0.974,0.15,0.00458528520539403,11129.76715401394,1
0.974,0.15,0.00466736126691103,10859.474919374261,1
0.974,0.15,0.004695940297096968,10862.718218163845,1
0.974,0.15,0.004738332703709602,10949.395016465593,1
0.974,0.15,0.0047344001941382885,11049.004117454686,1
0.974,0.15,0.004671252798289061,11277.404150993494,1
0.974,0.15,0.0046865143813192844,11138.4817881791,1
0.974,0.15,0.004675777163356543,11231.52262412534,1
0.974,0.15,0.004692960996180773,11142.38527696738,1
0.974,0.15,0.004686232656240463,11035.178700162529,1
0.974,0.15,0.004613216500729322,11233.812718615156,1
0.974,0.15,0.00458231708034873,11226.203398383797,1
0.974,0.15,0.004624865483492613,11044.51461415182,1
0.974,0.15,0.0047037736512720585,11156.868821510228,1
0.974,0.15,0.004666117485612631,11118.343212634103,1
0.974,0.15,0.004593001678586006,11050.82814262809,1
0.974,0.15,0.004586002789437771,11075.403198655666,1
0.974,0.15,0.004661621060222387,10931.41234277164,1
0.974,0.15,0.004742147400975227,10803.490468481174,1
0.974,0.15,0.0047471169382333755,10951.33925234356,1
0.974,0.15,0.004776393063366413,10965.855977583566,1
0.974,0.15,0.004716021474450827,10883.21249677179,1
0.974,0.15,0.004678262397646904,11054.334908088978,1
0.974,0.15,0.0046456498093903065,11107.661895609093,1
0.974,0.15,0.004703955724835396,10935.49139807081,1
0.974,0.15,0.004730680026113987,10959.218695095144,1
0.974,0.15,0.004757069516927004,11104.195584577246,1
0.974,0.15,0.004680050536990166,11001.201402822984,1
0.974,0.15,0.004630446899682283,11222.292336873094,1
0.974,0.15,0.004587579518556595,11292.037968075078,1
0.974,0.15,0.004628634545952082,11110.771823737445,1
0.974,0.15,0.004652649629861116,11018.036501401359,1
0.974,0.15,0.004738848190754652,10941.712468269048,1
0.974,0.15,0.0048006195574998856,11039.995659009628,1
0.974,0.15,0.004793201107531786,10966.90708828655,1
0.974,0.15,0.004727349150925875,10961.991600955784,1
0.974,0.15,0.004657270852476358,10908.454872618577,1
0.974,0.15,0.004663664847612381,11050.711715844689,1
0.974,0.15,0.0046676527708768845,10923.834409575193,1
0.974,0.15,0.004631916526705027,11129.427476117564,1
0.974,0.15,0.0047174920327961445,11196.878091100236,1
0.974,0.15,0.004751723259687424,10959.983668529061,1
0.974,0.15,0.004780320450663567,10782.161315284857,1
0.974,0.15,0.004838236607611179,10994.574568524251,1
0.974,0.15,0.004733410198241472,11125.836896117662,1
0.974,0.15,0.0046827532351017,11191.262916502525,1
0.974,0.15,0.004564409609884024,10978.706100292993,1
0.974,0.15,0.004602639935910702,11013.39069615548,1
0.974,0.15,0.004619585815817118,11054.244744238837,1
0.974,0.15,0.004735636059194803,11078.647539590493,1
0.974,0.15,0.004717070609331131,10921.115881240918,1
0.974,0.15,0.004658935591578484,11174.226644353488,1
0.974,0.15,0.004658653400838375,11099.751924925742,1
0.974,0.15,0.004616571124643087,11164.100089359761,1
0.974,0.15,0.004644154105335474,11011.092582836074,1
0.974,0.15,0.004655595403164625,11023.069148961065,1
0.974,0.15,0.004707935731858015,10824.140648711138,1
0.974,0.15,0.004619831684976816,10986.560163731094,1
0.974,0.15,0.004549665842205286,11058.107575100154,1
0.974,0.15,0.004589220974594355,10849.70765139508,1
0.974,0.15,0.004640864208340645,10983.905664245329,1
0.974,0.15,0.004709890112280846,11009.05090111208,1
0.974,0.15,0.0047530727460980415,10805.844420732094,1
0.974,0.15,0.004789069760590792,10944.51067816514,1
0.974,0.15,0.0047978563234210014,10845.033001651627,1
0.974,0.15,0.00482462951913476,10831.55557239142,1
0.974,0.15,0.004800011403858662,10929.117743755636,1
0.974,0.15,0.004801916424185038,11182.458587502882,1
0.974,0.15,0.004790986888110638,10880.716671537324,1
0.974,0.15,0.004852325189858675,11012.784300678848,1
0.974,0.15,0.00485518341884017,10881.775091150947,1
0.974,0.15,0.0048174564726650715,11131.071927565497,1
0.974,0.15,0.00479479692876339,11096.760352396703,1
0.974,0.15,0.004783686250448227,10932.914862349782,1
0.974,0.15,0.004747843369841576,11089.065600609709,1
0.974,0.15,0.004706690087914467,11076.628383378382,1
0.974,0.15,0.004729174077510834,11033.893984991453,1
0.974,0.15,0.004653756506741047,10860.2472576325,1
0.974,0.15,0.004747881554067135,10985.929352244475,1
0.974,0.15,0.004655052442103624,11101.29947190809,1
0.974,0.15,0.004637868143618107,10925.78981258403,1
0.974,0.15,0.004556306637823582,10845.782043620005,1
0.974,0.15,0.0046542673371732235,10941.681544623903,1
0.974,0.15,0.004677910823374987,10988.046755916634,1
0.974,0.15,0.0046512410044670105,10979.056830107773,1
0.974,0.15,0.004706829786300659,10893.676548736536,1
0.974,0.15,0.00466900272294879,11129.250647753119,1
0.974,0.15,0.004730856511741877,11180.239861248077,1
0.974,0.15,0.004733269568532705,10984.79587079308,1
0.974,0.15,0.004682097118347883,11206.026471467881,1
0.974,0.15,0.004594129044562578,11286.078598229842,1
0.974,0.15,0.004657515790313482,11224.477564434694,1
0.974,0.15,0.0046453275717794895,11038.191722080603,1
0.974,0.15,0.004699120298027992,10807.737242107894,1
0.974,0.15,0.0046391538344323635,11054.90161927163,1
0.974,0.15,0.004624441731721163,11069.8036200669,1
0.974,0.15,0.004515030886977911,10882.82190413032,1
0.974,0.15,0.004480032715946436,11042.574012165227,1
0.974,0.15,0.004644982051104307,11353.649920461108,1
0.974,0.15,0.004758219234645367,11267.39969331526,1
0.974,0.15,0.004760418087244034,10967.249443177272,1
0.974,0.15,0.004755212459713221,10840.33552470772,1
0.974,0.15,0.00468670716509223,10960.586647305718,1
0.974,0.15,0.004708235617727041,10953.348595030704,1
0.974,0.15,0.004726301413029432,11046.928641317412,1
0.974,0.15,0.004691847134381533,11072.30144442856,1
0.974,0.15,0.004677596502006054,10944.115968795575,1
0.974,0.15,0.00468492042273283,10952.656344055646,1
0.974,0.15,0.004624013788998127,11212.977017844842,1
0.974,0.15,0.004680450074374676,11263.397309849148,1
0.974,0.15,0.004654310178011656,11141.642436063867,1
0.974,0.15,0.004632522352039814,10985.426057306386,1
0.974,0.15,0.0046774279326200485,10938.952030077782,1
0.974,0.15,0.004679990001022816,11164.130207026437,1
0.974,0.15,0.004707503132522106,11157.191727559446,1
0.974,0.15,0.004694080911576748,11138.73083990317,1
0.974,0.15,0.004665575455874205,11337.699614434898,1
0.974,0.15,0.0045807212591171265,10997.996818721429,1
0.974,0.15,0.0045492141507565975,11231.407552439501,1
0.974,0.15,0.004626914858818054,11143.610025251171,1
0.974,0.15,0.004768800921738148,11078.322882654407,1
0.974,0.15,0.0047777872532606125,11158.046052665224,1
0.974,0.15,0.004762365948408842,11151.431398495675,1
0.974,0.15,0.004595182370394468,11054.87892678655,1
0.974,0.15,0.004616107791662216,11031.820181998957,1
0.974,0.15,0.004664397798478603,11194.663005832765,1
0.974,0.15,0.004713630303740501,11020.359145822871,1
0.974,0.15,0.00468515744432807,11387.516919839738,1
0.974,0.15,0.004611237905919552,11324.629326355338,1
0.974,0.15,0.004687372595071793,11030.675463103391,1
0.974,0.15,0.004584085661917925,10995.183241645314,1
0.974,0.15,0.004505506716668606,10913.36587733352,1
0.974,0.15,0.004491236060857773,11004.179442897945,1
0.974,0.15,0.0045965928584337234,11268.768748699975,1
0.974,0.15,0.004634654149413109,10921.11830427682,1
0.974,0.15,0.004662281833589077,10867.060918269392,1
0.974,0.15,0.0046142772771418095,11235.141555152863,1
0.974,0.15,0.004613833036273718,11257.885709990027,1
0.974,0.15,0.004720777738839388,10879.438510381258,1
0.974,0.15,0.00468485290184617,10800.443943466784,1
0.974,0.15,0.0046868701465427876,10797.378208808237,1
0.974,0.15,0.004710000939667225,11009.956092539469,1
0.974,0.15,0.004719274118542671,11152.791456851497,1
0.974,0.15,0.0047117359936237335,10853.84263480457,1
0.974,0.15,0.004612557124346495,10959.487001839148,1
0.974,0.15,0.004667052999138832,11095.080234763735,1
0.974,0.15,0.0046226028352975845,11060.69558175895,1
0.974,0.15,0.004680675454437733,11038.615293563065,1
0.974,0.15,0.004604683723300695,11011.907833408466,1
0.974,0.15,0.004566430579870939,10999.682561767539,1
0.974,0.15,0.004614769481122494,11168.992917005155,1
0.974,0.15,0.004642165265977383,11294.033589530445,1
0.974,0.15,0.004751346539705992,11030.718117601516,1
0.974,0.15,0.004680268466472626,11051.864850162405,1
0.974,0.15,0.0047238664701581,11251.583612129514,1
0.974,0.15,0.004725444596260786,10884.976829212897,1
0.974,0.15,0.004764643497765064,11058.588187180332,1
0.974,0.15,0.004672188777476549,11036.081669874548,1
0.974,0.15,0.004618920851498842,10839.164708016477,1
0.974,0.15,0.00446884473785758,10969.227809990323,1
0.974,0.15,0.00451319944113493,11140.815186564603,1
0.974,0.15,0.004637472797185183,11293.465371113349,1
0.974,0.15,0.004668825305998325,11157.234746672984,1
0.974,0.15,0.0046607558615505695,10902.122735218136,1
0.974,0.15,0.004591234028339386,10948.395478284187,1
0.974,0.15,0.004549526143819094,10900.225365923136,1
0.974,0.15,0.004626655951142311,10749.94173292214,1
0.974,0.15,0.00466411467641592,11068.556753269637,1
0.974,0.15,0.004691924899816513,11119.254863202506,1
0.974,0.15,0.004701285623013973,11099.235451179225,1
0.974,0.15,0.004690838512033224,11169.32308695226,1
0.974,0.15,0.0047347513027489185,11255.702044555113,1
0.974,0.15,0.004617357160896063,11386.938232968752,1
0.974,0.15,0.004691549576818943,11070.85623057462,1
0.974,0.15,0.004668539389967918,11082.808858893743,1
0.974,0.15,0.004681214690208435,10973.328838603924,1
0.974,0.15,0.004695888143032789,10912.962503929572,1
0.974,0.15,0.004645954351872206,11050.268159628005,1
0.974,0.15,0.00471032178029418,10966.377550062873,1
0.974,0.15,0.0047682239674031734,11031.952740448225,1
0.974,0.15,0.004644489847123623,10976.893018365543,1
0.974,0.15,0.004641263745725155,11018.402396081648,1
0.974,0.15,0.004580798093229532,11082.001916752404,1
0.974,0.15,0.004669223912060261,11067.326094973305,1
0.974,0.15,0.004684715997427702,11000.639635477546,1
0.974,0.15,0.004699224606156349,11158.958087621191,1
0.974,0.15,0.004715930204838514,11416.491968078117,1
0.974,0.15,0.004628715105354786,11254.910329024067,1
0.974,0.15,0.004612630698829889,11078.73677964689,1
0.974,0.15,0.00462145684286952,11103.551988310855,1
0.974,0.15,0.004628445487469435,11196.613923348468,1
0.974,0.15,0.004664129111915827,11051.137012160665,1
0.974,0.15,0.004624647554010153,11062.68307816437,1
0.974,0.15,0.004660353995859623,11285.63137756842,1
0.974,0.15,0.004703466780483723,11075.636311073235,1
0.974,0.15,0.004749609623104334,11086.366051840432,1
0.974,0.15,0.004702582955360413,11269.082757141976,1
0.974,0.15,0.004711611662060022,11144.366802114153,1
0.974,0.15,0.004628990776836872,11009.824818301968,1
0.974,0.15,0.004573517944663763,11119.269801200619,1
0.974,0.15,0.004671282600611448,10828.328749826156,1
0.974,0.15,0.00461112754419446,10852.75267324088,1
0.974,0.15,0.00469434866681695,11019.545545026642,1
0.974,0.15,0.0046494342386722565,10940.779267899203,1
0.974,0.15,0.004665672313421965,10920.394100682299,1
0.974,0.15,0.004596320446580648,11087.734700844067,1
0.974,0.15,0.004611338023096323,10843.80647584447,1
0.974,0.15,0.00459336070343852,11028.395628452989,1
0.974,0.15,0.0047260429710149765,11363.434018834128,1
0.974,0.15,0.004788887221366167,11206.552043662447,1
0.974,0.15,0.004828664008527994,11144.520244072712,1
0.974,0.15,0.004716768860816956,11098.84407403649,1
0.974,0.15,0.004720175173133612,10948.093564720506,1
0.974,0.15,0.004583562724292278,10737.78579603957,1
0.974,0.15,0.004507708363234997,11089.600381250952,1
0.974,0.15,0.004640933591872454,10997.147695174383,1
0.974,0.15,0.0046666767448186874,10695.486604673442,1
0.974,0.15,0.004670561756938696,10825.605873511087,1
0.974,0.15,0.004626463167369366,11144.653976519501,1
0.974,0.15,0.004536618012934923,11283.215698678177,1
0.974,0.15,0.004614225123077631,10995.664530797756,1
0.974,0.15,0.0046731275506317616,10882.404563384733,1
0.974,0.15,0.004654792603105307,10998.695227057324,1
0.974,0.15,0.004727552179247141,11105.872627026285,1
0.974,0.15,0.004672630224376917,11031.133396133482,1
0.974,0.15,0.004675057251006365,11072.369156176654,1
0.974,0.15,0.004600916523486376,11044.641451132964,1
0.974,0.15,0.0046073938719928265,11008.788951716948,1
0.974,0.15,0.004608849994838238,11142.91472008115,1
0.974,0.15,0.004629611968994141,10949.95685548736,1
0.974,0.15,0.004628417547792196,11123.164315352322,1
0.974,0.15,0.004669826477766037,11007.487508460166,1
0.974,0.15,0.00466768816113472,10909.344976799639,1
0.974,0.15,0.004755680449306965,10918.45051570888,1
0.974,0.15,0.004709087777882814,10711.65772659844,1
0.974,0.15,0.004741062875837088,10879.108583269124,1
0.974,0.15,0.0045319837518036366,11116.355503658498,1
0.974,0.15,0.0045033469796180725,11278.169650294161,1
0.974,0.15,0.004581223241984844,11158.63479818803,1
0.974,0.15,0.00463452422991395,10907.50169041503,1
0.974,0.15,0.0047173225320875645,10987.873283226987,1
0.974,0.15,0.0047195120714604855,11020.210651633648,1
0.974,0.15,0.004673350136727095,10997.770206741196,1
0.974,0.15,0.0046847728081047535,11188.197146606472,1
0.974,0.15,0.004767268896102905,11117.416157092219,1
0.974,0.15,0.004787088371813297,11033.93259652247,1
0.974,0.15,0.004738779738545418,10970.483234802174,1
0.974,0.15,0.004764047916978598,10955.829103550528,1
0.974,0.15,0.004708032589405775,11126.17978757727,1
0.974,0.15,0.0046804556623101234,11045.487652994962,1
0.974,0.15,0.004598318133503199,11182.668930791515,1
0.974,0.15,0.004548732191324234,11130.907774915082,1
0.974,0.15,0.004654362332075834,11122.560496731458,1
0.974,0.15,0.004647009540349245,11101.573764364386,1
0.974,0.15,0.00458869244903326,11379.624394752545,1
0.974,0.15,0.004516108427196741,11280.390905282964,1
0.974,0.15,0.004486696794629097,10864.620007148129,1
0.974,0.15,0.004501829855144024,11371.137033862246,1
0.974,0.15,0.004625169560313225,11141.41235072288,1
0.974,0.15,0.0046457527205348015,10935.163154476533,1
0.974,0.15,0.00465431297197938,10988.8334638728,1
0.974,0.15,0.004662192892283201,10941.684002003014,1
0.974,0.15,0.00465867156162858,10874.175643632841,1
0.974,0.15,0.0046440851874649525,10970.22920197537,1
0.974,0.15,0.004674740135669708,10841.622538571813,1
0.974,0.15,0.004614794161170721,10871.511790326162,1
0.974,0.15,0.0045058755204081535,11121.448626452322,1
0.974,0.15,0.004552982281893492,11261.70482650356,1
0.974,0.15,0.0046183704398572445,10865.387205267732,1
0.974,0.15,0.004660412203520536,11028.150471987885,1
0.974,0.15,0.004745034035295248,10938.317504126937,1
0.974,0.15,0.004723285790532827,11096.067487970402,1
0.974,0.15,0.004722400568425655,11102.84650515619,1
0.974,0.15,0.004649709910154343,11170.107340070344,1
0.974,0.15,0.004630885552614927,10819.401466329413,1
0.974,0.15,0.004561471287161112,10903.290148945202,1
0.974,0.15,0.004546748008579016,10972.852508313465,1
0.974,0.15,0.004595347214490175,11093.44299343691,1
0.974,0.15,0.004705337807536125,11065.576036502704,1
0.974,0.15,0.004738227464258671,11195.7434539067,1
0.974,0.15,0.0047039673663675785,11093.258488432777,1
0.974,0.15,0.004641350358724594,11030.335179815806,1
0.974,0.15,0.00458006514236331,11014.145661614824,1
0.974,0.15,0.004651335068047047,10918.786015956448,1
0.974,0.15,0.004708265885710716,10637.139429391777,1
0.974,0.15,0.004683167673647404,11138.957774697596,1
0.974,0.15,0.004569254815578461,11208.235387397635,1
0.974,0.15,0.004548033699393272,11279.083140761133,1
0.974,0.15,0.0046192617155611515,11257.644453650497,1
0.974,0.15,0.004730109591037035,10978.254733460895,1
0.974,0.15,0.004724536556750536,11121.987785102763,1
0.974,0.15,0.0046993438154459,10924.535866252474,1
0.974,0.15,0.004741241689771414,11079.227097040992,1
0.974,0.15,0.004616466350853443,11249.48263197026,1
0.974,0.15,0.004643198102712631,11275.455979893319,1
0.974,0.15,0.0047249868512153625,10945.080353016485,1
0.974,0.15,0.004630688577890396,10804.57383998476,1
0.974,0.15,0.004742261953651905,10962.297480751193,1
0.974,0.15,0.004631809424608946,11233.213529228273,1
0.974,0.15,0.004560398403555155,11247.8360877478,1
0.974,0.15,0.0045632971450686455,11336.79810826021,1
0.974,0.15,0.004673757590353489,11203.822757143385,1
0.974,0.15,0.004663849249482155,11037.286701707488,1
0.974,0.15,0.004726465791463852,10686.916030129336,1
0.974,0.15,0.0046610599383711815,10940.339041074356,1
0.974,0.15,0.004612780176103115,10924.666215283294,1
0.974,0.15,0.004602290224283934,11032.464204882732,1
0.974,0.15,0.0046338592655956745,11131.584563835768,1
0.974,0.15,0.004746933002024889,10841.667395797045,1
0.974,0.15,0.004715438932180405,11047.838940772437,1
0.974,0.15,0.004742719233036041,11096.974517840757,1
0.974,0.15,0.004712679889053106,11135.896525980726,1
0.974,0.15,0.004764279816299677,11147.01927201317,1
0.974,0.15,0.004709926899522543,11234.550886253266,1
0.974,0.15,0.004728967789560556,10876.747746825527,1
0.974,0.15,0.00471351807937026,11070.164312159026,1
0.974,0.15,0.004698677454143763,11169.782283877017,1
0.974,0.15,0.004692660644650459,11118.113463561733,1
0.974,0.15,0.00461409380659461,11160.256914278365,1
0.974,0.15,0.004689038265496492,11413.51650428572,1
0.974,0.15,0.004617976490408182,11261.688019708174,1
0.974,0.15,0.004672666545957327,11122.974851307343,1
0.974,0.15,0.004661062266677618,10950.214240776231,1
0.974,0.15,0.004560207948088646,10926.742790672244,1
0.974,0.15,0.004629749339073896,11119.062636407554,1
0.974,0.15,0.004581040237098932,11052.484359163793,1
0.974,0.15,0.0046279034577310085,11003.19500412708,1
0.974,0.15,0.004666997119784355,11008.469435873332,1
0.974,0.15,0.004656892269849777,11032.609819388561,1
0.974,0.15,0.00466878293082118,11150.772339996849,1
0.974,0.15,0.0046994248405098915,11041.699802697214,1
0.974,0.15,0.004645903594791889,10990.642924136784,1
0.974,0.15,0.004678261466324329,11240.491896031095,1
0.974,0.15,0.004602442029863596,10957.408308775855,1
0.974,0.15,0.004634619224816561,11053.778941475202,1
0.974,0.15,0.004694055765867233,11233.07652454551,1
0.974,0.15,0.00473955599591136,11218.869345354346,1
0.974,0.15,0.004794503562152386,11080.021888261519,1
0.974,0.15,0.0047010388225317,10922.457851233534,1
0.974,0.15,0.0047487071715295315,10918.396437398722,1
0.974,0.15,0.004679085686802864,10895.40920022933,1
0.974,0.15,0.004610447678714991,11145.644218549824,1
0.974,0.15,0.004668063949793577,11037.589354463998,1
0.974,0.15,0.004761858377605677,10901.215272111742,1
0.974,0.15,0.004761743824928999,11172.854202702223,1
0.974,0.15,0.004784136079251766,11255.361503733846,1
0.974,0.15,0.00470045767724514,11021.134192856738,1
0.974,0.15,0.004671940114349127,11190.923488329852,1
0.974,0.15,0.004756381269544363,10970.306398436001,1
0.974,0.15,0.004726138431578875,10669.751081067763,1
0.974,0.15,0.004641432780772448,10968.09380479265,1
0.974,0.15,0.004622895270586014,11197.249922756851,1
0.974,0.15,0.004609399009495974,11057.586417286417,1
0.974,0.15,0.004668652079999447,10824.908803997838,1
0.974,0.15,0.004608842544257641,11014.686216304563,1
0.974,0.15,0.004635540768504143,11077.499553441949,1
0.974,0.15,0.004644164349883795,11077.97357515867,1
0.974,0.15,0.004704274702817202,11088.810640470323,1
0.974,0.15,0.0046869805082678795,10970.860462976649,1
0.974,0.15,0.004695261362940073,10982.80880943823,1
0.974,0.15,0.004688129294663668,11062.078358742023,1
0.974,0.15,0.00456974795088172,11181.924868477787,1
0.974,0.15,0.004608182702213526,11019.296786463214,1
0.974,0.15,0.004555185791105032,11082.37578558407,1
0.974,0.15,0.0044165668077766895,10932.433020453009,1
0.974,0.15,0.0044843656942248344,10948.12550294908,1
0.974,0.15,0.004565421491861343,10981.237889876127,1
0.974,0.15,0.004583169240504503,10823.536330326737,1
0.974,0.15,0.004675104282796383,11067.195531054593,1
0.974,0.15,0.004688213113695383,11225.427745619287,1
0.974,0.15,0.004693286027759314,11292.155857340802,1
0.974,0.15,0.004668735433369875,11142.52854048905,1
0.974,0.15,0.004592354409396648,11209.085065626059,1
0.974,0.15,0.00454151863232255,11115.019762240921,1
0.974,0.15,0.004586249589920044,10797.442087195574,1
0.974,0.15,0.004576325416564941,11028.781029928508,1
0.974,0.15,0.004721500910818577,11150.449565086918,1
0.974,0.15,0.00464916555210948,11127.601058991024,1
0.974,0.15,0.004618070553988218,11288.477018983762,1
0.974,0.15,0.004554175306111574,11152.010446805498,1
0.974,0.15,0.004584929905831814,10983.458420856892,1
0.974,0.15,0.004631344228982925,10977.428110405534,1
0.974,0.15,0.004639570135623217,11149.110378832669,1
0.974,0.15,0.004609915893524885,11204.704570531128,1
0.974,0.15,0.004585709422826767,10972.218859720186,1
0.974,0.15,0.004676799289882183,11036.687465750147,1
0.974,0.15,0.004664704669266939,11007.225486266207,1
0.974,0.15,0.0046407561749219894,10921.558216353176,1
0.974,0.15,0.004562209825962782,11202.057771043557,1
0.974,0.15,0.004440301563590765,11306.299629626701,1
0.974,0.15,0.004400582984089851,11060.86262509735,1
0.974,0.15,0.004485392477363348,11092.385215099066,1
0.974,0.15,0.004496098030358553,11140.05407660894,1
0.974,0.15,0.004625881090760231,10927.32152504523,1
0.974,0.15,0.004615230485796928,10967.031978615218,1
0.974,0.15,0.004561571404337883,11083.942904509955,1
0.974,0.15,0.004505820572376251,11006.553287095214,1
0.974,0.15,0.004531529266387224,11070.592322171098,1
0.974,0.15,0.004587814211845398,11293.540533016298,1
0.974,0.15,0.0047143492847681046,11079.489951643964,1
0.974,0.15,0.004851736593991518,11007.444340715458,1
0.974,0.15,0.004853724967688322,10915.943539529233,1
0.974,0.15,0.004833067301660776,10785.36790726355,1
0.974,0.15,0.004776388872414827,10930.068906479244,1
0.974,0.15,0.004668119829148054,11018.904113126307,1
0.974,0.15,0.0046859486028552055,10839.196021052861,1
0.974,0.15,0.004747254773974419,10939.086470461627,1
0.974,0.15,0.004663562402129173,11038.088536844114,1
0.974,0.15,0.0046196491457521915,10910.632955278743,1
0.974,0.15,0.004562032874673605,11065.872053616778,1
0.974,0.15,0.004525617230683565,10958.635185295863,1
0.974,0.15,0.004493044223636389,11033.558191057447,1
0.974,0.15,0.004516032058745623,11125.827199592248,1
0.974,0.15,0.004600848536938429,11256.129048365734,1
0.974,0.15,0.004586166236549616,11157.18004771308,1
0.974,0.15,0.004633045289665461,11116.647754947413,1
0.974,0.15,0.004672823008149862,11160.028532725095,1
0.974,0.15,0.004718554671853781,11126.781539375297,1
0.974,0.15,0.004788428079336882,11006.061642664983,1
0.974,0.15,0.004771850071847439,11110.285381496913,1
0.974,0.15,0.004848042037338018,11111.640565099908,1
0.974,0.15,0.004791866056621075,11236.083305183638,1
0.974,0.15,0.004797141067683697,11298.63626544423,1
0.974,0.15,0.0046838996931910515,11220.654946378896,1
0.974,0.15,0.004578474909067154,10878.844843891136,1
0.974,0.15,0.004597384016960859,10890.24772594939,1
0.974,0.15,0.00459350785240531,11185.71236586454,1
0.974,0.15,0.004687024280428886,11331.646259793624,1
0.974,0.15,0.004648251459002495,11126.268532068658,1
0.974,0.15,0.004708018619567156,11073.956464808045,1
0.974,0.15,0.004664973355829716,11110.067255113676,1
0.974,0.15,0.0046764155849814415,11133.863467250456,1
0.974,0.15,0.004645452369004488,10953.141683150548,1
0.974,0.15,0.0047067515552043915,11247.97096359294,1
0.974,0.15,0.004782878328114748,11227.895595321506,1
0.974,0.15,0.004875871818512678,11162.686612936568,1
0.974,0.15,0.004774714820086956,11038.070400814879,1
0.974,0.15,0.004625710658729076,10918.127199407736,1
0.974,0.15,0.0046432772651314735,10720.89149485555,1
0.974,0.15,0.004643305670469999,10919.3207177805,1
0.974,0.15,0.004686290863901377,10841.58346967699,1
0.974,0.15,0.0045796167105436325,10965.754675796197,1
0.974,0.15,0.00459331925958395,11131.60635126102,1
0.974,0.15,0.004615053068846464,11135.727771637268,1
0.974,0.15,0.004653477109968662,11065.907255134694,1
0.974,0.15,0.004754913970828056,10976.807573582253,1
0.974,0.15,0.004723262041807175,10978.358524613468,1
0.974,0.15,0.004766268189996481,11005.883998659516,1
0.974,0.15,0.004782060626894236,11379.258805343143,1
0.974,0.15,0.004855497740209103,11352.463418114834,1
0.974,0.15,0.004806697368621826,11213.347920736345,1
0.974,0.15,0.004730629734694958,11135.048711794983,1
0.974,0.15,0.004672878421843052,10961.183798930335,1
0.974,0.15,0.004594238009303808,11066.347729397301,1
0.974,0.15,0.0046452549286186695,10986.51576185679,1
0.974,0.15,0.004654367454349995,10903.625511344948,1
0.974,0.15,0.004694612231105566,11249.92140483009,1
0.974,0.15,0.004683584440499544,11346.05371204648,1
0.974,0.15,0.004722380079329014,10944.153835658175,1
0.974,0.15,0.004712693393230438,11130.266880466883,1
0.974,0.15,0.004683812148869038,11046.326007658205,1
0.974,0.15,0.004675246309489012,11169.98260293553,1
0.974,0.15,0.004732224158942699,11075.530560036459,1
0.974,0.15,0.004744708072394133,10999.001913477914,1
0.974,0.15,0.0047480324283242226,10702.785338665111,1
0.974,0.15,0.004654577933251858,10862.37119756175,1
0.974,0.15,0.0046375822275877,11044.068621727123,1
0.974,0.15,0.004631364718079567,11037.673882577066,1
0.974,0.15,0.003931032959371805,11084.449270948942,1
