time_stretch,pitch_shift,loudness_rms,spectral_centroid,source
0.958,0.32,0.001600330346263945,10646.729856407717,1
0.958,0.32,0.0019629995804280043,10654.983831742913,1
0.958,0.32,0.0021936469711363316,10931.730548169075,1
0.958,0.32,0.00213001505471766,10993.163377526424,1
0.958,0.32,0.002097135642543435,10701.58494041466,1
0.958,0.32,0.002089748391881585,10670.324668859203,1
0.958,0.32,0.002102835802361369,10775.213416484297,1
0.958,0.32,0.002144072437658906,10959.405787211675,1
0.958,0.32,0.0021471783984452486,10767.491769986995,1
0.958,0.32,0.002134567592293024,10636.434794714947,1
0.958,0.32,0.0020813338924199343,10878.16446233357,1
0.958,0.32,0.0020333167631179094,10746.256041752767,1
0.958,0.32,0.0020934215281158686,10658.54033830205,1
0.958,0.32,0.002117086434736848,10719.544350695442,1
0.958,0.32,0.0021169616375118494,11089.902041843709,1
0.958,0.32,0.0021198627073317766,10866.225792193816,1
0.958,0.32,0.0020644734613597393,10796.704682494068,1
0.958,0.32,0.0020503001287579536,10976.910202614556,1
0.958,0.32,0.002058313461020589,10986.244894016027,1
0.958,0.32,0.00207156827673316,10741.012430053976,1
0.958,0.32,0.002054421463981271,10737.081987095688,1
0.958,0.32,0.0020300853066146374,10878.274562762643,1
0.958,0.32,0.0020527546294033527,10906.911962956035,1
0.958,0.32,0.002047058427706361,10684.376712173995,1
0.958,0.32,0.0020716653671115637,10910.73682763327,1
0.958,0.32,0.002079107565805316,10755.084672753215,1
0.958,0.32,0.0020502861589193344,10760.349148770221,1
0.958,0.32,0.0020713594276458025,10743.442004950466,1
0.958,0.32,0.00205842312425375,10721.73615020574,1
0.958,0.32,0.0020978301763534546,10879.559084494293,1
0.958,0.32,0.00210399366915226,10929.602770789763,1
0.958,0.32,0.0020950045436620712,10733.540559585854,1
0.958,0.32,0.002086317166686058,10902.59847645859,1
0.958,0.32,0.002069604815915227,10827.063221497716,1
0.958,0.32,0.0020663936156779528,10780.547802993913,1
0.958,0.32,0.002089396119117737,11062.49018899639,1
0.958,0.32,0.0020831117872148752,11016.49558897914,1
0.958,0.32,0.002081182086840272,11040.307548743644,1
0.958,0.32,0.002093937946483493,10983.533147527645,1
0.958,0.32,0.002098243683576584,10737.908281216472,1
0.958,0.32,0.002061739331111312,10661.536016421143,1
0.958,0.32,0.0020499287638813257,10974.144934283184,1
0.958,0.32,0.0020605754107236862,10719.1412043091,1
0.958,0.32,0.0020601393189281225,10889.585032867471,1
0.958,0.32,0.0020400588400661945,11298.367005320782,1
0.958,0.32,0.0020051703322678804,11267.254281744257,1
0.958,0.32,0.001962033798918128,11122.863020751347,1
0.958,0.32,0.001994584919884801,10906.480761667823,1
0.958,0.32,0.002031688578426838,10412.904146205594,1
0.958,0.32,0.002015498233959079,10611.365136304725,1
0.958,0.32,0.0020404080860316753,11010.702012776812,1
0.958,0.32,0.002020561136305332,11087.850526570935,1
0.958,0.32,0.002031520940363407,11050.414273763257,1
0.958,0.32,0.0020360033959150314,10839.85227849446,1
0.958,0.32,0.0020059021189808846,10930.636306447392,1
0.958,0.32,0.0020066597498953342,10969.718879585564,1
0.958,0.32,0.0020346990786492825,11046.610475743506,1
0.958,0.32,0.0020149548072367907,10862.111958201796,1
0.958,0.32,0.002016251441091299,11018.452283973062,1
0.958,0.32,0.0020068343728780746,10945.4921243647,1
0.958,0.32,0.0019978017080575228,10771.142784115087,1
0.958,0.32,0.002001553075388074,10827.126280886569,1
0.958,0.32,0.0019991134759038687,10814.563744139989,1
0.958,0.32,0.002019823994487524,10880.915786860875,1
0.958,0.32,0.0020439173094928265,10710.24349120502,1
0.958,0.32,0.002032711636275053,10792.866372503768,1
0.958,0.32,0.0019901925697922707,10776.665934191653,1
0.958,0.32,0.001941779744811356,10963.771656031951,1
0.958,0.32,0.0019406648352742195,10807.157958255131,1
0.958,0.32,0.001982139190658927,10916.947376284994,1
0.958,0.32,0.0020227867644280195,11150.690696564938,1
0.958,0.32,0.0020304492209106684,11059.093399605343,1
0.958,0.32,0.0020357922185212374,10778.536462416094,1
0.958,0.32,0.0020029039587825537,10881.081504041997,1
0.958,0.32,0.001999124651774764,11014.324109554545,1
0.958,0.32,0.0020251416135579348,11092.63199597392,1
0.958,0.32,0.0020571767818182707,11340.050714916964,1
0.958,0.32,0.0020472053438425064,10961.98564192017,1
0.958,0.32,0.0020574526861310005,10710.348044984701,1
0.958,0.32,0.0020278722513467073,10863.858126392553,1
0.958,0.32,0.0019992366433143616,10799.295434218244,1
0.958,0.32,0.0020203201565891504,11099.818858733794,1
0.958,0.32,0.002025763038545847,11042.076222371252,1
0.958,0.32,0.001998419174924493,11264.906054848154,1
0.958,0.32,0.002010100521147251,10946.172663781064,1
0.958,0.32,0.001962786540389061,10978.128326416401,1
0.958,0.32,0.001965790055692196,11060.283739063165,1
0.958,0.32,0.0019709032494574785,11209.347811806476,1
0.958,0.32,0.002002432243898511,10880.557225799565,1
0.958,0.32,0.0020512521732598543,10824.391064061447,1
0.958,0.32,0.00205508922226727,11012.354165451761,1
0.958,0.32,0.0020357859320938587,10838.313779842796,1
0.958,0.32,0.0020273011177778244,10956.073855129656,1
0.958,0.32,0.0019783107563853264,10992.603096240742,1
0.958,0.32,0.002014546189457178,10931.971720490461,1
0.958,0.32,0.0020031954627484083,10955.199482461781,1
0.958,0.32,0.001976988511160016,10881.00190373147,1
0.958,0.32,0.0019764683675020933,10976.623674936758,1
0.958,0.32,0.0019666957668960094,10965.664737890265,1
0.958,0.32,0.001987716881558299,11074.096253210359,1
0.958,0.32,0.001973313745111227,11212.469417376786,1
0.958,0.32,0.0019567206036299467,11164.96909793131,1
0.958,0.32,0.001971213845536113,10881.331746158905,1
0.958,0.32,0.001952890888787806,11032.204811346086,1
0.958,0.32,0.002009694231674075,11047.60195524171,1
0.958,0.32,0.001984130125492811,11052.136066713598,1
0.958,0.32,0.001980359433218837,10998.378788570619,1
0.958,0.32,0.001981911947950721,11262.334586219702,1
0.958,0.32,0.001985561568289995,11059.44467360684,1
0.958,0.32,0.0020133305806666613,10892.931917935535,1
0.958,0.32,0.002038039034232497,10887.74291619333,1
0.958,0.32,0.002037557540461421,10907.40032101267,1
0.958,0.32,0.0020182214211672544,10736.230177759791,1
0.958,0.32,0.0020138362888246775,11056.719388684156,1
0.958,0.32,0.0020075568463653326,10925.605945089614,1
0.958,0.32,0.0020265341736376286,11094.90822566034,1
0.958,0.32,0.002023891545832157,11033.402966804737,1
0.958,0.32,0.0020325006917119026,11008.889847650033,1
0.958,0.32,0.0020027211867272854,10831.710853234219,1
0.958,0.32,0.002004873240366578,10980.199204241242,1
0.958,0.32,0.0020347428508102894,10938.144012629124,1
0.958,0.32,0.00201949430629611,10967.85429634766,1
0.958,0.32,0.0019973942544311285,11010.892093915994,1
0.958,0.32,0.001998532796278596,11016.760883508485,1
0.958,0.32,0.001999029191210866,11004.537306807906,1
0.958,0.32,0.0020070085301995277,10922.701906056967,1
0.958,0.32,0.001985058421269059,11127.631485319711,1
0.958,0.32,0.001997077139094472,10832.153162366958,1
0.958,0.32,0.0020052955951541662,10563.506639051528,1
0.958,0.32,0.0019856607541441917,10859.740393043745,1
0.958,0.32,0.001995358383283019,11124.828005447038,1
0.958,0.32,0.002015923848375678,11076.96168215126,1
0.958,0.32,0.002045780187472701,10846.954300565696,1
0.958,0.32,0.0020218882709741592,10929.24419039084,1
0.958,0.32,0.0019781317096203566,11112.665458551031,1
0.958,0.32,0.0019476808374747634,11324.540822499781,1
0.958,0.32,0.001958742504939437,11283.167357474675,1
0.958,0.32,0.0019807592034339905,10870.29902664894,1
0.958,0.32,0.0020010133739560843,11082.692983544439,1
0.958,0.32,0.002021561609581113,10987.034109051601,1
0.958,0.32,0.0020093212369829416,10788.363589837649,1
0.958,0.32,0.002001517452299595,10907.258146149823,1
0.958,0.32,0.002022817265242338,10982.707511052151,1
0.958,0.32,0.002054389799013734,10926.394245241881,1
0.958,0.32,0.002056664088740945,11159.749016036933,1
0.958,0.32,0.0020255025010555983,11215.173166377881,1
0.958,0.32,0.0019953090231865644,11071.963892063683,1
0.958,0.32,0.0020388865377753973,11061.732706908275,1
0.958,0.32,0.002036436926573515,11083.088399707805,1
0.958,0.32,0.002052695956081152,10885.970767893185,1
0.958,0.32,0.002057188656181097,11046.60354300727,1
0.958,0.32,0.0020417633932083845,10864.913583473357,1
0.958,0.32,0.0020336939487606287,10782.587090637886,1
0.958,0.32,0.0020140097476541996,11090.09542546186,1
0.958,0.32,0.001961091300472617,11059.11880085559,1
0.958,0.32,0.001965756295248866,10873.69968305462,1
0.958,0.32,0.0019481910858303308,10895.846251870404,1
0.958,0.32,0.001979784807190299,10850.940921025871,1
0.958,0.32,0.0019995947368443012,10735.167120668591,1
0.958,0.32,0.0020657822024077177,10985.94341238186,1
0.958,0.32,0.002072208561003208,11071.202032020265,1
0.958,0.32,0.002066252985969186,10983.682506520447,1
0.958,0.32,0.0020565197337418795,11088.490175429608,1
0.958,0.32,0.0020195485558360815,11062.53117822875,1
0.958,0.32,0.002007151721045375,10955.63496397281,1
0.958,0.32,0.001983196707442403,10898.973501661603,1
0.958,0.32,0.002017542254179716,10844.912357397847,1
0.958,0.32,0.0020097317174077034,11004.428088148834,1
0.958,0.32,0.002070389688014984,11070.482859756747,1
0.958,0.32,0.002063673222437501,10982.45002034026,1
0.958,0.32,0.0020478381775319576,10947.789377208037,1
0.958,0.32,0.0020719654858112335,10804.74059004729,1
0.958,0.32,0.0020259537268429995,10897.279540379614,1
0.958,0.32,0.0020251134410500526,11058.190714643664,1
0.958,0.32,0.0020552172791212797,10903.885505469434,1
0.958,0.32,0.0020629737991839647,10897.002023004618,1
0.958,0.32,0.002069303533062339,11020.217264070294,1
0.958,0.32,0.002020463580265641,11215.808339062898,1
0.958,0.32,0.0020259201992303133,11024.444008979013,1
0.958,0.32,0.002014563186094165,10877.098887668992,1
0.958,0.32,0.002000153996050358,10847.828229764142,1
0.958,0.32,0.001995034283027053,10820.818690827957,1
0.958,0.32,0.001995100872591138,10778.30274845865,1
0.958,0.32,0.002035082783550024,11082.471891793959,1
0.958,0.32,0.00205367268063128,10886.853060842594,1
0.958,0.32,0.002092674607411027,10928.615706098975,1
0.958,0.32,0.0020704236812889576,10904.65520940103,1
0.958,0.32,0.002066618762910366,11066.781824018952,1
0.958,0.32,0.002058556769043207,11135.127743629613,1
0.958,0.32,0.002056916942819953,10820.543530334591,1
0.958,0.32,0.0020500831305980682,11089.71469756078,1
0.958,0.32,0.002073784824460745,11087.006256678436,1
0.958,0.32,0.002055652439594269,10914.048198639419,1
0.958,0.32,0.002032315591350198,10838.358159823714,1
0.958,0.32,0.002001160057261586,10744.176255104801,1
0.958,0.32,0.0019601495005190372,11058.226755926393,1
0.958,0.32,0.001963956281542778,11119.633357371109,1
0.958,0.32,0.002000024076551199,11132.014022102496,1
0.958,0.32,0.0020194994285702705,10983.742944880556,1
0.958,0.32,0.0020250696688890457,11025.295603628383,1
0.958,0.32,0.0020136660896241665,11049.350264312407,1
0.958,0.32,0.001987691503018141,10698.597751401814,1
0.958,0.32,0.0020081624388694763,10486.525694296697,1
0.958,0.32,0.002003043657168746,10570.961158715505,1
0.958,0.32,0.002014904748648405,11089.64874318706,1
0.958,0.32,0.0027002301067113876,10726.478952810794,1
0.958,0.32,0.006069946568459272,8889.187302292146,1
0.958,0.32,0.015871988609433174,6070.74167871057,1
0.958,0.32,0.03032596968114376,3671.0345847705375,1
0.958,0.32,0.044228117913007736,2828.4434062860582,1
0.958,0.32,0.04920008033514023,2480.0437310532743,1
0.958,0.32,0.05219041556119919,2644.3484956343627,1
0.958,0.32,0.05334698408842087,2913.246968376182,1
0.958,0.32,0.051460377871990204,3208.0668407244157,1
0.958,0.32,0.05075293406844139,3789.62263541826,1
0.958,0.32,0.043570708483457565,4106.9646409329225,1
0.958,0.32,0.03714409098029137,4431.433201076747,1
0.958,0.32,0.034281034022569656,4763.008819620915,1
0.958,0.32,0.03189864754676819,4739.961531943229,1
0.958,0.32,0.029709426686167717,5112.443174734127,1
0.958,0.32,0.027570130303502083,5307.351872388349,1
0.958,0.32,0.02703988552093506,4600.627554778917,1
0.958,0.32,0.033169329166412354,3557.6284118717385,1
0.958,0.32,0.047377388924360275,2807.9589817296,1
0.958,0.32,0.07049918919801712,2251.092552028269,1
0.958,0.32,0.10702306032180786,1969.7570160396444,1
0.958,0.32,0.12951886653900146,1753.190123374476,1
0.958,0.32,0.13476699590682983,1892.612589131662,1
0.958,0.32,0.13195909559726715,2262.4261919057026,1
0.958,0.32,0.11384709179401398,2405.782315766446,1
0.958,0.32,0.10483915358781815,2565.25128917588,1
0.958,0.32,0.09775005280971527,2558.0174936951366,1
0.958,0.32,0.09270995855331421,2779.4202947318836,1
0.958,0.32,0.08554885536432266,2895.884314622053,1
0.958,0.32,0.07809524983167648,3197.5856122358728,1
0.958,0.32,0.07215135544538498,3248.341977411617,1
0.958,0.32,0.06292472779750824,3056.7282187221886,1
0.958,0.32,0.059551678597927094,2862.545854064134,1
0.958,0.32,0.06550421565771103,2480.0021538962856,1
0.958,0.32,0.08951378613710403,2123.373892602599,1
0.958,0.32,0.09230688959360123,1880.6098158694952,1
0.958,0.32,0.08716808259487152,2462.3179960588614,1
0.958,0.32,0.061938442289829254,3206.3334463215465,1
0.958,0.32,0.0429820716381073,3501.2233745622207,1
0.958,0.32,0.03945432975888252,4026.3579688204754,1
0.958,0.32,0.03721369430422783,3973.9146680916547,1
0.958,0.32,0.03347557410597801,4178.153550419397,1
0.958,0.32,0.027615752071142197,4707.093853949078,1
0.958,0.32,0.024244384840130806,4554.558510049335,1
0.958,0.32,0.030170295387506485,3890.8410494188465,1
0.958,0.32,0.055416177958250046,2850.256695945159,1
0.958,0.32,0.08449753373861313,2181.9641824032688,1
0.958,0.32,0.13296069204807281,1876.5921061989093,1
0.958,0.32,0.15776166319847107,1639.320938069106,1
0.958,0.32,0.16513589024543762,1732.3195046754417,1
0.958,0.32,0.15524853765964508,2090.279482133696,1
0.958,0.32,0.13035310804843903,2223.099875182852,1
0.958,0.32,0.11941156536340714,2441.1948564761606,1
0.958,0.32,0.11196480691432953,2534.0646525493084,1
0.958,0.32,0.1057375967502594,2618.7304113049645,1
0.958,0.32,0.09635438770055771,2734.327836476934,1
0.958,0.32,0.08841383457183838,2801.3141994574753,1
0.958,0.32,0.0774713084101677,2838.5847920921124,1
0.958,0.32,0.07089675962924957,2878.770159055711,1
0.958,0.32,0.07428581267595291,2615.25366870774,1
0.958,0.32,0.07298781722784042,2161.622138042613,1
0.958,0.32,0.0681229680776596,2238.0519802317863,1
0.958,0.32,0.05628278851509094,2742.2667947684004,1
0.958,0.32,0.046319443732500076,3031.9642813626324,1
0.958,0.32,0.03976507857441902,3650.998815799367,1
0.958,0.32,0.03325606882572174,4096.8631373210155,1
0.958,0.32,0.02972409315407276,4537.683755725178,1
0.958,0.32,0.024961141869425774,4628.4032875776775,1
0.958,0.32,0.023558201268315315,5259.162097258493,1
0.958,0.32,0.02070102095603943,5374.872676492048,1
0.958,0.32,0.019577693194150925,5307.28061613172,1
0.958,0.32,0.018762122839689255,5441.451642871021,1
0.958,0.32,0.0166631992906332,5900.190771792154,1
0.958,0.32,0.014640812762081623,5775.919484934541,1
0.958,0.32,0.015359905548393726,5692.313164619189,1
0.958,0.32,0.020687038078904152,4477.58171573938,1
0.958,0.32,0.02802761271595955,3427.744323802194,1
0.958,0.32,0.04981326684355736,2844.211265600935,1
0.958,0.32,0.06824266910552979,2268.660808355623,1
0.958,0.32,0.08319247514009476,2196.144848856343,1
0.958,0.32,0.08905260264873505,2260.840577052868,1
0.958,0.32,0.08501443266868591,2556.180094579374,1
0.958,0.32,0.07448038458824158,2964.065369503702,1
0.958,0.32,0.06479988247156143,2993.3613531441515,1
0.958,0.32,0.06156974285840988,3062.9990140529,1
0.958,0.32,0.058313239365816116,3159.8042908648986,1
0.958,0.32,0.053615979850292206,3468.2613844017674,1
0.958,0.32,0.04896075278520584,3608.6753063006618,1
0.958,0.32,0.04677705094218254,3233.9839194024166,1
0.958,0.32,0.0612952820956707,2914.3210041806224,1
0.958,0.32,0.07095857709646225,2531.236593443991,1
0.958,0.32,0.07426418364048004,2317.1417014610943,1
0.958,0.32,0.07374627143144608,2564.6097353363516,1
0.958,0.32,0.06001078337430954,2810.9765660879434,1
0.958,0.32,0.05755545571446419,3232.5291570125146,1
0.958,0.32,0.05208553001284599,3598.4407371650614,1
0.958,0.32,0.05017852410674095,3605.0143726282695,1
0.958,0.32,0.04881777986884117,3752.377430137686,1
0.958,0.32,0.047124601900577545,3932.2151247089405,1
0.958,0.32,0.043933432549238205,4130.272847724653,1
0.958,0.32,0.04159054160118103,4165.116922461279,1
0.958,0.32,0.04031910002231598,4162.852476691553,1
0.958,0.32,0.03816359117627144,4321.968248903514,1
0.958,0.32,0.0361642949283123,4574.023672557903,1
0.958,0.32,0.03510425239801407,4053.4466424734114,1
0.958,0.32,0.03909836709499359,3399.246366724771,1
0.958,0.32,0.038695842027664185,2874.657916320189,1
0.958,0.32,0.04201604053378105,2857.438722818726,1
0.958,0.32,0.0487273745238781,2691.685495794455,1
0.958,0.32,0.05302346497774124,2728.495459467952,1
0.958,0.32,0.052589964121580124,2864.5415840246433,1
0.958,0.32,0.050814270973205566,3280.3813030423107,1
0.958,0.32,0.04297845810651779,3833.6997778756245,1
0.958,0.32,0.03859459236264229,3887.768485188519,1
0.958,0.32,0.03764711692929268,4025.5362290370304,1
0.958,0.32,0.03763529285788536,4070.024864465302,1
0.958,0.32,0.03731898218393326,4051.1313672675115,1
0.958,0.32,0.044069141149520874,3379.1382671800793,1
0.958,0.32,0.05266933888196945,2395.147938326989,1
0.958,0.32,0.09233346581459045,1967.6093632831112,1
0.958,0.32,0.13771924376487732,1608.6914336550017,1
0.958,0.32,0.16214406490325928,1414.3760887842718,1
0.958,0.32,0.17544829845428467,1382.1642558041544,1
0.958,0.32,0.17121675610542297,1464.849496097067,1
0.958,0.32,0.16077633202075958,1437.1617245649036,1
0.958,0.32,0.14817281067371368,1473.0017646787544,1
0.958,0.32,0.14177806675434113,1603.6827355688006,1
0.958,0.32,0.13063488900661469,1580.144660777485,1
0.958,0.32,0.12989038228988647,1591.2737468834496,1
0.958,0.32,0.12416938692331314,1620.4984475553986,1
0.958,0.32,0.1242658793926239,1651.7123702201466,1
0.958,0.32,0.11972438544034958,1611.0431748801107,1
0.958,0.32,0.12159837782382965,1660.2081289185849,1
0.958,0.32,0.11865728348493576,1657.0877581521145,1
0.958,0.32,0.12236619740724564,1674.202592739477,1
0.958,0.32,0.12303908169269562,1623.6208526219325,1
0.958,0.32,0.1505039930343628,1421.3386751151188,1
0.958,0.32,0.15985429286956787,1207.6921610387024,1
0.958,0.32,0.16975164413452148,1227.4634956810182,1
0.958,0.32,0.155350461602211,1339.6006698118524,1
0.958,0.32,0.1483679711818695,1407.66565089903,1
0.958,0.32,0.14609397947788239,1413.989174253274,1
0.958,0.32,0.148675799369812,1462.53022312057,1
0.958,0.32,0.13900209963321686,1418.6278030819358,1
0.958,0.32,0.1378495842218399,1433.6001248811704,1
0.958,0.32,0.13480491936206818,1459.824960553446,1
0.958,0.32,0.1350252330303192,1491.5438559860881,1
0.958,0.32,0.12950772047042847,1508.5136020155458,1
0.958,0.32,0.13556738197803497,1502.6946027323788,1
0.958,0.32,0.1453881710767746,1348.7665335162312,1
0.958,0.32,0.17303942143917084,1269.547622173421,1
0.958,0.32,0.19417954981327057,1133.331450852978,1
0.958,0.32,0.2132430523633957,1139.864424081187,1
0.958,0.32,0.21420598030090332,1147.0116596768626,1
0.958,0.32,0.21524059772491455,1141.1944517669795,1
0.958,0.32,0.2127656191587448,1160.9547877844516,1
0.958,0.32,0.20971474051475525,1189.9116200243786,1
0.958,0.32,0.2092072069644928,1170.1419655867783,1
0.958,0.32,0.20617417991161346,1140.3832125928457,1
0.958,0.32,0.20777007937431335,1196.7396626868535,1
0.958,0.32,0.20064513385295868,1185.575641026656,1
0.958,0.32,0.19598329067230225,1184.2594610877563,1
0.958,0.32,0.20648325979709625,1210.8261298873283,1
0.958,0.32,0.2067708522081375,1095.5362206932825,1
0.958,0.32,0.24069347977638245,1101.9455760779636,1
0.958,0.32,0.2508874833583832,1024.2884983864028,1
0.958,0.32,0.26479092240333557,1054.1081111709732,1
0.958,0.32,0.2756703495979309,978.0068256088981,1
0.958,0.32,0.2643098831176758,1065.4533873905254,1
0.958,0.32,0.2536214590072632,1064.8872795189109,1
0.958,0.32,0.2522384524345398,1081.363384748453,1
0.958,0.32,0.23568516969680786,1115.7542249819003,1
0.958,0.32,0.2287854254245758,1119.068287078524,1
0.958,0.32,0.20997507870197296,1189.635518193702,1
0.958,0.32,0.1982155442237854,1203.3596393588932,1
0.958,0.32,0.18221579492092133,1364.1560746223477,1
0.958,0.32,0.16236527264118195,1377.464262952899,1
0.958,0.32,0.15927666425704956,1565.3994975387207,1
0.958,0.32,0.15369188785552979,1525.601158789048,1
0.958,0.32,0.16173000633716583,1442.9997661434063,1
0.958,0.32,0.17221766710281372,1356.9943852747301,1
0.958,0.32,0.17745843529701233,1348.687583704308,1
0.958,0.32,0.16453975439071655,1466.999023068689,1
0.958,0.32,0.15195710957050323,1498.6012232483813,1
0.958,0.32,0.14767032861709595,1578.814652768161,1
0.958,0.32,0.14382344484329224,1537.9609115468895,1
0.958,0.32,0.14783380925655365,1559.3373014885774,1
0.958,0.32,0.14293290674686432,1666.1397109006605,1
0.958,0.32,0.1403028964996338,1694.3152147187743,1
0.958,0.32,0.13274230062961578,1738.3879307581967,1
0.958,0.32,0.14085091650485992,1629.7755304636817,1
0.958,0.32,0.16090832650661469,1532.6331013039785,1
0.958,0.32,0.1838470697402954,1450.766273495392,1
0.958,0.32,0.2059038132429123,1437.4359519686925,1
0.958,0.32,0.21115301549434662,1389.9699982701923,1
0.958,0.32,0.20280198752880096,1499.2104902085334,1
0.958,0.32,0.19116263091564178,1537.0315253675985,1
0.958,0.32,0.18076828122138977,1629.3110811345932,1
0.958,0.32,0.1702588051557541,1784.2144791829555,1
0.958,0.32,0.16001537442207336,1834.6027208934954,1
0.958,0.32,0.15782441198825836,1891.4968877805609,1
0.958,0.32,0.154520645737648,1880.2498607839993,1
0.958,0.32,0.15329600870609283,1923.0589232234754,1
0.958,0.32,0.1513395607471466,1920.6138290504732,1
0.958,0.32,0.14947864413261414,1863.514622621591,1
0.958,0.32,0.14484500885009766,1651.7247886728092,1
0.958,0.32,0.15781553089618683,1532.3207591915157,1
0.958,0.32,0.186440572142601,1369.3803968242548,1
0.958,0.32,0.21917468309402466,1362.1149559312812,1
0.958,0.32,0.22234512865543365,1287.6517316608397,1
0.958,0.32,0.21052472293376923,1293.4381891644011,1
0.958,0.32,0.20990054309368134,1369.9672705857854,1
0.958,0.32,0.1923494189977646,1335.2537433958623,1
0.958,0.32,0.17957831919193268,1353.5691436823113,1
0.958,0.32,0.173577219247818,1437.1781064646634,1
0.958,0.32,0.17174066603183746,1452.3291617674236,1
0.958,0.32,0.16526025533676147,1505.5481074181835,1
0.958,0.32,0.15295076370239258,1465.8990925709345,1
0.958,0.32,0.15489943325519562,1493.431104305149,1
0.958,0.32,0.16385528445243835,1422.0696145617148,1
0.958,0.32,0.17200806736946106,1323.903610458698,1
0.958,0.32,0.20820848643779755,1228.5445733567985,1
0.958,0.32,0.22172380983829498,1093.5575515716241,1
0.958,0.32,0.2269291877746582,1073.4754971566429,1
0.958,0.32,0.21450188755989075,1151.0819257185758,1
0.958,0.32,0.20201414823532104,1142.6140210239732,1
0.958,0.32,0.20351596176624298,1173.8579991337008,1
0.958,0.32,0.20323918759822845,1178.411322032774,1
0.958,0.32,0.19051580131053925,1154.700405526727,1
0.958,0.32,0.1843760907649994,1199.8119035734342,1
0.958,0.32,0.18574674427509308,1210.5610031487904,1
0.958,0.32,0.18461506068706512,1215.501437253191,1
0.958,0.32,0.1766822338104248,1272.6774625138628,1
0.958,0.32,0.1672794073820114,1279.0254671917123,1
0.958,0.32,0.16680359840393066,1261.1839863469097,1
0.958,0.32,0.17280925810337067,1241.0707249783322,1
0.958,0.32,0.1789952963590622,1225.215005567656,1
0.958,0.32,0.19694241881370544,1187.1481364984072,1
0.958,0.32,0.21000373363494873,1192.9336021467507,1
0.958,0.32,0.2065320461988449,1276.7715458464133,1
0.958,0.32,0.20178349316120148,1299.8437482745187,1
0.958,0.32,0.1811884641647339,1351.535301228589,1
0.958,0.32,0.16389994323253632,1406.9235284464062,1
0.958,0.32,0.15119506418704987,1465.3737483974296,1
0.958,0.32,0.1328984498977661,1624.979951750868,1
0.958,0.32,0.11281923204660416,1648.5451985048308,1
0.958,0.32,0.1026306301355362,1771.4042334738413,1
0.958,0.32,0.09336535632610321,1873.5304752731254,1
0.958,0.32,0.10468967258930206,1855.809529552264,1
0.958,0.32,0.1270771026611328,1622.0906300164202,1
0.958,0.32,0.1491134762763977,1478.832771123943,1
0.958,0.32,0.17678521573543549,1411.3965709441916,1
0.958,0.32,0.1823582947254181,1357.3086457063696,1
0.958,0.32,0.18096810579299927,1433.6108401193082,1
0.958,0.32,0.1739664524793625,1551.8016591480332,1
0.958,0.32,0.1669299453496933,1549.3919524568619,1
0.958,0.32,0.16344919800758362,1626.8888305582232,1
0.958,0.32,0.16659758985042572,1587.1671017095466,1
0.958,0.32,0.16133923828601837,1666.394309893586,1
0.958,0.32,0.1571180522441864,1629.2755369852255,1
0.958,0.32,0.14889052510261536,1697.9771240167736,1
0.958,0.32,0.142122283577919,1797.8616273796965,1
0.958,0.32,0.13648520410060883,1803.5275842376934,1
0.958,0.32,0.1635608822107315,1686.3841826933387,1
0.958,0.32,0.2820168137550354,1416.563135399668,1
0.958,0.32,0.3929747939109802,1168.2168704190176,1
0.958,0.32,0.4535432755947113,1060.8576841097795,1
0.958,0.32,0.47878140211105347,1089.0534368360961,1
0.958,0.32,0.44258490204811096,1148.67262427924,1
0.958,0.32,0.4079965353012085,1140.7175704574586,1
0.958,0.32,0.38895925879478455,1146.8306877253947,1
0.958,0.32,0.37114056944847107,1188.1644580633629,1
0.958,0.32,0.35542115569114685,1253.7006696548362,1
0.958,0.32,0.34350380301475525,1274.0758239421098,1
0.958,0.32,0.3312031924724579,1291.5165826080884,1
0.958,0.32,0.31985318660736084,1362.233219724007,1
0.958,0.32,0.31500542163848877,1370.0660046130683,1
0.958,0.32,0.30865898728370667,1355.2464295414197,1
0.958,0.32,0.3059946298599243,1355.8497722917814,1
0.958,0.32,0.29165971279144287,1315.8702091589348,1
0.958,0.32,0.2863457500934601,1323.800128393922,1
0.958,0.32,0.27178940176963806,1259.0161887334793,1
0.958,0.32,0.26454484462738037,1351.4688331248965,1
0.958,0.32,0.2406294047832489,1370.3365922381888,1
0.958,0.32,0.2242344617843628,1432.8762729960813,1
0.958,0.32,0.2038545161485672,1527.2452034928488,1
0.958,0.32,0.1816864013671875,1656.1984948572795,1
0.958,0.32,0.1697113811969757,1771.6383558955115,1
0.958,0.32,0.16241572797298431,1796.7579330684011,1
0.958,0.32,0.15780088305473328,1832.7429386715232,1
0.958,0.32,0.1548427939414978,1866.3166047716072,1
0.958,0.32,0.1520017683506012,1903.014815439919,1
0.958,0.32,0.1593826413154602,1700.7166985807917,1
0.958,0.32,0.1675027310848236,1546.0451552064767,1
0.958,0.32,0.16627100110054016,1454.610356119731,1
0.958,0.32,0.1726892739534378,1504.1081130997811,1
0.958,0.32,0.16351056098937988,1339.4285344459931,1
0.958,0.32,0.1523633897304535,1410.8764899885919,1
0.958,0.32,0.1389007568359375,1617.570248719232,1
0.958,0.32,0.12262339890003204,1511.4567899779984,1
0.958,0.32,0.12161411345005035,1575.5856195644055,1
0.958,0.32,0.12044695019721985,1687.081345993233,1
0.958,0.32,0.10990718007087708,1540.6364454173456,1
0.958,0.32,0.11557499319314957,1597.6189737596178,1
0.958,0.32,0.11189986020326614,1614.2890878299563,1
0.958,0.32,0.10312848538160324,1595.692035443336,1
0.958,0.32,0.10825342684984207,1763.4181230705467,1
0.958,0.32,0.10481279343366623,1669.8196964908727,1
0.958,0.32,0.1069854348897934,1594.0551490265048,1
0.958,0.32,0.12290855497121811,1601.2170846283625,1
0.958,0.32,0.14274002611637115,1358.433231005874,1
0.958,0.32,0.15312768518924713,1250.12387593729,1
0.958,0.32,0.15578114986419678,1353.2013488004266,1
0.958,0.32,0.14737902581691742,1394.5718067532378,1
0.958,0.32,0.14368584752082825,1408.7027565055882,1
0.958,0.32,0.142389714717865,1391.851998770559,1
0.958,0.32,0.13976219296455383,1403.5192300586973,1
0.958,0.32,0.13945695757865906,1482.313130430929,1
0.958,0.32,0.13469582796096802,1447.4585727327521,1
0.958,0.32,0.13364370167255402,1476.6298165142061,1
0.958,0.32,0.130868062376976,1489.558030913155,1
0.958,0.32,0.12579357624053955,1439.9349910642777,1
0.958,0.32,0.12394094467163086,1528.2396388495786,1
0.958,0.32,0.11920511722564697,1540.306568586882,1
0.958,0.32,0.11995269358158112,1526.6965121222086,1
0.958,0.32,0.1275223195552826,1482.2036055652802,1
0.958,0.32,0.13931626081466675,1369.4744377546435,1
0.958,0.32,0.14558641612529755,1346.4477927441083,1
0.958,0.32,0.15446260571479797,1309.7962367153864,1
0.958,0.32,0.15642669796943665,1297.0591088831586,1
0.958,0.32,0.15151703357696533,1296.0116588325254,1
0.958,0.32,0.14587101340293884,1317.1131531709664,1
0.958,0.32,0.1421716958284378,1403.7278422100635,1
0.958,0.32,0.13592037558555603,1417.8662414140065,1
0.958,0.32,0.1333526074886322,1461.3417694919779,1
0.958,0.32,0.1306288242340088,1481.6091816117473,1
0.958,0.32,0.12684032320976257,1413.9183562444803,1
0.958,0.32,0.1260518729686737,1414.1320224960382,1
0.958,0.32,0.11579706519842148,1523.4873176978608,1
0.958,0.32,0.10824524611234665,1546.2645406195602,1
0.958,0.32,0.1033792495727539,1678.1700354703057,1
0.958,0.32,0.11117967218160629,1678.8528861952725,1
0.958,0.32,0.12256798148155212,1562.1605168451874,1
0.958,0.32,0.13965465128421783,1556.6942964230625,1
0.958,0.32,0.15124142169952393,1475.090704457039,1
0.958,0.32,0.14989160001277924,1543.5863614020568,1
0.958,0.32,0.14233490824699402,1625.688608551885,1
0.958,0.32,0.13276736438274384,1697.4564047051754,1
0.958,0.32,0.12944675981998444,1745.2448038968355,1
0.958,0.32,0.12543796002864838,1746.5287671073656,1
0.958,0.32,0.12212364375591278,1766.6832427959437,1
0.958,0.32,0.11168859153985977,1862.1674586786507,1
0.958,0.32,0.10039496421813965,1969.5685499009082,1
0.958,0.32,0.0831836611032486,2178.5094026574543,1
0.958,0.32,0.0712469071149826,2390.767812897996,1
0.958,0.32,0.06924568861722946,2421.5247347359723,1
0.958,0.32,0.06726250797510147,2181.1387207654097,1
0.958,0.32,0.06366647779941559,2173.774677383417,1
0.958,0.32,0.06587577611207962,2629.920286570952,1
0.958,0.32,0.06857578456401825,2384.3466325390154,1
0.958,0.32,0.07244417816400528,2412.2036928494954,1
0.958,0.32,0.07411333173513412,2703.676706805937,1
0.958,0.32,0.06403470039367676,2956.8512495791983,1
0.958,0.32,0.05813174322247505,3054.062753246555,1
0.958,0.32,0.055795781314373016,3166.9833980005433,1
0.958,0.32,0.05255115404725075,3287.343119558305,1
0.958,0.32,0.04875471442937851,3433.7097037686217,1
0.958,0.32,0.04414144530892372,3702.436868793604,1
0.958,0.32,0.041172321885824203,3492.7691937451027,1
0.958,0.32,0.044742099940776825,2959.581284229176,1
0.958,0.32,0.05058032274246216,2732.5585657686315,1
0.958,0.32,0.06228979304432869,2515.785968089259,1
0.958,0.32,0.06679287552833557,2291.9228524325017,1
0.958,0.32,0.0652700811624527,2560.541362868773,1
0.958,0.32,0.058584216982126236,2761.4155482009396,1
0.958,0.32,0.051132988184690475,3148.7141374410785,1
0.958,0.32,0.04788004234433174,3241.551340113396,1
0.958,0.32,0.04590253531932831,3669.185034792571,1
0.958,0.32,0.04122595861554146,3675.7704574034105,1
0.958,0.32,0.03991295024752617,3943.4928762074105,1
0.958,0.32,0.036579567939043045,4043.342132170816,1
0.958,0.32,0.03426489606499672,4114.701903351013,1
0.958,0.32,0.03450195863842964,3628.213848063214,1
0.958,0.32,0.04188114032149315,3089.5873895807727,1
0.958,0.32,0.06448843330144882,2899.895071110544,1
0.958,0.32,0.08915375918149948,2574.5881361408374,1
0.958,0.32,0.09846803545951843,2207.135120284197,1
0.958,0.32,0.0998392105102539,2422.4524466196826,1
0.958,0.32,0.08324422687292099,2931.725592185419,1
0.958,0.32,0.06766537576913834,3235.9146591084973,1
0.958,0.32,0.06245595961809158,3403.3446853086016,1
0.958,0.32,0.0588274747133255,3423.4977428741868,1
0.958,0.32,0.05493418499827385,3592.9313464401207,1
0.958,0.32,0.049678146839141846,3902.6284073846505,1
0.958,0.32,0.04222868010401726,4112.992732514533,1
0.958,0.32,0.03492937237024307,4421.381037154293,1
0.958,0.32,0.031572699546813965,4165.268249689846,1
0.958,0.32,0.03633517399430275,3605.2506117286257,1
0.958,0.32,0.050861068069934845,2846.7204302709843,1
0.958,0.32,0.05490602180361748,2417.223999286685,1
0.958,0.32,0.06108446419239044,2508.3592919532475,1
0.958,0.32,0.06254954636096954,2780.9991462755675,1
0.958,0.32,0.06198824942111969,2733.427994561434,1
0.958,0.32,0.06178908795118332,2805.6988380518715,1
0.958,0.32,0.06093692407011986,3434.681878599499,1
0.958,0.32,0.05447179079055786,3351.5623952394226,1
0.958,0.32,0.05439094454050064,3643.3266067783125,1
0.958,0.32,0.050512537360191345,3754.5620997881883,1
0.958,0.32,0.047831472009420395,3958.8950023266034,1
0.958,0.32,0.04457373172044754,4127.453680976443,1
0.958,0.32,0.044074077159166336,3927.8470860753823,1
0.958,0.32,0.04706110805273056,3286.129579396477,1
0.958,0.32,0.05283719301223755,2693.6418785196074,1
0.958,0.32,0.06212477385997772,2546.3117732805376,1
0.958,0.32,0.0593564435839653,2486.892013742655,1
0.958,0.32,0.05494920536875725,2560.288099152225,1
0.958,0.32,0.04649539664387703,3027.7730741404944,1
0.958,0.32,0.035978008061647415,3342.1985234918056,1
0.958,0.32,0.033525250852108,3597.1492891094563,1
0.958,0.32,0.030604656785726547,4153.23124188119,1
0.958,0.32,0.026375116780400276,4275.348246555842,1
0.958,0.32,0.022895319387316704,4789.32611892169,1
0.958,0.32,0.021080369129776955,4911.6631335061265,1
0.958,0.32,0.025380611419677734,4273.04793220549,1
0.958,0.32,0.03796979412436485,3392.983356089724,1
0.958,0.32,0.050286613404750824,2682.870511131079,1
0.958,0.32,0.058999862521886826,2310.46949220772,1
0.958,0.32,0.07781444489955902,2336.874180888621,1
0.958,0.32,0.08376765251159668,2038.1023650346924,1
0.958,0.32,0.0892648845911026,2172.6921463661956,1
0.958,0.32,0.08663304150104523,2329.471291254875,1
0.958,0.32,0.0831524059176445,2492.1863305954084,1
0.958,0.32,0.08300009369850159,2486.316106649152,1
0.958,0.32,0.0827396810054779,2513.8857547446214,1
0.958,0.32,0.08135589957237244,2599.9601310298626,1
0.958,0.32,0.07855399698019028,2738.340274513115,1
0.958,0.32,0.07543583959341049,2732.0185214069825,1
0.958,0.32,0.07324241101741791,2870.9703576728652,1
0.958,0.32,0.07197963446378708,2954.4314517541798,1
0.958,0.32,0.06962627172470093,2797.044627841101,1
0.958,0.32,0.06791780889034271,2639.6441957649877,1
0.958,0.32,0.08162147551774979,2361.273453266952,1
0.958,0.32,0.11357061564922333,2027.2507416070378,1
0.958,0.32,0.1696142554283142,1822.7579913584004,1
0.958,0.32,0.2153962403535843,1557.5058683555624,1
0.958,0.32,0.2404281497001648,1568.8197931502086,1
0.958,0.32,0.2380135953426361,1695.5483073830558,1
0.958,0.32,0.22020292282104492,1748.513861481051,1
0.958,0.32,0.21355938911437988,1756.5959134528698,1
0.958,0.32,0.2090938687324524,1889.7791226563268,1
0.958,0.32,0.2020149677991867,1904.0926510335926,1
0.958,0.32,0.19499336183071136,1934.7287075835695,1
0.958,0.32,0.1882426142692566,1976.6686794717384,1
0.958,0.32,0.18123462796211243,1939.9832659279296,1
0.958,0.32,0.17166316509246826,1879.449612136142,1
0.958,0.32,0.16447997093200684,1918.4314310660202,1
0.958,0.32,0.15526042878627777,1856.4886829268416,1
0.958,0.32,0.14139798283576965,1980.235218275237,1
0.958,0.32,0.12392731755971909,2089.062679244056,1
0.958,0.32,0.10872620344161987,2169.5390176155847,1
0.958,0.32,0.09264397621154785,2446.9579434459874,1
0.958,0.32,0.07609198987483978,2716.9485821447624,1
0.958,0.32,0.06446153670549393,2926.4864543035237,1
0.958,0.32,0.05464305356144905,3175.274176057162,1
0.958,0.32,0.04636098071932793,3486.979626758201,1
0.958,0.32,0.03893936425447464,3726.454980368604,1
0.958,0.32,0.03379787132143974,4078.8278059038626,1
0.958,0.32,0.030178187415003777,4083.0292334385895,1
0.958,0.32,0.030439475551247597,4183.8960514837545,1
0.958,0.32,0.03989485278725624,3329.696036792522,1
0.958,0.32,0.05488055199384689,2637.7983069383154,1
0.958,0.32,0.1194530501961708,2230.520162681728,1
0.958,0.32,0.2112896889448166,1559.2222185554983,1
0.958,0.32,0.2779620885848999,1305.751940184453,1
0.958,0.32,0.3244934678077698,1240.9238920096777,1
0.958,0.32,0.33125314116477966,1232.2405135577205,1
0.958,0.32,0.3237622082233429,1237.26470477538,1
0.958,0.32,0.30499041080474854,1241.7791888580173,1
0.958,0.32,0.2926218807697296,1231.2961639123384,1
0.958,0.32,0.2779407203197479,1281.6511892098313,1
0.958,0.32,0.2742922306060791,1288.1613423113508,1
0.958,0.32,0.26925310492515564,1285.9201791044975,1
0.958,0.32,0.26784002780914307,1289.3934272456272,1
0.958,0.32,0.2649369239807129,1269.4791543599906,1
0.958,0.32,0.2693544030189514,1235.7285613159365,1
0.958,0.32,0.26931527256965637,1150.5657052277074,1
0.958,0.32,0.2726539671421051,1184.980503868715,1
0.958,0.32,0.2675187587738037,1228.5798849699922,1
0.958,0.32,0.267220675945282,1220.040447373279,1
0.958,0.32,0.26538199186325073,1203.9292623346528,1
0.958,0.32,0.2654891312122345,1197.2966784595947,1
0.958,0.32,0.2607221007347107,1211.428374502164,1
0.958,0.32,0.254434734582901,1191.75891509109,1
0.958,0.32,0.25508564710617065,1202.2764425951168,1
0.958,0.32,0.2548714578151703,1206.6558993876165,1
0.958,0.32,0.25036218762397766,1207.2044829009978,1
0.958,0.32,0.2477031797170639,1218.189053452708,1
0.958,0.32,0.23991601169109344,1206.333132442262,1
0.958,0.32,0.24268479645252228,1252.426523547871,1
0.958,0.32,0.23115356266498566,1244.3828392832002,1
0.958,0.32,0.2301025539636612,1269.4871477151532,1
0.958,0.32,0.22498604655265808,1238.310512524943,1
0.958,0.32,0.22400259971618652,1229.0910492626501,1
0.958,0.32,0.22793081402778625,1190.429256773194,1
0.958,0.32,0.2505359947681427,1112.8116392477843,1
0.958,0.32,0.26987290382385254,1066.2581925357122,1
0.958,0.32,0.28255847096443176,1042.8731395764923,1
0.958,0.32,0.281254380941391,1045.4198446011605,1
0.958,0.32,0.28090134263038635,1042.2778166844569,1
0.958,0.32,0.2798851430416107,1062.398149678012,1
0.958,0.32,0.271796315908432,1048.751538184208,1
0.958,0.32,0.2638653516769409,1093.0842397998317,1
0.958,0.32,0.2658902108669281,1112.3022572734549,1
0.958,0.32,0.2752540409564972,1094.7998455812576,1
0.958,0.32,0.28290048241615295,1054.323397986686,1
0.958,0.32,0.30682340264320374,1013.737578274206,1
0.958,0.32,0.3405347764492035,955.8784416607966,1
0.958,0.32,0.3534284830093384,984.4621407766264,1
0.958,0.32,0.3667147755622864,931.7746559450018,1
0.958,0.32,0.35702502727508545,921.9294201373787,1
0.958,0.32,0.35097092390060425,958.5298684248789,1
0.958,0.32,0.3392051160335541,938.9177593835311,1
0.958,0.32,0.31866681575775146,1037.3079515605255,1
0.958,0.32,0.2977118492126465,1003.8111401459571,1
0.958,0.32,0.2853776216506958,1084.6871766897889,1
0.958,0.32,0.26856422424316406,1112.7417828271145,1
0.958,0.32,0.2541831135749817,1138.7785811527076,1
0.958,0.32,0.2450762838125229,1263.0298919718807,1
0.958,0.32,0.234837606549263,1196.2796273934796,1
0.958,0.32,0.23218770325183868,1322.661109043781,1
0.958,0.32,0.22156298160552979,1274.2420965334534,1
0.958,0.32,0.21413657069206238,1390.444176043079,1
0.958,0.32,0.19617556035518646,1374.073369346694,1
0.958,0.32,0.18289890885353088,1417.404626046597,1
0.958,0.32,0.1639420986175537,1516.0968741468746,1
0.958,0.32,0.15016700327396393,1547.816365826345,1
0.958,0.32,0.13947047293186188,1613.9881112384796,1
0.958,0.32,0.13084760308265686,1593.3818770304115,1
0.958,0.32,0.12274520099163055,1729.8780612759433,1
0.958,0.32,0.11151673644781113,1708.5430715151165,1
0.958,0.32,0.10568135231733322,1865.1957246706286,1
0.958,0.32,0.09638886898756027,1901.0668861178112,1
0.958,0.32,0.09897953271865845,1887.984926430607,1
0.958,0.32,0.12610013782978058,1765.4534223650692,1
0.958,0.32,0.2025715559720993,1498.2627602618074,1
0.958,0.32,0.26120954751968384,1314.4871518659752,1
0.958,0.32,0.30403146147727966,1259.9799644797524,1
0.958,0.32,0.31467869877815247,1288.468369679254,1
0.958,0.32,0.3048064410686493,1295.847325814625,1
0.958,0.32,0.28403669595718384,1367.3688407892541,1
0.958,0.32,0.26659056544303894,1423.7767268328653,1
0.958,0.32,0.2510680556297302,1450.0423028088737,1
0.958,0.32,0.24359795451164246,1525.090914320642,1
0.958,0.32,0.23904070258140564,1552.8882136231705,1
0.958,0.32,0.23697973787784576,1533.79104560027,1
0.958,0.32,0.2326379120349884,1564.7216590892203,1
0.958,0.32,0.2345740646123886,1579.092197980961,1
0.958,0.32,0.23396457731723785,1561.5951175096898,1
0.958,0.32,0.2401244342327118,1480.2110357347728,1
0.958,0.32,0.2520621120929718,1432.5937428029008,1
0.958,0.32,0.2567116320133209,1365.7285732401263,1
0.958,0.32,0.26574045419692993,1351.6779232617969,1
0.958,0.32,0.29286935925483704,1297.4612039849394,1
0.958,0.32,0.2842181324958801,1222.7296502045187,1
0.958,0.32,0.2696778476238251,1289.5640747217399,1
0.958,0.32,0.2632560133934021,1267.1624332880351,1
0.958,0.32,0.2815639078617096,1244.970901520911,1
0.958,0.32,0.2745802700519562,1208.7977164182557,1
0.958,0.32,0.25469040870666504,1305.7193704237127,1
0.958,0.32,0.2576260268688202,1284.3690890231012,1
0.958,0.32,0.2672533392906189,1236.1264046347717,1
0.958,0.32,0.25172680616378784,1302.8883627687032,1
0.958,0.32,0.2290925234556198,1327.3543709650157,1
0.958,0.32,0.23732419312000275,1332.1133066845355,1
0.958,0.32,0.23427066206932068,1240.2349848081615,1
0.958,0.32,0.21115539968013763,1283.1542084412115,1
0.958,0.32,0.1807948499917984,1278.6056502054212,1
0.958,0.32,0.17682190239429474,1356.8876108857626,1
0.958,0.32,0.16004623472690582,1450.7397679339556,1
0.958,0.32,0.13721702992916107,1585.3933903528207,1
0.958,0.32,0.12102222442626953,1685.3695960061355,1
0.958,0.32,0.11949922144412994,1706.9772175597645,1
0.958,0.32,0.10462090373039246,1865.816260821944,1
0.958,0.32,0.08551768958568573,1939.6943661403127,1
0.958,0.32,0.08143304288387299,2058.3378243557963,1
0.958,0.32,0.07582185417413712,2280.4829526955436,1
0.958,0.32,0.06158584728837013,2451.78849065382,1
0.958,0.32,0.05221358686685562,2627.5168748915344,1
0.958,0.32,0.049553852528333664,2854.427213536749,1
0.958,0.32,0.048334505409002304,2706.800807204952,1
0.958,0.32,0.09342607855796814,2322.631836048189,1
0.958,0.32,0.12961862981319427,1579.9090207795655,1
0.958,0.32,0.16433875262737274,1450.4424297067117,1
0.958,0.32,0.18411019444465637,1376.1763600612942,1
0.958,0.32,0.18656224012374878,1418.0172131073386,1
0.958,0.32,0.19320815801620483,1571.7027043736307,1
0.958,0.32,0.18559850752353668,1462.4897482919862,1
0.958,0.32,0.18006283044815063,1530.193059531515,1
0.958,0.32,0.16738630831241608,1652.9980360456223,1
0.958,0.32,0.145645409822464,1803.8137516608704,1
0.958,0.32,0.12983548641204834,1830.7562102504812,1
0.958,0.32,0.11824213713407516,2045.4869939271134,1
0.958,0.32,0.10431043803691864,2096.7772571026226,1
0.958,0.32,0.09686800092458725,2164.6484281305775,1
0.958,0.32,0.09305330365896225,2126.998075983993,1
0.958,0.32,0.09446148574352264,1895.370420798458,1
0.958,0.32,0.09223883599042892,1849.2545853712277,1
0.958,0.32,0.08573400229215622,2043.1801591837163,1
0.958,0.32,0.0736512616276741,2090.370819372421,1
0.958,0.32,0.06486103683710098,2206.124229133523,1
0.958,0.32,0.06089113652706146,2395.659765101993,1
0.958,0.32,0.0586017370223999,2539.828034369217,1
0.958,0.32,0.05778667703270912,2511.1201783830356,1
0.958,0.32,0.056922297924757004,2556.8218664679825,1
0.958,0.32,0.05388904735445976,2743.2899397511073,1
0.958,0.32,0.05072426423430443,2815.702625534481,1
0.958,0.32,0.05156766250729561,2736.3653897579684,1
0.958,0.32,0.055366575717926025,2544.5705109995033,1
0.958,0.32,0.09456802904605865,2213.6370973851,1
0.958,0.32,0.15182557702064514,1686.8662344635975,1
0.958,0.32,0.2294539213180542,1500.2221379563143,1
0.958,0.32,0.2733818292617798,1402.7428158105304,1
0.958,0.32,0.29017576575279236,1448.4089172754052,1
0.958,0.32,0.2845161259174347,1498.7551642653743,1
0.958,0.32,0.2666524648666382,1574.8034100922,1
0.958,0.32,0.25555747747421265,1629.0410769144441,1
0.958,0.32,0.2468743920326233,1590.2349937023268,1
0.958,0.32,0.2420259714126587,1627.111317010511,1
0.958,0.32,0.23472172021865845,1731.2541314160494,1
0.958,0.32,0.22775539755821228,1733.1251213479045,1
0.958,0.32,0.222640261054039,1748.5930390490767,1
0.958,0.32,0.2145570069551468,1835.8425433572456,1
0.958,0.32,0.20722272992134094,1857.8661404414784,1
0.958,0.32,0.1980719417333603,1835.9564497107326,1
0.958,0.32,0.1876208782196045,1783.8507282311448,1
0.958,0.32,0.1801547110080719,1706.930106197663,1
0.958,0.32,0.17872360348701477,1653.22876359078,1
0.958,0.32,0.15566381812095642,1602.6746368006134,1
0.958,0.32,0.15760663151741028,1810.3798310385991,1
0.958,0.32,0.13800862431526184,1917.277704255849,1
0.958,0.32,0.12586866319179535,1997.5954895366272,1
0.958,0.32,0.13412338495254517,2254.95644781578,1
0.958,0.32,0.12156695127487183,2111.371975228505,1
0.958,0.32,0.12558116018772125,2226.0453805488623,1
0.958,0.32,0.12000575661659241,2298.9257406217957,1
0.958,0.32,0.11529307067394257,2324.3803211000677,1
0.958,0.32,0.11400318890810013,2295.7551534532677,1
0.958,0.32,0.10593106597661972,2087.2816017788477,1
0.958,0.32,0.1094403937458992,1930.0390839615354,1
0.958,0.32,0.10954202711582184,1820.1143881279738,1
0.958,0.32,0.12044477462768555,1765.9722223034917,1
0.958,0.32,0.14091475307941437,1550.6761287413246,1
0.958,0.32,0.19945687055587769,1414.7279375054936,1
0.958,0.32,0.27659085392951965,1222.8982227217775,1
0.958,0.32,0.33026453852653503,1178.6381226248313,1
0.958,0.32,0.3466186821460724,1146.1822125182894,1
0.958,0.32,0.3678840398788452,1144.7780984548167,1
0.958,0.32,0.36546826362609863,1105.187829108176,1
0.958,0.32,0.3431719243526459,1114.89563706847,1
0.958,0.32,0.3176383376121521,1164.1308183788024,1
0.958,0.32,0.3235735595226288,1204.4408643829233,1
0.958,0.32,0.3169870376586914,1210.8709028800347,1
0.958,0.32,0.2991449534893036,1233.8070378270054,1
0.958,0.32,0.2924414277076721,1216.260645968887,1
0.958,0.32,0.3069574236869812,1199.7401071722618,1
0.958,0.32,0.3060767352581024,1225.068699575281,1
0.958,0.32,0.2925826609134674,1227.9127830941754,1
0.958,0.32,0.29631686210632324,1194.8755510039057,1
0.958,0.32,0.30605268478393555,1141.0922468133585,1
0.958,0.32,0.29647329449653625,1200.193782319931,1
0.958,0.32,0.2873762547969818,1218.9133000282422,1
0.958,0.32,0.2870890498161316,1203.0217896344006,1
0.958,0.32,0.29374322295188904,1179.2925586457286,1
0.958,0.32,0.2775215208530426,1155.1078304197338,1
0.958,0.32,0.2648355960845947,1190.787405686799,1
0.958,0.32,0.2660839855670929,1189.9191435213288,1
0.958,0.32,0.26465487480163574,1220.5380244195708,1
0.958,0.32,0.25095295906066895,1225.8898888914055,1
0.958,0.32,0.24555452167987823,1204.561256445517,1
0.958,0.32,0.24827414751052856,1236.1424770624524,1
0.958,0.32,0.242727130651474,1310.4259088928707,1
0.958,0.32,0.22606757283210754,1321.4571438751439,1
0.958,0.32,0.22120095789432526,1301.3572792442633,1
0.958,0.32,0.2312571108341217,1360.4844693099035,1
0.958,0.32,0.22144705057144165,1279.7900110756432,1
0.958,0.32,0.21737240254878998,1325.1063905331762,1
0.958,0.32,0.21180765330791473,1348.0118280178312,1
0.958,0.32,0.20883090794086456,1376.3714322766698,1
0.958,0.32,0.20609095692634583,1440.5914221853623,1
0.958,0.32,0.2044314593076706,1405.622646955163,1
0.958,0.32,0.21712177991867065,1342.520784441629,1
0.958,0.32,0.24060001969337463,1205.816528361413,1
0.958,0.32,0.2523360550403595,1141.5515425126985,1
0.958,0.32,0.2561858296394348,1179.1981891149258,1
0.958,0.32,0.2537483274936676,1186.5171788181988,1
0.958,0.32,0.26056161522865295,1147.9900780475373,1
0.958,0.32,0.2674417495727539,1154.7338152949944,1
0.958,0.32,0.2634703814983368,1141.2629582851666,1
0.958,0.32,0.26325568556785583,1125.0458494421755,1
0.958,0.32,0.26825153827667236,1109.2609530481614,1
0.958,0.32,0.2740122973918915,1136.2951719734353,1
0.958,0.32,0.2654980719089508,1118.4743431431436,1
0.958,0.32,0.26037803292274475,1122.7801242778305,1
0.958,0.32,0.2650103271007538,1111.7722752441855,1
0.958,0.32,0.2655787169933319,1093.4804613522888,1
0.958,0.32,0.25939619541168213,1148.014302637585,1
0.958,0.32,0.2525818347930908,1158.2332035017293,1
0.958,0.32,0.2573845684528351,1120.4141761192213,1
0.958,0.32,0.25990015268325806,1130.781735012049,1
0.958,0.32,0.2475530356168747,1158.5377142143566,1
0.958,0.32,0.24104344844818115,1170.0609058574996,1
0.958,0.32,0.2400006204843521,1144.3110645462211,1
0.958,0.32,0.22808240354061127,1222.4018575928994,1
0.958,0.32,0.20415104925632477,1297.6618410580368,1
0.958,0.32,0.1920473873615265,1282.1588198777356,1
0.958,0.32,0.1865466982126236,1323.2502489375743,1
0.958,0.32,0.1752183735370636,1423.4743423985406,1
0.958,0.32,0.1645887792110443,1439.1076890228633,1
0.958,0.32,0.15837262570858002,1429.5211529620078,1
0.958,0.32,0.15465083718299866,1514.3177364116796,1
0.958,0.32,0.14779779314994812,1556.7064086136406,1
0.958,0.32,0.1399528533220291,1591.5043671102312,1
0.958,0.32,0.1341567039489746,1671.710599267059,1
0.958,0.32,0.1321389079093933,1665.6516301578106,1
0.958,0.32,0.1282571256160736,1695.3611034944608,1
0.958,0.32,0.12428124994039536,1809.7243996290904,1
0.958,0.32,0.11869789659976959,1807.6802072300281,1
0.958,0.32,0.11764441430568695,1774.1216398421764,1
0.958,0.32,0.1163792833685875,1905.7201747508923,1
0.958,0.32,0.11037138849496841,1926.9438169349478,1
0.958,0.32,0.10623869299888611,1960.4064001879892,1
0.958,0.32,0.10456389933824539,1892.6804111984284,1
0.958,0.32,0.10243760049343109,1913.6791143233427,1
0.958,0.32,0.09752108156681061,1966.594956723364,1
0.958,0.32,0.09262087196111679,2017.1977010700953,1
0.958,0.32,0.0927528589963913,2099.621136951252,1
0.958,0.32,0.09126101434230804,2086.953691664193,1
0.958,0.32,0.08893571048974991,2141.853010946346,1
0.958,0.32,0.08432202786207199,2133.4691176560655,1
0.958,0.32,0.08544696122407913,2167.3366049053534,1
0.958,0.32,0.08346207439899445,2237.23136145633,1
0.958,0.32,0.08173925429582596,2347.8752294028563,1
0.958,0.32,0.07797249406576157,2240.4005962918914,1
0.958,0.32,0.07884148508310318,2219.296230043593,1
0.958,0.32,0.07934441417455673,2327.342569803489,1
0.958,0.32,0.07458893954753876,2303.6305427310454,1
0.958,0.32,0.07272224128246307,2479.6997374918574,1
0.958,0.32,0.07157213240861893,2437.793194201079,1
0.958,0.32,0.07115402817726135,2528.8354095798104,1
0.958,0.32,0.06856664270162582,2508.1762442584313,1
0.958,0.32,0.06495978683233261,2594.435232319857,1
0.958,0.32,0.06621857732534409,2697.738386068702,1
0.958,0.32,0.06510169059038162,2673.931521290523,1
0.958,0.32,0.06385397166013718,2859.6225460541864,1
0.958,0.32,0.060765765607357025,2823.064179820618,1
0.958,0.32,0.06149929016828537,2777.123674631943,1
0.958,0.32,0.06131191551685333,2796.4397950604166,1
0.958,0.32,0.05831949785351753,2803.1368043435377,1
0.958,0.32,0.05634978786110878,2952.9233951546425,1
0.958,0.32,0.057206593453884125,2948.240913308179,1
0.958,0.32,0.05566752329468727,2872.3496585683397,1
0.958,0.32,0.053360313177108765,2964.3997277029757,1
0.958,0.32,0.05025457963347435,2909.466492209508,1
0.958,0.32,0.05045827478170395,2887.3019420450973,1
0.958,0.32,0.05257244035601616,3129.1709220836683,1
0.958,0.32,0.04735642671585083,2988.7011919639217,1
0.958,0.32,0.04634706303477287,3045.7851307445144,1
0.958,0.32,0.047081995755434036,3150.04724236107,1
0.958,0.32,0.04629062861204147,3006.6643112469565,1
0.958,0.32,0.044444989413022995,3227.817225187179,1
0.958,0.32,0.04097847640514374,3185.41998701835,1
0.958,0.32,0.04264340177178383,3211.0815388130277,1
0.958,0.32,0.042695313692092896,3182.3402495176606,1
0.958,0.32,0.0403180867433548,3332.288259905232,1
0.958,0.32,0.0382423959672451,3459.512292460814,1
0.958,0.32,0.038637880235910416,3445.7757496654854,1
0.958,0.32,0.039937589317560196,3534.8852673584724,1
0.958,0.32,0.036543358117341995,3335.494603302871,1
0.958,0.32,0.035695623606443405,3504.2110743690328,1
0.958,0.32,0.03574458882212639,3467.8781303337246,1
0.958,0.32,0.03700537234544754,3591.7452562204244,1
0.958,0.32,0.03453749045729637,3534.816345195376,1
0.958,0.32,0.03300758823752403,3659.8031210833306,1
0.958,0.32,0.033176958560943604,3738.9913129157694,1
0.958,0.32,0.0336746908724308,3656.534342205831,1
0.958,0.32,0.03237300366163254,3816.1334824494,1
0.958,0.32,0.030691854655742645,3849.678704301218,1
0.958,0.32,0.031223110854625702,3818.669533592134,1
0.958,0.32,0.03184943273663521,3925.4238042029183,1
0.958,0.32,0.02912190556526184,3985.296971134169,1
0.958,0.32,0.02652416005730629,4137.207270799866,1
0.958,0.32,0.02596122957766056,4313.7775157579745,1
0.958,0.32,0.02576495334506035,4466.378169088657,1
0.958,0.32,0.022479446604847908,4595.9112671642,1
0.958,0.32,0.01953105255961418,4864.972945325048,1
0.958,0.32,0.01868235319852829,5127.154976710495,1
0.958,0.32,0.017442671582102776,5653.7841283138105,1
0.958,0.32,0.014683173038065434,5946.335139084926,1
0.958,0.32,0.012310012243688107,6219.056572554682,1
0.958,0.32,0.011613876558840275,6466.857186603444,1
0.958,0.32,0.011158769018948078,6915.918043762293,1
0.958,0.32,0.009390408173203468,7148.66589901057,1
0.958,0.32,0.008187168277800083,7464.976667883555,1
0.958,0.32,0.007877740077674389,7684.966017755121,1
0.958,0.32,0.007690068334341049,8002.7257728732075,1
0.958,0.32,0.006697659380733967,7789.461187669388,1
0.958,0.32,0.006031269673258066,7991.582091356956,1
0.958,0.32,0.005815756972879171,8313.423518516925,1
0.958,0.32,0.005431700497865677,8482.092670167109,1
0.958,0.32,0.004848243668675423,9012.311899076876,1
0.958,0.32,0.004252258688211441,9268.58241297166,1
0.958,0.32,0.004006997682154179,9282.136461545364,1
0.958,0.32,0.003916578833013773,9338.602520767101,1
0.958,0.32,0.003641904564574361,9248.232701911684,1
0.958,0.32,0.003539568278938532,9458.298804087433,1
0.958,0.32,0.0033996400889009237,9821.83388855223,1
0.958,0.32,0.003366362303495407,9854.176397896741,1
0.958,0.32,0.0032031333539634943,9957.42900297533,1
0.958,0.32,0.0032427727710455656,10061.654779683744,1
0.958,0.32,0.003114769235253334,9852.711662490929,1
0.958,0.32,0.0031274091452360153,9879.78427501289,1
0.958,0.32,0.003046628786250949,10007.123517670912,1
0.958,0.32,0.002957666292786598,10135.720089978775,1
0.958,0.32,0.0029305117204785347,10279.645213835507,1
0.958,0.32,0.0028620308730751276,10069.401997722232,1
0.958,0.32,0.002842647023499012,10257.881545344288,1
0.958,0.32,0.002740576397627592,10567.321449446445,1
0.958,0.32,0.002706243423745036,10565.825323995085,1
0.958,0.32,0.002648484893143177,10250.963665581075,1
0.958,0.32,0.0026287168730050325,10335.771019775832,1
0.958,0.32,0.002587077673524618,10351.790569652965,1
0.958,0.32,0.0025485081132501364,10261.247781920772,1
0.958,0.32,0.0024471853394061327,10243.132278405035,1
0.958,0.32,0.002368440618738532,10443.702147714046,1
0.958,0.32,0.002330423565581441,10608.073798267758,1
0.958,0.32,0.002323584398254752,10486.635005942422,1
0.958,0.32,0.0022767053451389074,10277.437237592265,1
0.958,0.32,0.0022911299020051956,10497.137216604158,1
0.958,0.32,0.0022815829142928123,10522.8045749058,1
0.958,0.32,0.0022717327810823917,10593.876927959642,1
0.958,0.32,0.0022569613065570593,10723.956128090398,1
0.958,0.32,0.002218482783064246,10613.5991438887,1
0.958,0.32,0.0022243119310587645,10589.63541695332,1
0.958,0.32,0.0022363471798598766,10514.929259946908,1
0.958,0.32,0.0022182343527674675,10690.718810850642,1
0.958,0.32,0.0022434433922171593,10685.016050596325,1
0.958,0.32,0.0022308039478957653,10675.60291116151,1
0.958,0.32,0.002194726374000311,10649.314495459079,1
0.958,0.32,0.002171408385038376,10755.139277907685,1
0.958,0.32,0.002136940136551857,10828.397104512704,1
0.958,0.32,0.0020963901188224554,10734.625026810505,1
0.958,0.32,0.002108065877109766,10991.035149965624,1
0.958,0.32,0.002161063253879547,10866.12377305481,1
0.958,0.32,0.0021707341074943542,10758.128679776224,1
0.958,0.32,0.0021833106875419617,10635.34054870073,1
0.958,0.32,0.0021556555293500423,10621.989363272683,1
0.958,0.32,0.0021392209455370903,10721.857078529581,1
0.958,0.32,0.0021354854106903076,10543.792467254922,1
0.958,0.32,0.0021437089890241623,10641.085737162848,1
0.958,0.32,0.002144521800801158,10850.088512292394,1
0.958,0.32,0.0021494736429303885,10937.182507790161,1
0.958,0.32,0.0021065252367407084,10818.816222406924,1
0.958,0.32,0.0020860345102846622,10863.310073154407,1
0.958,0.32,0.0020519716199487448,10589.19785181692,1
0.958,0.32,0.0020532100461423397,10749.738204848385,1
0.958,0.32,0.0020264028571546078,10742.10999152895,1
0.958,0.32,0.0020452034659683704,10875.31429384665,1
0.958,0.32,0.002057640813291073,10827.544974189845,1
0.958,0.32,0.002080309670418501,10976.487332547686,1
0.958,0.32,0.002030170289799571,11032.59582327534,1
0.958,0.32,0.002009693766012788,10834.430359520662,1
0.958,0.32,0.001990660559386015,10649.176700809703,1
0.958,0.32,0.0020243923645466566,10960.073818655559,1
0.958,0.32,0.002020395826548338,10825.501008474643,1
0.958,0.32,0.002027408452704549,10850.760461437163,1
0.958,0.32,0.002074095420539379,10815.30488558,1
0.958,0.32,0.0020717380102723837,10817.306623671917,1
0.958,0.32,0.002061073202639818,10855.549766686803,1
0.958,0.32,0.002050776034593582,10712.71925410708,1
0.958,0.32,0.0020406555850058794,10802.123566191796,1
0.958,0.32,0.0020333423744887114,10936.97369659347,1
0.958,0.32,0.0020216922275722027,10640.225269778168,1
0.958,0.32,0.0020196184050291777,10717.081314672734,1
0.958,0.32,0.0020291560795158148,10945.151045223238,1
0.958,0.32,0.0020312052220106125,10816.266413004163,1
0.958,0.32,0.00203696615062654,11089.475965971978,1
0.958,0.32,0.002049505477771163,10776.556023560397,1
0.958,0.32,0.0020345505326986313,10798.69554942307,1
0.958,0.32,0.0020362490322440863,10564.30876318494,1
0.958,0.32,0.0020436642225831747,10832.943045236476,1
0.958,0.32,0.0020407377742230892,10942.285222507982,1
0.958,0.32,0.0020263921469449997,10826.74373642722,1
0.958,0.32,0.0020403657108545303,10965.401630817905,1
0.958,0.32,0.002052096650004387,10937.024171959054,1
0.958,0.32,0.002069290494546294,11060.480654437139,1
0.958,0.32,0.0020168479532003403,11071.28289247692,1
0.958,0.32,0.002016102895140648,11107.764983313238,1
0.958,0.32,0.0020102527923882008,10910.71526784613,1
0.958,0.32,0.0020436011254787445,10874.613139587973,1
0.958,0.32,0.0020336660090833902,10614.825489193023,1
0.958,0.32,0.002016432350501418,10902.152188369319,1
0.958,0.32,0.001980778994038701,10971.62443775466,1
0.958,0.32,0.0019770332146435976,10934.60069471284,1
0.958,0.32,0.0019887646194547415,11032.693226556621,1
0.958,0.32,0.0020002038218080997,10957.841449727504,1
0.958,0.32,0.001997707411646843,10756.906735411672,1
0.958,0.32,0.001990425633266568,10812.088312938853,1
0.958,0.32,0.0019883818458765745,11076.15455761346,1
0.958,0.32,0.0019696520175784826,11008.159952525795,1
0.958,0.32,0.0019988813437521458,10991.682859390356,1
0.958,0.32,0.0020134965889155865,11134.55244687259,1
0.958,0.32,0.0019928717520087957,11103.505505830026,1
0.958,0.32,0.0020096218213438988,10952.595991242844,1
0.958,0.32,0.0020177261903882027,10991.011923758691,1
0.958,0.32,0.002033006399869919,11032.956304980527,1
0.958,0.32,0.0020205241162329912,10921.81763558396,1
0.958,0.32,0.0019763947930186987,11011.392124941896,1
0.958,0.32,0.001943186391144991,11191.190753727313,1
0.958,0.32,0.0019688180182129145,10866.089398517443,1
0.958,0.32,0.001980692846700549,10615.946267096548,1
0.958,0.32,0.0020098432432860136,10638.974399396036,1
0.958,0.32,0.0019756294786930084,10792.622976120769,1
0.958,0.32,0.00198226235806942,10891.486952876101,1
0.958,0.32,0.0019883522763848305,10988.10152688653,1
0.958,0.32,0.0020001595839858055,10899.428392646569,1
0.958,0.32,0.002009644405916333,10922.210990785261,1
0.958,0.32,0.002012378303334117,10706.057150021501,1
0.958,0.32,0.0020325721707195044,10683.432130336443,1
0.958,0.32,0.002002344699576497,11041.133010535024,1
0.958,0.32,0.0019687884487211704,10888.956544099097,1
0.958,0.32,0.0019762255251407623,11001.4655843453,1
0.958,0.32,0.0019621760584414005,11075.1839537567,1
0.958,0.32,0.001977018779143691,10938.518310634396,1
0.958,0.32,0.001996475737541914,10781.664277891383,1
0.958,0.32,0.001989254727959633,11022.816939749784,1
0.958,0.32,0.0020278128795325756,10928.405262938506,1
0.958,0.32,0.0020289288368076086,10865.454446332285,1
0.958,0.32,0.002011575736105442,10784.510923147642,1
0.958,0.32,0.0020017370115965605,10714.693515864983,1
0.958,0.32,0.0019933825824409723,10912.905957093815,1
0.958,0.32,0.0020479753147810698,11072.467243311039,1
0.958,0.32,0.0020207648631185293,11132.664364756776,1
0.958,0.32,0.0020519027020782232,10988.677295924783,1
0.958,0.32,0.0020545516163110733,10821.135997278448,1
0.958,0.32,0.002032282529398799,10825.48121589188,1
0.958,0.32,0.002037483500316739,10725.122462336838,1
0.958,0.32,0.0020310040563344955,11051.313053924521,1
0.958,0.32,0.0020239059813320637,11034.186196100483,1
0.958,0.32,0.001995166065171361,10755.880866482408,1
0.958,0.32,0.0019768739584833384,10855.98524577188,1
0.958,0.32,0.001968218944966793,10826.182320861137,1
0.958,0.32,0.0019968964625149965,10677.968080448794,1
0.958,0.32,0.001994076417759061,10817.683679700034,1
0.958,0.32,0.001961194910109043,10996.220511054176,1
0.958,0.32,0.0019740185234695673,10861.054877891613,1
0.958,0.32,0.0019633290357887745,10999.423515034716,1
0.958,0.32,0.0019508828409016132,11094.448185382844,1
0.958,0.32,0.0019386399071663618,11035.94691411814,1
0.958,0.32,0.0019020973704755306,10919.663230519604,1
0.958,0.32,0.0018747820286080241,11249.390429521325,1
0.958,0.32,0.0019048067042604089,11135.929691561321,1
0.958,0.32,0.0019510453566908836,11067.544026146723,1
0.958,0.32,0.0019338824786245823,11129.78308065713,1
0.958,0.32,0.001936897519044578,11254.960198610004,1
0.958,0.32,0.0019028038950636983,11025.95810919003,1
0.958,0.32,0.0019058693433180451,11022.01389571176,1
0.958,0.32,0.0019215482752770185,10945.776877427526,1
0.958,0.32,0.0019595574121922255,10841.384086735667,1
0.958,0.32,0.0019741321448236704,10708.268329913364,1
0.958,0.32,0.001955248648300767,10853.851497867647,1
0.958,0.32,0.0019308045739308,10964.401841720326,1
0.958,0.32,0.0019426355138421059,11067.514288558772,1
0.958,0.32,0.0019321275176480412,10862.12241639385,1
0.958,0.32,0.001912638545036316,10918.189140055758,1
0.958,0.32,0.0019219323294237256,10915.200315076458,1
0.958,0.32,0.0019282958237454295,10987.143432376173,1
0.958,0.32,0.0019542432855814695,10940.585772168848,1
0.958,0.32,0.0019461831543594599,11100.645429079957,1
0.958,0.32,0.0019187723519280553,11186.937409885726,1
0.958,0.32,0.0019026929512619972,11085.144891243399,1
0.958,0.32,0.001871241140179336,11026.228374089818,1
0.958,0.32,0.001869766041636467,11059.29050209952,1
0.958,0.32,0.0018621253548189998,11055.014517222953,1
0.958,0.32,0.0018966577481478453,10853.586660480803,1
0.958,0.32,0.0019001546315848827,11009.440867464247,1
0.958,0.32,0.0019403762416914105,10992.1889000772,1
0.958,0.32,0.0019441930344328284,10815.147712306147,1
0.958,0.32,0.001925916294567287,10832.438659146477,1
0.958,0.32,0.0019485143711790442,11108.994285706449,1
0.958,0.32,0.001966112991794944,10868.81020888592,1
0.958,0.32,0.0019446740625426173,10739.321914952063,1
0.958,0.32,0.00192427693400532,10906.461641058973,1
0.958,0.32,0.0019139174837619066,10929.915220509944,1
0.958,0.32,0.0019129127031192183,10962.43342300639,1
0.958,0.32,0.0019442349439486861,10761.681624610614,1
0.958,0.32,0.001957613043487072,10894.756047364379,1
0.958,0.32,0.0019765058532357216,11103.797174932384,1
0.958,0.32,0.002002405235543847,10825.349335036604,1
0.958,0.32,0.0019733367953449488,10779.540911654749,1
0.958,0.32,0.0019117721822112799,10861.916191427557,1
0.958,0.32,0.0018990447279065847,11049.581301052318,1
0.958,0.32,0.001883898745290935,10979.217552143937,1
0.958,0.32,0.0019059320911765099,11244.508753147467,1
0.958,0.32,0.0019425483187660575,11074.985756180664,1
0.958,0.32,0.0019330463837832212,10983.595668139342,1
0.958,0.32,0.0019271010532975197,10969.754439617514,1
0.958,0.32,0.0018789893947541714,10859.028551905452,1
0.958,0.32,0.0018727281130850315,10934.6319111466,1
0.958,0.32,0.0018882548902183771,11169.166859237517,1
0.958,0.32,0.0019102959195151925,11213.342229572787,1
0.958,0.32,0.0019178971415385604,10964.44645710649,1
0.958,0.32,0.001946506672538817,11036.807587276437,1
0.958,0.32,0.0019331244984641671,11073.019691078476,1
0.958,0.32,0.0019785426557064056,11056.013326718914,1
0.958,0.32,0.0019435279536992311,10976.022633508594,1
0.958,0.32,0.0019357827259227633,11193.002372842015,1
0.958,0.32,0.0019390155794098973,10807.142902744548,1
0.958,0.32,0.0019803447648882866,10986.640723715025,1
0.958,0.32,0.001927862991578877,11174.230562046305,1
0.958,0.32,0.0019163418328389525,11199.294452192897,1
0.958,0.32,0.0019394430564716458,11223.675605687695,1
0.958,0.32,0.0019665509462356567,10875.395374677631,1
0.958,0.32,0.002005629939958453,11068.158709640471,1
0.958,0.32,0.001964812632650137,11258.93971503565,1
0.958,0.32,0.0019339002901688218,11209.809113293548,1
0.958,0.32,0.001935637672431767,11116.57936417998,1
0.958,0.32,0.001941536902450025,10903.055858871168,1
0.958,0.32,0.001933536259457469,10840.328880665063,1
0.958,0.32,0.0019441423937678337,10880.775970808048,1
0.958,0.32,0.0019470066763460636,10805.898173313519,1
0.958,0.32,0.0019273529760539532,10940.116285261256,1
0.958,0.32,0.0019238803070038557,10998.567090423065,1
0.958,0.32,0.001919592497870326,10970.986744590238,1
0.958,0.32,0.0018912737723439932,10944.607870035961,1
0.958,0.32,0.0018875865498557687,11156.320045242679,1
0.958,0.32,0.0019111463334411383,11414.443464180695,1
0.958,0.32,0.0019317780388519168,10981.752907452528,1
0.958,0.32,0.0019531144062057137,11073.335580976569,1
0.958,0.32,0.001984712900593877,11222.930643356856,1
0.958,0.32,0.001949819503352046,11191.08651610059,1
0.958,0.32,0.0019642170518636703,10937.397981665774,1
0.958,0.32,0.0019859480671584606,10887.888025464508,1
0.958,0.32,0.001975829480215907,10637.477570351324,1
0.958,0.32,0.001993090845644474,10807.329824056309,1
0.958,0.32,0.00197112956084311,10849.397901611783,1
0.958,0.32,0.0019435130525380373,10783.806478935334,1
0.958,0.32,0.0019181612879037857,10992.914046809072,1
0.958,0.32,0.0019234560895711184,11033.241111025713,1
0.958,0.32,0.0019467148231342435,10979.476656845829,1
0.958,0.32,0.0019601453095674515,11017.423795673025,1
0.958,0.32,0.0019657916855067015,10820.06994474015,1
0.958,0.32,0.001947946846485138,11033.290214387735,1
0.958,0.32,0.0019274477381259203,10927.525339443908,1
0.958,0.32,0.0019340113503858447,10894.951808544236,1
0.958,0.32,0.0019166560377925634,11068.498294765188,1
0.958,0.32,0.0019227745942771435,10870.391289104,1
0.958,0.32,0.0019142405362799764,11038.032108459196,1
0.958,0.32,0.0019483697833493352,10869.742149363898,1
0.958,0.32,0.001955526415258646,10973.113089300816,1
0.958,0.32,0.001974663231521845,11200.270563062913,1
0.958,0.32,0.0019508062396198511,11238.106653817533,1
0.958,0.32,0.0019288138719275594,10976.077124417849,1
0.958,0.32,0.00194214575458318,10981.156789498904,1
0.958,0.32,0.001938446774147451,11173.178788191955,1
0.958,0.32,0.0019495094893500209,11059.472139356832,1
0.958,0.32,0.0019448582315817475,10834.724686259113,1
0.958,0.32,0.0019560283981263638,10868.270811525163,1
0.958,0.32,0.0019346466287970543,11013.249905986217,1
0.958,0.32,0.001935965265147388,11092.81497384798,1
0.958,0.32,0.0019613096956163645,10857.961150193289,1
0.958,0.32,0.0019496919121593237,11013.1954106292,1
0.958,0.32,0.0019224786665290594,10853.241238241451,1
0.958,0.32,0.001933291438035667,10827.069271801065,1
0.958,0.32,0.0018948183860629797,11039.367010681239,1
0.958,0.32,0.0019197826040908694,10808.449271316094,1
0.958,0.32,0.0019289108458906412,10942.37884793468,1
0.958,0.32,0.001902498072013259,11193.8562686267,1
0.958,0.32,0.001908402657136321,10911.023652884449,1
0.958,0.32,0.0018767567817121744,10835.253819555885,1
0.958,0.32,0.0018977734725922346,10833.098945403583,1
0.958,0.32,0.0019146207487210631,10923.957689186302,1
0.958,0.32,0.001940217800438404,10764.195850244349,1
0.958,0.32,0.0019422391196712852,10839.446153190123,1
0.958,0.32,0.001967670163139701,10873.320355102695,1
0.958,0.32,0.0019384335028007627,10821.209811274752,1
0.958,0.32,0.0019472406711429358,10769.564746189048,1
0.958,0.32,0.0019393686670809984,10919.468253622981,1
0.958,0.32,0.001969726290553808,11110.65863780785,1
0.958,0.32,0.0019768825732171535,11087.864606662328,1
0.958,0.32,0.0019355573458597064,11029.11830640045,1
0.958,0.32,0.001960994675755501,10937.848348410647,1
0.958,0.32,0.0019599825609475374,10935.855959787186,1
0.958,0.32,0.0019704834558069706,10872.601965054364,1
0.958,0.32,0.001966022187843919,10956.531588132133,1
0.958,0.32,0.0019376766867935658,11013.295728203542,1
0.958,0.32,0.001963490154594183,10992.198001979265,1
0.958,0.32,0.0019540570210665464,11182.947019430761,1
0.958,0.32,0.0019606705754995346,11024.648442168267,1
0.958,0.32,0.0019919879268854856,10997.480223073948,1
0.958,0.32,0.001992553938180208,11237.060229535018,1
0.958,0.32,0.001987396739423275,11218.452418646179,1
0.958,0.32,0.0019301548600196838,11259.393473729308,1
0.958,0.32,0.0019460163312032819,10967.004947020676,1
0.958,0.32,0.0018793930066749454,11079.196069861191,1
0.958,0.32,0.001905545825138688,11099.288589454847,1
0.958,0.32,0.0018953940598294139,11165.117814454272,1
0.958,0.32,0.0018884005257859826,11180.150707780454,1
0.958,0.32,0.0019192731706425548,11037.36057976227,1
0.958,0.32,0.0019181304378435016,10784.77389926173,1
0.958,0.32,0.0019356192788109183,11008.526707415469,1
0.958,0.32,0.001970954006537795,10840.976262920805,1
0.958,0.32,0.001954113133251667,11008.924078746644,1
0.958,0.32,0.0019659779500216246,11006.995420484014,1
0.958,0.32,0.001962043112143874,11055.02230389687,1
0.958,0.32,0.0019690131302922964,11099.731665955302,1
0.958,0.32,0.001961985370144248,11050.164044913932,1
0.958,0.32,0.0019701262935996056,10877.539789929202,1
0.958,0.32,0.0019840754102915525,10852.740504765885,1
0.958,0.32,0.001964912284165621,11074.632324280006,1
0.958,0.32,0.0019423086196184158,10912.447905161982,1
0.958,0.32,0.0019080640049651265,10693.925855784513,1
0.958,0.32,0.0018943370087072253,10977.240985327315,1
0.958,0.32,0.0019125266699120402,11189.15871671015,1
0.958,0.32,0.0019325031898915768,11050.642228232846,1
0.958,0.32,0.001921465969644487,11092.185356722573,1
0.958,0.32,0.0019355437252670527,11136.82188595663,1
0.958,0.32,0.0019438649760559201,11089.32166511471,1
0.958,0.32,0.001975132618099451,11153.372774261032,1
0.958,0.32,0.001986201386898756,11151.938952649716,1
0.958,0.32,0.001978663494810462,10945.44120525653,1
0.958,0.32,0.0020007595885545015,11005.069226441457,1
0.958,0.32,0.001982469344511628,10935.309197580345,1
0.958,0.32,0.0019772120285779238,11077.315475630272,1
0.958,0.32,0.001962442649528384,11074.79664966104,1
0.958,0.32,0.0019284849986433983,11212.226659273008,1
0.958,0.32,0.0019068921683356166,11031.906767915512,1
0.958,0.32,0.0018944063922390342,10926.66560913742,1
0.958,0.32,0.0018918068381026387,10983.329872894956,1
0.958,0.32,0.001873296918347478,11057.646172647219,1
0.958,0.32,0.0018994661513715982,11042.53333535905,1
0.958,0.32,0.001913727493956685,10928.769903128486,1
0.958,0.32,0.0019322567386552691,11085.01520169447,1
0.958,0.32,0.0019334866665303707,10988.809696208069,1
0.958,0.32,0.0019335213582962751,11035.507800709496,1
0.958,0.32,0.0019310764037072659,10857.037245379044,1
0.958,0.32,0.0019037271849811077,11061.743476953587,1
0.958,0.32,0.0019074416486546397,11055.148426915996,1
0.958,0.32,0.0019285437883809209,10989.08517400008,1
0.958,0.32,0.0019462746568024158,10756.731964055381,1
0.958,0.32,0.001948587247170508,10830.546152360415,1
0.958,0.32,0.001954191131517291,10912.519687469592,1
0.958,0.32,0.0019487373065203428,10890.666977878836,1
0.958,0.32,0.001951530808582902,11051.758430322461,1
0.958,0.32,0.0019258192041888833,11130.874987859557,1
0.958,0.32,0.0019317650003358722,10915.151662732787,1
0.958,0.32,0.0019313916563987732,10876.258651846474,1
0.958,0.32,0.0019469686085358262,10833.692285702204,1
0.958,0.32,0.0019559364300221205,10824.408233951344,1
0.958,0.32,0.001966188894584775,11227.371425441095,1
0.958,0.32,0.0019467428792268038,11261.187247831742,1
0.958,0.32,0.0019260169938206673,11114.00050314296,1
0.958,0.32,0.0019341522129252553,10883.28650731279,1
0.958,0.32,0.001904836273752153,10861.653656904038,1
0.958,0.32,0.001907519530504942,11020.952984822854,1
0.958,0.32,0.0018984181806445122,11038.122042523368,1
0.958,0.32,0.001881866599433124,11028.6791374786,1
0.958,0.32,0.001934116124175489,11109.110762140486,1
0.958,0.32,0.0019207297591492534,10957.537835109219,1
0.958,0.32,0.0019397875294089317,10879.97497191919,1
0.958,0.32,0.001974509097635746,10950.599952222408,1
0.958,0.32,0.0019572970923036337,11066.463029833747,1
0.958,0.32,0.00198713899590075,10979.409496406239,1
0.958,0.32,0.001969150034710765,11092.831046675044,1
0.958,0.32,0.001958525972440839,10898.42763255363,1
0.958,0.32,0.0019518564222380519,10928.312011392434,1
0.958,0.32,0.0019324419554322958,10894.181377968744,1
0.958,0.32,0.0019256877712905407,10895.434571903515,1
0.958,0.32,0.0019011561525985599,10873.18822262758,1
0.958,0.32,0.0019298825645819306,10851.357388410233,1
0.958,0.32,0.0019469870021566749,10918.650789895804,1
0.958,0.32,0.001972330268472433,10871.755048731338,1
0.958,0.32,0.001962771639227867,10736.943872893455,1
0.958,0.32,0.0019128192216157913,10994.622220438294,1
0.958,0.32,0.0019180376548320055,10986.465524590649,1
0.958,0.32,0.0018690821016207337,11193.890890521823,1
0.958,0.32,0.0018925773911178112,11089.56788526156,1
0.958,0.32,0.0018953136168420315,10718.919923863756,1
0.958,0.32,0.0019125690450891852,10917.630725324616,1
0.958,0.32,0.001908194157294929,10974.103765210271,1
0.958,0.32,0.0019038927275687456,10915.486666809958,1
0.958,0.32,0.0018896822584792972,10934.711467749496,1
0.958,0.32,0.0019179017981514335,11081.22687440624,1
0.958,0.32,0.001944161020219326,11007.088006627224,1
0.958,0.32,0.0019502777140587568,10821.696530732279,1
0.958,0.32,0.0019041260238736868,10839.116195140656,1
0.958,0.32,0.0019058455945923924,10978.625394996592,1
0.958,0.32,0.0019195741042494774,10939.632412773217,1
0.958,0.32,0.001909957965835929,10977.403976312191,1
0.958,0.32,0.001971343532204628,10893.573890791959,1
0.958,0.32,0.0019289421616122127,10994.247951168938,1
0.958,0.32,0.0019268502946943045,10951.429146191967,1
0.958,0.32,0.0019258968532085419,11069.631486556138,1
0.958,0.32,0.0019210680620744824,11096.1914937839,1
0.958,0.32,0.0019599914085119963,11116.96994166341,1
0.958,0.32,0.0019900237675756216,11039.345059743873,1
0.958,0.32,0.0019818744622170925,10928.952519753424,1
0.958,0.32,0.0019505632808431983,10879.252203789707,1
0.958,0.32,0.0019660256803035736,11068.821411421712,1
0.958,0.32,0.001944975578226149,11020.230574669145,1
0.958,0.32,0.0019469630206003785,11006.935726865682,1
0.958,0.32,0.0019264004658907652,10846.619646770556,1
0.958,0.32,0.0019426477374508977,11144.428283863623,1
0.958,0.32,0.0019529410637915134,11342.37218020426,1
0.958,0.32,0.001959143439307809,11195.651168524571,1
0.958,0.32,0.00197575893253088,11090.226204802722,1
0.958,0.32,0.0019944868981838226,10902.654821359967,1
0.958,0.32,0.001966595184057951,11184.069507958664,1
0.958,0.32,0.001929524471051991,11191.734286538322,1
0.958,0.32,0.0019288716139271855,11065.506058917335,1
0.958,0.32,0.0018922733142971992,11154.405386290793,1
0.958,0.32,0.0018856545211747289,11044.788021274398,1
0.958,0.32,0.0018780154641717672,10930.832986808298,1
0.958,0.32,0.0019125179387629032,11088.26884619873,1
0.958,0.32,0.0019252499332651496,11015.022003303719,1
0.958,0.32,0.0019643462728708982,10893.200914559562,1
0.958,0.32,0.0019428550731390715,10920.63980698347,1
0.958,0.32,0.0019607332069426775,10768.745337226806,1
0.958,0.32,0.001975684193894267,10778.399094305976,1
0.958,0.32,0.0020003817044198513,11006.779529668347,1
0.958,0.32,0.0019488355610519648,11001.387390429307,1
0.958,0.32,0.0019633995834738016,11116.828734294011,1
0.958,0.32,0.0019388406071811914,11031.05655982427,1
0.958,0.32,0.0019506749231368303,10845.199763553359,1
0.958,0.32,0.0019769580103456974,10961.43397187594,1
0.958,0.32,0.0019516742322593927,11098.782174984144,1
0.958,0.32,0.0018960366724058986,10907.380957972837,1
0.958,0.32,0.0018815547227859497,10628.1217284612,1
0.958,0.32,0.0018870682688429952,10750.002309653364,1
0.958,0.32,0.0019177899230271578,10913.88820490763,1
0.958,0.32,0.0019701358396559954,10825.926591460422,1
0.958,0.32,0.0019896405283361673,10937.12361156477,1
0.958,0.32,0.0019515131134539843,11153.137850566069,1
0.958,0.32,0.0019269415643066168,11125.963318318707,1
0.958,0.32,0.001913996646180749,10873.598613945476,1
0.958,0.32,0.0019600121304392815,10960.8479517202,1
0.958,0.32,0.001972273690626025,11111.991316377082,1
0.958,0.32,0.00195687310770154,11183.79005509377,1
0.958,0.32,0.001920789829455316,10933.479463471464,1
0.958,0.32,0.001886287471279502,10772.03723411348,1
0.958,0.32,0.001899958704598248,11014.393890843938,1
0.958,0.32,0.001902117975987494,10980.573483285902,1
0.958,0.32,0.0019407368963584304,11147.979205733862,1
0.958,0.32,0.001965257339179516,10909.663827201559,1
0.958,0.32,0.0019676743540912867,11115.362323018222,1
0.958,0.32,0.0019390617962926626,11120.320986710749,1
0.958,0.32,0.0019033412681892514,10994.26040962439,1
0.958,0.32,0.001885154633782804,10733.906593781652,1
0.958,0.32,0.0018903262680396438,11033.951757734814,1
0.958,0.32,0.0019297366961836815,11077.746908041125,1
0.958,0.32,0.0019298156257718801,11332.353008145754,1
0.958,0.32,0.0019295014208182693,11130.01311121635,1
0.958,0.32,0.0019168505677953362,10919.303796346238,1
0.958,0.32,0.0019487168174237013,11139.150797755934,1
0.958,0.32,0.0019677928648889065,11044.7316877722,1
0.958,0.32,0.0019624626729637384,10925.153516005226,1
0.958,0.32,0.001957827480509877,11115.820000164691,1
0.958,0.32,0.0019153286702930927,10998.583973296436,1
0.958,0.32,0.0019148277351632714,10906.236657049889,1
0.958,0.32,0.0019185737473890185,11025.081063420628,1
0.958,0.32,0.0019418182782828808,10957.553807532124,1
0.958,0.32,0.0019188974983990192,10980.858680249536,1
0.958,0.32,0.0019280064152553678,11215.473617575803,1
0.958,0.32,0.001938525354489684,11112.428888347946,1
0.958,0.32,0.0019402235047891736,10731.848149091873,1
0.958,0.32,0.0019379096338525414,10775.46254293909,1
0.958,0.32,0.0019363521132618189,10834.882337104515,1
0.958,0.32,0.0019215259235352278,11088.73876490266,1
0.958,0.32,0.0019168592989444733,11035.186114163134,1
0.958,0.32,0.0019189045997336507,11184.87453771343,1
0.958,0.32,0.001912860432639718,11006.449388598929,1
0.958,0.32,0.0018928681965917349,11107.855976712062,1
0.958,0.32,0.0019111516885459423,11100.907380176399,1
0.958,0.32,0.0018935904372483492,11176.592516900542,1
0.958,0.32,0.0018861187854781747,11308.843605870708,1
0.958,0.32,0.0018802344566211104,11109.457962130342,1
0.958,0.32,0.0019007539376616478,10994.105811623107,1
0.958,0.32,0.0018989472882822156,10989.417976154902,1
0.958,0.32,0.0019161980599164963,11007.33976966417,1
0.958,0.32,0.001935444655828178,10988.440369265427,1
0.958,0.32,0.0019373781979084015,10924.173714535144,1
0.958,0.32,0.0019502128707244992,10962.607927060579,1
0.958,0.32,0.001918214955367148,10971.498680970693,1
0.958,0.32,0.0019333109958097339,10868.48245034468,1
0.958,0.32,0.0019062127685174346,10815.925990283518,1
0.958,0.32,0.001905469223856926,11187.62484914769,1
0.958,0.32,0.001890412881039083,11150.314628564167,1
0.958,0.32,0.0018708310090005398,11191.489565550235,1
0.958,0.32,0.0018757296493276954,10978.42971576049,1
0.958,0.32,0.0018813862698152661,11013.899202591487,1
0.958,0.32,0.0018973859259858727,11335.02556997236,1
0.958,0.32,0.001914205844514072,11205.376728488065,1
0.958,0.32,0.0019411605317145586,11336.321850125018,1
0.958,0.32,0.0019628405570983887,11115.840061174018,1
0.958,0.32,0.0019408407388255,11208.763985541977,1
0.958,0.32,0.0019277893006801605,11215.043548269387,1
0.958,0.32,0.0019108240958303213,10998.884383833756,1
0.958,0.32,0.0018938607536256313,11027.986016859619,1
0.958,0.32,0.0019095743773505092,11059.965563979222,1
0.958,0.32,0.0018885029712691903,11208.433785229166,1
0.958,0.32,0.0018766160355880857,11090.102544551064,1
0.958,0.32,0.0019108116393908858,10941.4841367279,1
0.958,0.32,0.0019322843290865421,10792.52992733597,1
0.958,0.32,0.0019569762516766787,11066.650965473636,1
0.958,0.32,0.001982274232432246,10945.137492340318,1
0.958,0.32,0.001965591683983803,10927.62247574943,1
0.958,0.32,0.00196828437037766,10879.380215726322,1
0.958,0.32,0.0019270231714472175,10659.237339922915,1
0.958,0.32,0.0019202878465875983,11205.558321152788,1
0.958,0.32,0.0019017747836187482,11261.943235932098,1
0.958,0.32,0.0018709878204390407,11369.513133954844,1
0.958,0.32,0.0018724779365584254,11151.60388535976,1
0.958,0.32,0.001894598943181336,10905.47091687621,1
0.958,0.32,0.0019312332151457667,11131.940231870918,1
0.958,0.32,0.00198171753436327,10990.698691077121,1
0.958,0.32,0.0019531231373548508,11094.698321035023,1
0.958,0.32,0.001964499242603779,10983.08947053586,1
0.958,0.32,0.0019448986276984215,11141.951030318103,1
0.958,0.32,0.0019457016605883837,11130.348791878563,1
0.958,0.32,0.001968047581613064,11184.212576158287,1
0.958,0.32,0.0019465192453935742,10928.97125582007,1
0.958,0.32,0.0019458679016679525,10940.5603287113,1
0.958,0.32,0.0019504809752106667,10737.078779818088,1
0.958,0.32,0.0019529851851984859,11036.747868230317,1
0.958,0.32,0.0019679097458720207,11194.279699100134,1
0.958,0.32,0.0019786376506090164,11266.443010300038,1
0.958,0.32,0.001958154607564211,11245.099247786715,1
0.958,0.32,0.0019648976158350706,10921.589372302362,1
0.958,0.32,0.0019504118245095015,11052.30213758946,1
0.958,0.32,0.001983410445973277,11262.454444793,1
0.958,0.32,0.0020180316641926765,10876.616630830313,1
0.958,0.32,0.0020188502967357635,11031.529378133346,1
0.958,0.32,0.001955247251316905,11118.984174623576,1
0.958,0.32,0.001915803411975503,10996.208711937492,1
0.958,0.32,0.0019171646563336253,10844.489017311265,1
0.958,0.32,0.0019059504847973585,11154.044898811715,1
0.958,0.32,0.0018841266864910722,11284.99736804765,1
0.958,0.32,0.001906001940369606,11016.73748360829,1
0.958,0.32,0.0019180424278602004,10885.628190308762,1
0.958,0.32,0.0018907946068793535,11203.004353744072,1
0.958,0.32,0.001879090559668839,11044.458506178937,1
0.958,0.32,0.001881972188130021,10914.956087619734,1
0.958,0.32,0.001922059920616448,10954.942950874873,1
0.958,0.32,0.0019314329838380218,10883.95010495108,1
0.958,0.32,0.0019378780853003263,10859.17537952248,1
0.958,0.32,0.0019127033883705735,11025.81849807496,1
0.958,0.32,0.001892470521852374,10882.91211039919,1
0.958,0.32,0.0018756710924208164,10833.869332896555,1
0.958,0.32,0.0018910992657765746,10973.899760886876,1
0.958,0.32,0.001897060894407332,11022.457846237781,1
0.958,0.32,0.0019515783060342073,11126.582573908643,1
0.958,0.32,0.0019266150193288922,11346.253294511667,1
0.958,0.32,0.001931029255501926,11109.570871082029,1
0.958,0.32,0.001924644922837615,10815.1985833591,1
0.958,0.32,0.0019386811181902885,10794.734555070518,1
0.958,0.32,0.0019436882575973868,10807.902401310792,1
0.958,0.32,0.0019391825189813972,11026.534618048008,1
0.958,0.32,0.0018980923341587186,11221.631708322639,1
0.958,0.32,0.001859231386333704,10987.540357498268,1
0.958,0.32,0.0018623687792569399,11142.261752970902,1
0.958,0.32,0.0018708682619035244,11177.602687324013,1
0.958,0.32,0.0019078515470027924,11451.327417109253,1
0.958,0.32,0.001939796144142747,11176.478610556318,1
0.958,0.32,0.0019376963609829545,11032.474418855472,1
0.958,0.32,0.0019361304584890604,10730.188949227468,1
0.958,0.32,0.0019361326703801751,10975.969889820408,1
0.958,0.32,0.001926048775203526,11011.283637042543,1
0.958,0.32,0.0019297573016956449,10892.994348559037,1
0.958,0.32,0.0019186493009328842,10879.00243936473,1
0.958,0.32,0.0019087214022874832,10714.646556525302,1
0.958,0.32,0.0019018353195860982,10904.597043280348,1
0.958,0.32,0.0019241980044171214,11107.831064892458,1
0.958,0.32,0.0019271057099103928,11116.645140563438,1
0.958,0.32,0.0019207494333386421,11023.750928696005,1
0.958,0.32,0.0019354018149897456,10876.530938599353,1
0.958,0.32,0.0019047288224101067,10849.423646629884,1
0.958,0.32,0.0019134103786200285,11074.529604781792,1
0.958,0.32,0.0019231856567785144,11265.779339894194,1
0.958,0.32,0.0019175180932506919,11094.91080285492,1
0.958,0.32,0.0018760384991765022,10935.488982509347,1
0.958,0.32,0.0018814140930771828,11055.885329524366,1
0.958,0.32,0.0019234595820307732,11093.718875536219,1
0.958,0.32,0.001916353590786457,10933.33262658513,1
0.958,0.32,0.0019331699004396796,11050.654930784696,1
0.958,0.32,0.0019124267855659127,11258.585580686133,1
0.958,0.32,0.0019045432563871145,11070.772048910068,1
0.958,0.32,0.0018966214265674353,11059.68075291226,1
0.958,0.32,0.0018824472790583968,10983.321031726147,1
0.958,0.32,0.0019182118121534586,10981.314371850094,1
0.958,0.32,0.0019230454927310348,10998.644479204755,1
0.958,0.32,0.0019140500808134675,11031.903307980338,1
0.958,0.32,0.0019293575314804912,10994.89565384064,1
0.958,0.32,0.0019457091111689806,10958.475530852476,1
0.958,0.32,0.0019601089879870415,10810.41408063613,1
0.958,0.32,0.0019814393017441034,11033.963023878574,1
0.958,0.32,0.0019848004449158907,11189.672251876993,1
0.958,0.32,0.001963533228263259,10997.527605534757,1
0.958,0.32,0.0019467045785859227,10999.185898979344,1
0.958,0.32,0.0019199844682589173,10965.669822850274,1
0.958,0.32,0.0019564856775105,10936.525889072629,1
0.958,0.32,0.001951740006916225,11024.824539436671,1
0.958,0.32,0.001983693102374673,10899.37877481545,1
0.958,0.32,0.001934304484166205,11061.31004716587,1
0.958,0.32,0.0019122074590995908,10890.77358176836,1
0.958,0.32,0.0019048526883125305,10953.823462495799,1
0.958,0.32,0.0019467348465695977,11070.442321775216,1
0.958,0.32,0.0019820628222078085,10984.782718755025,1
0.958,0.32,0.0019632659386843443,11112.941702510789,1
0.958,0.32,0.0019469814142212272,11189.830135716003,1
0.958,0.32,0.0019538630731403828,11131.24900288209,1
0.958,0.32,0.0019430199172347784,11066.71763177664,1
0.958,0.32,0.0019370776135474443,11087.310303127453,1
0.958,0.32,0.001883683493360877,11152.523311577199,1
0.958,0.32,0.0018733340548351407,11098.526560585147,1
0.958,0.32,0.0018644776428118348,10923.14617887112,1
0.958,0.32,0.0019111286383122206,11093.879193872237,1
0.958,0.32,0.0019808548968285322,11018.461777491342,1
0.958,0.32,0.0020102893467992544,11125.414177668947,1
0.958,0.32,0.002005913993343711,11013.254003241058,1
0.958,0.32,0.0019444081699475646,11037.099128191807,1
0.958,0.32,0.0019326354376971722,11060.465274002087,1
0.958,0.32,0.001898375223390758,11093.788926073426,1
0.958,0.32,0.0019359489670023322,10944.206738744195,1
0.958,0.32,0.0019203469855710864,10909.76208458728,1
0.958,0.32,0.001921461196616292,10997.98225663247,1
0.958,0.32,0.0019386017229408026,11046.916872167501,1
0.958,0.32,0.0019119387725368142,10966.248101134826,1
0.958,0.32,0.0019423237536102533,10918.262703589306,1
0.958,0.32,0.001938592758961022,11125.009646902996,1
0.958,0.32,0.001941105118021369,11203.6454761869,1
0.958,0.32,0.001956275664269924,11150.887154101674,1
0.958,0.32,0.0019790257792919874,10935.784684164295,1
0.958,0.32,0.0019672606140375137,11011.764208462922,1
0.958,0.32,0.00196796259842813,10995.270695544317,1
0.958,0.32,0.0019613245967775583,10740.335282926771,1
0.958,0.32,0.00195502582937479,10960.322245191552,1
0.958,0.32,0.001944188610650599,11068.031092064506,1
0.958,0.32,0.0019335811957716942,11079.44841090984,1
0.958,0.32,0.0019326754845678806,11283.560058702884,1
0.958,0.32,0.0019228439778089523,11237.914349992885,1
0.958,0.32,0.0019586419221013784,11009.563878084075,1
0.958,0.32,0.0019251974299550056,11177.939986450994,1
0.958,0.32,0.0019189103040844202,11045.066991386786,1
0.958,0.32,0.001893161446787417,10904.112852313745,1
0.958,0.32,0.0018915170803666115,11052.66126951206,1
0.958,0.32,0.001883978839032352,11184.147105052416,1
0.958,0.32,0.0019233811181038618,11055.787261709225,1
0.958,0.32,0.0019392624963074923,11088.411584337031,1
0.958,0.32,0.0018987359944730997,11367.214687684213,1
0.958,0.32,0.001892798813059926,11066.053396311527,1
0.958,0.32,0.001894459594041109,10952.869153540096,1
0.958,0.32,0.0019405651837587357,10888.51780213986,1
0.958,0.32,0.0019556409679353237,10897.230545016851,1
0.958,0.32,0.0019649388268589973,11154.492236341714,1
0.958,0.32,0.0019389137160032988,11150.905287059233,1
0.958,0.32,0.0019409052329137921,11181.054936480206,1
0.958,0.32,0.001952235004864633,11109.880294499839,1
0.958,0.32,0.0019132799934595823,11217.745753032592,1
0.958,0.32,0.0019131089793518186,11034.761474672745,1
0.958,0.32,0.001878886017948389,11331.642917912897,1
0.958,0.32,0.001886698417365551,11359.1806907527,1
0.958,0.32,0.0019161159871146083,11201.981790382855,1
0.958,0.32,0.0019138801144436002,11165.864245954073,1
0.958,0.32,0.0019512176513671875,11225.18969366144,1
0.958,0.32,0.0019515885505825281,11227.790681301638,1
0.958,0.32,0.0019348456989973783,11019.909954516024,1
0.958,0.32,0.0019091310678049922,10984.745195683972,1
0.958,0.32,0.0018922537565231323,11076.865163962968,1
0.958,0.32,0.0018916879780590534,10930.804365764374,1
0.958,0.32,0.0018988086376339197,11070.753693103545,1
0.958,0.32,0.0019157037604600191,10744.754560530302,1
0.958,0.32,0.0019226265139877796,10873.108044596724,1
0.958,0.32,0.0019212811021134257,11078.848613875769,1
0.958,0.32,0.0019252420170232654,10912.641281114786,1
0.958,0.32,0.001921993331052363,11075.960425288173,1
0.958,0.32,0.0019439643947407603,10934.25063175768,1
0.958,0.32,0.0019348056521266699,10890.194676080351,1
0.958,0.32,0.0019323482410982251,11288.110135519819,1
0.958,0.32,0.0019202784169465303,11122.924007552285,1
0.958,0.32,0.0019358124118298292,10921.092447453912,1
0.958,0.32,0.0018968092044815421,10981.583164257732,1
0.958,0.32,0.0019647085573524237,11030.886884726719,1
0.958,0.32,0.001947848591953516,10802.65049275055,1
0.958,0.32,0.0019608179572969675,10923.640569327355,1
0.958,0.32,0.001851651701144874,10796.361588852806,1
0.958,0.32,0.001865740166977048,11120.728930454356,1
0.958,0.32,0.0018911035731434822,10991.139117078914,1
0.958,0.32,0.001949516125023365,10884.881096756315,1
0.958,0.32,0.0019811023958027363,10863.326439349294,1
0.958,0.32,0.001965298317372799,10957.592665421567,1
0.958,0.32,0.001946298754774034,11041.857524781219,1
0.958,0.32,0.0019395711133256555,11105.66311167627,1
0.958,0.32,0.0019235966028645635,11066.19949772409,1
0.958,0.32,0.00192364735994488,11043.688944326987,1
0.958,0.32,0.0019419948803260922,11083.488530272487,1
0.958,0.32,0.0019418539013713598,11296.243028152487,1
0.958,0.32,0.0019546598196029663,11057.931356376721,1
0.958,0.32,0.0019723393488675356,10925.496218795823,1
0.958,0.32,0.0019602153915911913,11084.255340924543,1
0.958,0.32,0.001931378385052085,11123.692456308845,1
0.958,0.32,0.0019484915537759662,10887.088992986095,1
0.958,0.32,0.0019269782351329923,11025.99080536786,1
0.958,0.32,0.0019240238470956683,11066.691006484394,1
0.958,0.32,0.001941883354447782,11219.774818238071,1
0.958,0.32,0.001960788620635867,11175.590139746875,1
0.958,0.32,0.001947173266671598,11214.958611171107,1
0.958,0.32,0.0019463951466605067,10879.42694390766,1
0.958,0.32,0.001929771970026195,11088.686405403336,1
0.958,0.32,0.001941991737112403,11134.336883029759,1
0.958,0.32,0.0019244191935285926,11083.266372609762,1
0.958,0.32,0.0019303334411233664,10992.86161992079,1
0.958,0.32,0.0018963362090289593,11478.902461261576,1
0.958,0.32,0.001914251479320228,11118.524324809528,1
0.958,0.32,0.0019014476565644145,10980.56614829888,1
0.958,0.32,0.0018996552098542452,10831.726521005412,1
0.958,0.32,0.0019154129549860954,10872.682280666617,1
0.958,0.32,0.0019148901337757707,11067.657641540662,1
0.958,0.32,0.0019007798982784152,10931.135337731599,1
0.958,0.32,0.0019085585372522473,11011.545848481821,1
0.958,0.32,0.0019135252805426717,10989.40463476634,1
0.958,0.32,0.001910021877847612,11104.384161890637,1
0.958,0.32,0.0019337298581376672,11157.917058507664,1
0.958,0.32,0.0019405916100367904,10821.033932136233,1
0.958,0.32,0.0019237237283959985,11160.004882264926,1
0.958,0.32,0.0019637986551970243,11002.78393210665,1
0.958,0.32,0.001966868992894888,11259.133194708653,1
0.958,0.32,0.001940819900482893,10916.97825168554,1
0.958,0.32,0.0019780630245804787,11054.656713151171,1
0.958,0.32,0.001997601008042693,11170.551362262497,1
0.958,0.32,0.0020083237905055285,10980.351098872583,1
0.958,0.32,0.001987096620723605,10875.592634853001,1
0.958,0.32,0.0019711193162947893,10957.229005927344,1
0.958,0.32,0.0019194830674678087,11086.723716438464,1
0.958,0.32,0.001918242429383099,11223.909196983439,1
0.958,0.32,0.001901376759633422,11068.18848664016,1
0.958,0.32,0.0019225550349801779,11117.826390686701,1
0.958,0.32,0.0019306825706735253,11006.787327086073,1
0.958,0.32,0.0019436308648437262,10923.489755491883,1
0.958,0.32,0.0019488384714350104,10925.714874671576,1
0.958,0.32,0.0019661288242787123,10949.54511721916,1
0.958,0.32,0.001948000630363822,11015.420087588787,1
0.958,0.32,0.0019471050472930074,11166.938747645263,1
0.958,0.32,0.0019601499661803246,10933.765617625637,1
0.958,0.32,0.0019435149151831865,10964.61453737996,1
0.958,0.32,0.0019668922759592533,11014.276667062586,1
0.958,0.32,0.0019549550488591194,11084.601903067085,1
0.958,0.32,0.0019402221078053117,10992.206475652194,1
0.958,0.32,0.0019341271836310625,10935.556063598913,1
0.958,0.32,0.0019630591850727797,11001.861291150097,1
0.958,0.32,0.0020012801978737116,10921.00320460428,1
0.958,0.32,0.0020026264246553183,10947.954045172775,1
0.958,0.32,0.001985091483220458,11024.591745816811,1
0.958,0.32,0.001946916338056326,10919.036687340202,1
0.958,0.32,0.001945619354955852,10853.554992351535,1
0.958,0.32,0.0019393219845369458,11005.903650694714,1
0.958,0.32,0.001956689404323697,11088.714221045826,1
0.958,0.32,0.0019573187455534935,10823.094872227948,1
0.958,0.32,0.001933314255438745,11005.39220018001,1
0.958,0.32,0.001915374887175858,11139.11530206812,1
0.958,0.32,0.0018989199306815863,11028.37423384349,1
0.958,0.32,0.001904250355437398,11205.198911057754,1
0.958,0.32,0.0018948842771351337,11238.076357090053,1
0.958,0.32,0.001904111122712493,11006.272082297808,1
0.958,0.32,0.001936618471518159,11038.951932195258,1
0.958,0.32,0.0019205707358196378,11122.116259839757,1
0.958,0.32,0.0019324499880895019,11106.991731324171,1
0.958,0.32,0.0018967273645102978,11049.911206432578,1
0.958,0.32,0.0018781154649332166,11100.940599232723,1
0.958,0.32,0.001878302195109427,10988.025460944866,1
0.958,0.32,0.0018672874430194497,10848.905340092464,1
0.958,0.32,0.001905643381178379,10946.436927438808,1
0.958,0.32,0.001948181539773941,10975.564716072939,1
0.958,0.32,0.001953710336238146,11052.850247150782,1
0.958,0.32,0.0019917499739676714,11198.95421395754,1
0.958,0.32,0.001969128381460905,11227.05180372694,1
0.958,0.32,0.001952895661816001,11080.16472583489,1
0.958,0.32,0.0019204274285584688,11014.462690673316,1
0.958,0.32,0.001955664250999689,10797.593088419948,1
0.958,0.32,0.001945723663084209,11052.616283495548,1
0.958,0.32,0.00194068334531039,11007.295024391728,1
0.958,0.32,0.0019203523406758904,11043.236902576098,1
0.958,0.32,0.001893285196274519,11037.327534845848,1
0.958,0.32,0.0019442219054326415,10962.566928064134,1
0.958,0.32,0.0019460952607914805,11118.10467721245,1
0.958,0.32,0.001966411480680108,11061.931197516633,1
0.958,0.32,0.0019568048883229494,10868.423776607146,1
0.958,0.32,0.001956300111487508,10850.911458101167,1
0.958,0.32,0.0019566048868000507,10856.562310032841,1
0.958,0.32,0.0019351544324308634,11138.249481580819,1
0.958,0.32,0.001900173956528306,11069.441491705922,1
0.958,0.32,0.0018843014258891344,11089.061750662157,1
0.958,0.32,0.001926751690916717,10961.730569675903,1
0.958,0.32,0.001949657453224063,11028.46528577989,1
0.958,0.32,0.0019496309105306864,11069.976429112241,1
0.958,0.32,0.0019308177288621664,11126.598943919264,1
0.958,0.32,0.00189951341599226,11199.945696916846,1
0.958,0.32,0.0019111608853563666,10874.580023258062,1
0.958,0.32,0.0019241203553974628,10925.149871778416,1
0.958,0.32,0.0019402557518333197,11112.073646140063,1
0.958,0.32,0.0019180711824446917,11233.788967847788,1
0.958,0.32,0.0019233044004067779,11107.103751003615,1
0.958,0.32,0.0019539580680429935,11107.416471715991,1
0.958,0.32,0.001941106398589909,11132.519946529328,1
0.958,0.32,0.0019355652621015906,10916.500821447768,1
0.958,0.32,0.0019396924180909991,10964.146010257973,1
0.958,0.32,0.001904668053612113,10912.299605769043,1
0.958,0.32,0.0019089886918663979,11008.067766711383,1
0.958,0.32,0.0019341508159413934,10975.879505846659,1
0.958,0.32,0.0019294056110084057,10946.241975579367,1
0.958,0.32,0.0019425299251452088,11145.925651961119,1
0.958,0.32,0.001980650005862117,11238.891310334006,1
0.958,0.32,0.0019376103300601244,10987.713886627069,1
0.958,0.32,0.001948395511135459,10907.971883239818,1
0.958,0.32,0.0019547014962881804,10863.437378037766,1
0.958,0.32,0.0019614933989942074,10935.069967552223,1
0.958,0.32,0.0019213607301935554,10867.116480804858,1
0.958,0.32,0.001954414648935199,10832.850487597949,1
0.958,0.32,0.001943203154951334,10918.587778529698,1
0.958,0.32,0.0019690615590661764,10931.654578606345,1
0.958,0.32,0.001958011882379651,10849.852816188275,1
0.958,0.32,0.0019361443119123578,11043.341882872519,1
0.958,0.32,0.0019388573709875345,10986.828600972916,1
0.958,0.32,0.0019318547565490007,11200.015711548172,1
0.958,0.32,0.0019003474153578281,11059.361822501873,1
0.958,0.32,0.0018988458905369043,10911.776454573414,1
0.958,0.32,0.0019096932373940945,11112.744498738577,1
0.958,0.32,0.00194065785035491,10869.102358624421,1
0.958,0.32,0.0019420082680881023,10777.042525590452,1
0.958,0.32,0.001922302064485848,10891.861881255281,1
0.958,0.32,0.00189537915866822,10933.477541949582,1
0.958,0.32,0.0018991377437487245,10588.900376557394,1
0.958,0.32,0.0018931305967271328,10760.825061458203,1
0.958,0.32,0.0019118271302431822,11005.920198926615,1
0.958,0.32,0.0019088916014879942,10814.647071832158,1
0.958,0.32,0.0019256051164120436,10692.478335949843,1
0.958,0.32,0.0019460367038846016,10978.288053481396,1
0.958,0.32,0.0019501378992572427,11030.390019434628,1
0.958,0.32,0.0019694159273058176,10605.257298168668,1
0.958,0.32,0.001963105285540223,10934.587613655778,1
0.958,0.32,0.0019725318998098373,11144.08187749119,1
0.958,0.32,0.001974955666810274,11005.400814084058,1
0.958,0.32,0.001979504246264696,11054.272527558322,1
0.958,0.32,0.0019568083807826042,11280.492771995454,1
0.958,0.32,0.001963067799806595,11143.876287065548,1
0.958,0.32,0.001964705530554056,11158.111507615708,1
0.958,0.32,0.00196901080198586,10987.918756412664,1
0.958,0.32,0.001971385208889842,10911.163971124923,1
0.958,0.32,0.0019347501220181584,10793.652773003749,1
0.958,0.32,0.001912189880385995,10872.603983193441,1
0.958,0.32,0.0019270834745839238,11161.000661543685,1
0.958,0.32,0.0018998004961758852,10988.473710363342,1
0.958,0.32,0.00192588334903121,10757.418181883739,1
0.958,0.32,0.0018972228281199932,10928.779890472175,1
0.958,0.32,0.0019109445856884122,10891.82769635036,1
0.958,0.32,0.0018862637225538492,11088.226245341903,1
0.958,0.32,0.0018890837673097849,11206.350084447677,1
0.958,0.32,0.0019060515332967043,10878.841438293559,1
0.958,0.32,0.0019384867046028376,10891.480332437786,1
0.958,0.32,0.001959751360118389,11150.268188499205,1
0.958,0.32,0.0019707721658051014,11169.029619549166,1
0.958,0.32,0.0019881203770637512,10785.19247172328,1
0.958,0.32,0.0019629080779850483,10743.273438947279,1
0.958,0.32,0.0019885078072547913,10935.10451796827,1
0.958,0.32,0.0019827536307275295,11015.97739138984,1
0.958,0.32,0.0019469537073746324,10942.780975163729,1
0.958,0.32,0.00193274044431746,11099.132139323368,1
0.958,0.32,0.0019408203661441803,11107.930361868082,1
0.958,0.32,0.0019694475922733545,10992.534233209635,1
0.958,0.32,0.0019812963437289,10945.93190587332,1
0.958,0.32,0.0020081328693777323,11237.671456034192,1
0.958,0.32,0.0019659465178847313,11154.199235371852,1
0.958,0.32,0.001936652115546167,11084.448114303554,1
0.958,0.32,0.0019508172990754247,10917.304926907116,1
0.958,0.32,0.00190622394438833,11084.067602950749,1
0.958,0.32,0.001914463471621275,11172.044349880816,1
0.958,0.32,0.0019028106471523643,11071.612875958252,1
0.958,0.32,0.0019085671519860625,10981.314465014924,1
0.958,0.32,0.0019169466104358435,10937.95194436896,1
0.958,0.32,0.0019142417004331946,10878.68564473397,1
0.958,0.32,0.001923681702464819,11011.191797269763,1
0.958,0.32,0.001932246726937592,11296.94693626321,1
0.958,0.32,0.001942983828485012,11114.076558980967,1
0.958,0.32,0.001945646246895194,10940.237866858519,1
0.958,0.32,0.001921747694723308,10994.58872799334,1
0.958,0.32,0.0019397889263927937,11046.458181379689,1
0.958,0.32,0.0019632321782410145,11053.695930765547,1
0.958,0.32,0.0020018629729747772,11093.595689530179,1
0.958,0.32,0.002030404983088374,11016.71291954579,1
0.958,0.32,0.0020096085499972105,11025.834994904366,1
0.958,0.32,0.0019763533491641283,11122.395073547736,1
0.958,0.32,0.0019329276401549578,10920.355852845198,1
0.958,0.32,0.0019356526900082827,10988.578310657887,1
0.958,0.32,0.0019410747336223722,10923.831740302849,1
0.958,0.32,0.001934890286065638,11103.272720345576,1
0.958,0.32,0.0019136517075821757,10880.23657672042,1
0.958,0.32,0.0018970547243952751,10855.835621645854,1
0.958,0.32,0.0019126188708469272,10912.306101103395,1
0.958,0.32,0.0019222733099013567,11040.790028288631,1
0.958,0.32,0.0019239132525399327,11060.296673554596,1
0.958,0.32,0.0019163996912539005,10992.37895639602,1
0.958,0.32,0.0019174047047272325,11107.909193469473,1
0.958,0.32,0.0019035657169297338,11123.455306069543,1
0.958,0.32,0.0019520707428455353,11185.640537137006,1
0.958,0.32,0.0019615229684859514,11033.104034889817,1
0.958,0.32,0.001958579756319523,11035.358689136516,1
0.958,0.32,0.0019889678806066513,10804.130256092201,1
0.958,0.32,0.001950367703102529,10904.646008804088,1
0.958,0.32,0.0019365401240065694,11188.896319461503,1
0.958,0.32,0.0019109937129542232,11078.353525256522,1
0.958,0.32,0.001937586348503828,11146.29740522102,1
0.958,0.32,0.001927311415784061,11151.516113521471,1
0.958,0.32,0.001959287328645587,10771.94442456096,1
0.958,0.32,0.0019766942132264376,10692.500436708582,1
0.958,0.32,0.0019553243182599545,11079.394020226995,1
0.958,0.32,0.0019639988895505667,11222.02247134398,1
0.958,0.32,0.0019174291519448161,10992.042462344863,1
0.958,0.32,0.0019364743493497372,10894.073687887438,1
0.958,0.32,0.0019535545725375414,11060.318094499617,1
0.958,0.32,0.0019492624560371041,11168.481957567512,1
0.958,0.32,0.0019483808428049088,11200.47793207282,1
0.958,0.32,0.00195267831441015,11189.456851856488,1
0.958,0.32,0.0019348461646586657,11160.98958522234,1
0.958,0.32,0.0019330563955008984,11239.652151755545,1
0.958,0.32,0.0019189778249710798,11164.731053308231,1
0.958,0.32,0.0019144205143675208,10962.345429363297,1
0.958,0.32,0.0019062304636463523,11141.1610860412,1
0.958,0.32,0.0019357684068381786,11030.914123580887,1
0.958,0.32,0.0019885196816176176,10771.926964302716,1
0.958,0.32,0.0020022511016577482,10881.83483424326,1
0.958,0.32,0.0019767896737903357,10856.500284517911,1
0.958,0.32,0.0019584314431995153,11000.444620715418,1
0.958,0.32,0.0019280478591099381,11072.577029978043,1
0.958,0.32,0.0019368480425328016,11169.146010128261,1
0.958,0.32,0.0019163658143952489,10917.57738882126,1
0.958,0.32,0.001912794541567564,10832.452086788364,1
0.958,0.32,0.001920974929817021,10832.65831547474,1
0.958,0.32,0.0019188555888831615,10910.324135889934,1
0.958,0.32,0.0019396854331716895,10856.527904445376,1
0.958,0.32,0.001934644067659974,10914.090407975053,1
0.958,0.32,0.0019322226289659739,11183.164570830992,1
0.958,0.32,0.0019212079932913184,11065.91808911565,1
0.958,0.32,0.001918638707138598,11152.885429477989,1
0.958,0.32,0.001929042162373662,11026.890807545667,1
0.958,0.32,0.0019522759830579162,10863.393186173287,1
0.958,0.32,0.0019492165884003043,10771.148351401582,1
0.958,0.32,0.001997851300984621,10912.832353158214,1
0.958,0.32,0.0020010988228023052,10894.611280731273,1
0.958,0.32,0.0019686571322381496,10907.457061929064,1
0.958,0.32,0.0019771771039813757,10854.927946243455,1
0.958,0.32,0.0019408799707889557,10823.581697121966,1
0.958,0.32,0.001953989965841174,11049.717913859178,1
0.958,0.32,0.0019093216396868229,11327.568043138766,1
0.958,0.32,0.0018917707493528724,11170.894053642005,1
0.958,0.32,0.0018943323520943522,11049.545649650676,1
0.958,0.32,0.0018832643982023,10890.613660727897,1
0.958,0.32,0.0018876232206821442,10952.736501682877,1
0.958,0.32,0.0019017491722479463,11190.136194035153,1
0.958,0.32,0.0019406592473387718,11154.283559346046,1
0.958,0.32,0.001972406404092908,10886.028761524489,1
0.958,0.32,0.0019939730409532785,11163.012221286657,1
0.958,0.32,0.001970357960090041,11233.665019936494,1
0.958,0.32,0.0019527286058291793,11146.130993257266,1
0.958,0.32,0.0019444358767941594,11112.76848713446,1
0.958,0.32,0.0019362525781616569,10966.465304019568,1
0.958,0.32,0.001970150275155902,11208.475674268655,1
0.958,0.32,0.0019740676507353783,11164.980181842526,1
0.958,0.32,0.0019717863760888577,10999.146285992902,1
0.958,0.32,0.0019470741972327232,10889.340156001717,1
0.958,0.32,0.0019604091066867113,10885.564273785438,1
0.958,0.32,0.0019542956724762917,11024.031523921141,1
0.958,0.32,0.0019364436157047749,11040.896223008693,1
0.958,0.32,0.0019189103040844202,11157.778943187832,1
0.958,0.32,0.0019133868627250195,11161.606310776577,1
0.958,0.32,0.0018918232526630163,10968.042372331412,1
0.958,0.32,0.0018875922542065382,11033.47994354516,1
0.958,0.32,0.0018996302969753742,11027.060289097677,1
0.958,0.32,0.0019007688388228416,10891.540538322331,1
0.958,0.32,0.001897886162623763,11078.215853914875,1
0.958,0.32,0.0018981399480253458,11172.972869983274,1
0.958,0.32,0.0018903138116002083,11191.23469469849,1
0.958,0.32,0.0018158494494855404,11138.202050981403,1
0.958,0.32,0.0014950602781027555,10795.59664647976,1
