time_stretch,pitch_shift,loudness_rms,spectral_centroid,source
0.957,0.88,0.002601920161396265,10634.46532578118,1
0.957,0.88,0.0032907722052186728,10911.230160266947,1
0.957,0.88,0.0037083213683217764,10863.703510313051,1
0.957,0.88,0.003708799835294485,11031.655902088834,1
0.957,0.88,0.003710046410560608,11163.766821010127,1
0.957,0.88,0.003657618071883917,11225.443870525069,1
0.957,0.88,0.0036618360318243504,11411.00411369262,1
0.957,0.88,0.003615698777139187,11399.56432085624,1
0.957,0.88,0.0037161086220294237,11093.477335134796,1
0.957,0.88,0.003713735146448016,11092.840771643925,1
0.957,0.88,0.0037332256324589252,11087.914114433019,1
0.957,0.88,0.0036866115406155586,10926.715226982878,1
0.957,0.88,0.003571013920009136,10918.932712934096,1
0.957,0.88,0.003552361624315381,10872.265626045271,1
0.957,0.88,0.0035377044696360826,11009.905708442171,1
0.957,0.88,0.0035719843581318855,11195.235346682677,1
0.957,0.88,0.003558104857802391,10992.184666847817,1
0.957,0.88,0.0035737031139433384,10971.859568719288,1
0.957,0.88,0.0035993498750030994,10904.507153609005,1
0.957,0.88,0.003583480603992939,10813.409015625588,1
0.957,0.88,0.0035811769776046276,10857.566316522072,1
0.957,0.88,0.0035061766393482685,10747.576386202452,1
0.957,0.88,0.003429248696193099,10752.96046353884,1
0.957,0.88,0.0034481100738048553,11017.698953216208,1
0.957,0.88,0.0035319728776812553,11010.333871076291,1
0.957,0.88,0.0035318532027304173,11045.892207425677,1
0.957,0.88,0.00357385934330523,10903.707088280524,1
0.957,0.88,0.0035890068393200636,10972.649292058268,1
0.957,0.88,0.0035840964410454035,11012.507382424983,1
0.957,0.88,0.0036268308758735657,11120.113855293264,1
0.957,0.88,0.00366446771658957,11141.732154296928,1
0.957,0.88,0.0036542147863656282,10943.520248533305,1
0.957,0.88,0.0036786608397960663,10960.609000949247,1
0.957,0.88,0.003584262914955616,11067.713203136278,1
0.957,0.88,0.0036180983297526836,11015.339619504739,1
0.957,0.88,0.0036296560429036617,10797.330616851143,1
0.957,0.88,0.003615390043705702,10852.697431260814,1
0.957,0.88,0.003626535413786769,10898.233995803614,1
0.957,0.88,0.0036107648629695177,10713.751403589653,1
0.957,0.88,0.0036241617053747177,11018.56951532478,1
0.957,0.88,0.0036241470370441675,11101.305447218285,1
0.957,0.88,0.0035804614890366793,11010.227773676583,1
0.957,0.88,0.0035173858050256968,10967.74559420137,1
0.957,0.88,0.0035178926773369312,11131.37120600269,1
0.957,0.88,0.003503365907818079,10856.229855945927,1
0.957,0.88,0.0035648257471621037,10876.682222692682,1
0.957,0.88,0.0036053333897143602,11024.05313085682,1
0.957,0.88,0.003669196041300893,10921.921089371326,1
0.957,0.88,0.0036288935225456953,11290.513792240108,1
0.957,0.88,0.0036176550202071667,11105.626656400204,1
0.957,0.88,0.0036368027795106173,10932.021475542195,1
0.957,0.88,0.00367193715646863,11067.230449891762,1
0.957,0.88,0.0036657173186540604,11004.830509653792,1
0.957,0.88,0.0036728838458657265,11091.647672871022,1
0.957,0.88,0.0036755308974534273,10821.52493375793,1
0.957,0.88,0.0036151304375380278,10891.970203697621,1
0.957,0.88,0.003608135739341378,11117.597945348978,1
0.957,0.88,0.0036262304056435823,10978.342491358626,1
0.957,0.88,0.0036543705500662327,10913.367685402332,1
0.957,0.88,0.0036377287469804287,10706.02031119374,1
0.957,0.88,0.0036128449719399214,10756.464908117396,1
0.957,0.88,0.0036111604422330856,11024.186296753498,1
0.957,0.88,0.0036151858512312174,11184.926138725868,1
0.957,0.88,0.0035932636819779873,11363.749458489652,1
0.957,0.88,0.0035456118639558554,11247.679764625369,1
0.957,0.88,0.0035153382923454046,11056.407810350905,1
0.957,0.88,0.003537057666108012,11013.17948322451,1
0.957,0.88,0.0036319177597761154,11015.901061230636,1
0.957,0.88,0.0037094822619110346,11045.722327850945,1
0.957,0.88,0.003723699599504471,11063.062196433744,1
0.957,0.88,0.003690944751724601,11156.934425635467,1
0.957,0.88,0.0036882536951452494,11022.101653139349,1
0.957,0.88,0.003687105607241392,10967.284647430104,1
0.957,0.88,0.0036515973042696714,11135.100763098148,1
0.957,0.88,0.0036779853980988264,11254.313566893514,1
0.957,0.88,0.0037288328167051077,11110.706176882853,1
0.957,0.88,0.0036364118568599224,11041.326404463955,1
0.957,0.88,0.0036636407021433115,11065.383017291824,1
0.957,0.88,0.003516456577926874,11000.002882033597,1
0.957,0.88,0.003528720000758767,10924.639873872982,1
0.957,0.88,0.003565492108464241,11010.291589782486,1
0.957,0.88,0.0035642555449157953,11023.08486936308,1
0.957,0.88,0.0036055422388017178,10812.981558850079,1
0.957,0.88,0.003528079017996788,10775.726758501938,1
0.957,0.88,0.003595511894673109,10888.166627615026,1
0.957,0.88,0.00357238226570189,10915.790450800068,1
0.957,0.88,0.003584049642086029,10982.725727977582,1
0.957,0.88,0.0036049264017492533,11104.447008716612,1
0.957,0.88,0.0036852755583822727,11066.7042829776,1
0.957,0.88,0.0037165863905102015,11124.397323099027,1
0.957,0.88,0.0036822278052568436,11097.273120998161,1
0.957,0.88,0.0035784519277513027,11003.956283179523,1
0.957,0.88,0.003556269919499755,10932.059480094807,1
0.957,0.88,0.0035024466924369335,10981.07407865824,1
0.957,0.88,0.003491925774142146,11009.57131318978,1
0.957,0.88,0.0034739384427666664,10975.804564034375,1
0.957,0.88,0.0034613267052918673,10991.231638770787,1
0.957,0.88,0.003584855468943715,10998.303026751553,1
0.957,0.88,0.0036099667195230722,10837.737139732959,1
0.957,0.88,0.0036258476320654154,10861.228570592924,1
0.957,0.88,0.00364167639054358,11187.311350221089,1
0.957,0.88,0.0036922465078532696,11137.909513237839,1
0.957,0.88,0.003677795175462961,11001.092525324126,1
0.957,0.88,0.003672536462545395,11005.428635917588,1
0.957,0.88,0.003656289540231228,10784.626125250557,1
0.957,0.88,0.0036938192788511515,10902.061811101325,1
0.957,0.88,0.003673134371638298,11126.508143248502,1
0.957,0.88,0.0036248047836124897,11093.303209692709,1
0.957,0.88,0.003615591675043106,10966.89378153026,1
0.957,0.88,0.0035568634048104286,11077.59577803475,1
0.957,0.88,0.0035577197559177876,11018.176988262167,1
0.957,0.88,0.0035245204344391823,11102.096555697171,1
0.957,0.88,0.0035018562339246273,11073.56756710629,1
0.957,0.88,0.003527251770719886,10936.246303253805,1
0.957,0.88,0.0035754675045609474,10937.625801479004,1
0.957,0.88,0.0035556992515921593,11016.290654293409,1
0.957,0.88,0.003571882611140609,10953.487685538668,1
0.957,0.88,0.0036670512054115534,11245.891229030527,1
0.957,0.88,0.0037011641543358564,11219.972535851784,1
0.957,0.88,0.0036693732254207134,10946.98112839687,1
0.957,0.88,0.0036249246913939714,10839.459584515898,1
0.957,0.88,0.0036225791554898024,11128.667306694144,1
0.957,0.88,0.003600846044719219,10972.341557408361,1
0.957,0.88,0.0036173255648463964,10968.035053814892,1
0.957,0.88,0.0036184394266456366,11004.544899335971,1
0.957,0.88,0.00361745641566813,11051.0823988805,1
0.957,0.88,0.003594291163608432,11084.585897012475,1
0.957,0.88,0.00360401114448905,10968.438420370749,1
0.957,0.88,0.0035843702498823404,11129.803052881034,1
0.957,0.88,0.003559461794793606,11060.10303087836,1
0.957,0.88,0.0035406681708991528,11129.667423882824,1
0.957,0.88,0.003620030591264367,11187.821881958163,1
0.957,0.88,0.003678860841318965,11139.35453115686,1
0.957,0.88,0.003669202560558915,11062.777778351281,1
0.957,0.88,0.0036167611833661795,11032.334634057168,1
0.957,0.88,0.003619481110945344,10882.961780253901,1
0.957,0.88,0.0035657791886478662,11190.532584931902,1
0.957,0.88,0.003593532834202051,10965.017210931383,1
0.957,0.88,0.0035920559894293547,10934.647019725675,1
0.957,0.88,0.003557192627340555,11034.714271368095,1
0.957,0.88,0.0035827995743602514,10785.980991374487,1
0.957,0.88,0.0035770295653492212,10894.367380405442,1
0.957,0.88,0.0035995077341794968,10919.063395542178,1
0.957,0.88,0.003587935585528612,10990.072700919303,1
0.957,0.88,0.0036359860096126795,10828.278781915466,1
0.957,0.88,0.003627191996201873,10623.731416092774,1
0.957,0.88,0.00356402900069952,10779.94887202248,1
0.957,0.88,0.0036257910542190075,10966.093812301673,1
0.957,0.88,0.00358596071600914,11009.60041538695,1
0.957,0.88,0.0035984094720333815,11025.626711480383,1
0.957,0.88,0.00365458894520998,11242.554987200188,1
0.957,0.88,0.0036201903130859137,11276.249428816976,1
0.957,0.88,0.0036348470021039248,10869.356469398756,1
0.957,0.88,0.00357673573307693,10794.526213435813,1
0.957,0.88,0.0035754998680204153,10907.090528317198,1
0.957,0.88,0.0035589176695793867,10702.347970108463,1
0.957,0.88,0.0035657789558172226,11053.747478826059,1
0.957,0.88,0.004080871120095253,10886.868406183577,1
0.957,0.88,0.006652982905507088,9588.437123992033,1
0.957,0.88,0.012243048287928104,7665.058236180671,1
0.957,0.88,0.02541649341583252,5805.172245896478,1
0.957,0.88,0.04264993965625763,4227.5301748750335,1
0.957,0.88,0.05532301589846611,3728.783618643076,1
0.957,0.88,0.05576770752668381,3897.9100595952755,1
0.957,0.88,0.04845600947737694,4585.3459848928305,1
0.957,0.88,0.03382076695561409,5842.387182739176,1
0.957,0.88,0.024022947996854782,6412.536274867266,1
0.957,0.88,0.020935334265232086,7246.344483061635,1
0.957,0.88,0.018750818446278572,7433.047758795919,1
0.957,0.88,0.017060641199350357,7529.394056987521,1
0.957,0.88,0.015806453302502632,8013.785904168334,1
0.957,0.88,0.014207389205694199,8264.960384971846,1
0.957,0.88,0.012474349699914455,8497.041439223143,1
0.957,0.88,0.011590410955250263,8825.456113365186,1
0.957,0.88,0.010739468969404697,8819.33841825083,1
0.957,0.88,0.009884968400001526,8976.219331930548,1
0.957,0.88,0.009304250590503216,9115.087235435123,1
0.957,0.88,0.00894121266901493,9081.12268510753,1
0.957,0.88,0.008918684907257557,8960.764095480052,1
0.957,0.88,0.009108355268836021,9068.045369650225,1
0.957,0.88,0.00894201546907425,8991.68341769302,1
0.957,0.88,0.00855304766446352,9348.338985005677,1
0.957,0.88,0.0075735594145953655,9421.896633904298,1
0.957,0.88,0.006756641436368227,9498.137609170544,1
0.957,0.88,0.006435893941670656,9578.489168411335,1
0.957,0.88,0.007797484286129475,9402.037720341092,1
0.957,0.88,0.013685420155525208,7748.856249161714,1
0.957,0.88,0.02230849117040634,5563.002195846816,1
0.957,0.88,0.03593730553984642,4510.051702363914,1
0.957,0.88,0.056989770382642746,3694.882436954543,1
0.957,0.88,0.062077585607767105,3243.819379151457,1
0.957,0.88,0.06673561781644821,3648.879526393161,1
0.957,0.88,0.06526892632246017,4184.5081414548295,1
0.957,0.88,0.05862551927566528,4364.307856194042,1
0.957,0.88,0.05770916864275932,4823.910165516879,1
0.957,0.88,0.05205882340669632,5217.149190364029,1
0.957,0.88,0.04732754826545715,5327.585209867708,1
0.957,0.88,0.04440547153353691,5769.77004177763,1
0.957,0.88,0.041885118931531906,5827.740370443622,1
0.957,0.88,0.03942039981484413,5842.524762339332,1
0.957,0.88,0.03663986176252365,6141.622188101587,1
0.957,0.88,0.03341396898031235,6360.93304405663,1
0.957,0.88,0.029449215158820152,6524.330539426626,1
0.957,0.88,0.025415636599063873,6500.403755029463,1
0.957,0.88,0.02468986064195633,5851.442275237488,1
0.957,0.88,0.03649045526981354,4785.332801671771,1
0.957,0.88,0.0486534982919693,3614.829038195521,1
0.957,0.88,0.051549702882766724,3350.811639680839,1
0.957,0.88,0.05474914237856865,4162.119002468931,1
0.957,0.88,0.05107039958238602,4110.377441774808,1
0.957,0.88,0.052164822816848755,4719.9504794361965,1
0.957,0.88,0.04962068051099777,5020.776266504695,1
0.957,0.88,0.04459819942712784,5389.403516328538,1
0.957,0.88,0.04005257785320282,5477.92951835029,1
0.957,0.88,0.03692561015486717,5744.334447893733,1
0.957,0.88,0.03467019274830818,6148.489782406389,1
0.957,0.88,0.03258060663938522,6275.91342782611,1
0.957,0.88,0.03196661174297333,5683.22535360445,1
0.957,0.88,0.0369572788476944,4526.518159883943,1
0.957,0.88,0.06150389462709427,3691.5540492006453,1
0.957,0.88,0.07619817554950714,3055.60913664493,1
0.957,0.88,0.09853378683328629,2930.9512771397767,1
0.957,0.88,0.10465824604034424,2909.052333160434,1
0.957,0.88,0.10135465860366821,3273.860190356439,1
0.957,0.88,0.09030649811029434,3544.5543424770644,1
0.957,0.88,0.08159247040748596,3854.310011476871,1
0.957,0.88,0.07582949846982956,4114.911843949306,1
0.957,0.88,0.07123423367738724,4378.944813285796,1
0.957,0.88,0.06499149650335312,4605.470090813599,1
0.957,0.88,0.06164351478219032,4883.80900557876,1
0.957,0.88,0.05698791891336441,4885.317516911755,1
0.957,0.88,0.05589987710118294,4641.368688548198,1
0.957,0.88,0.06097747012972832,3742.4379229610695,1
0.957,0.88,0.07820393145084381,3016.6358048288826,1
0.957,0.88,0.08408550918102264,2743.5032071065193,1
0.957,0.88,0.0822705328464508,2974.3682269240308,1
0.957,0.88,0.0732649713754654,3569.3616005814692,1
0.957,0.88,0.058924656361341476,3799.441514942844,1
0.957,0.88,0.05370136350393295,4245.334267370325,1
0.957,0.88,0.04737091809511185,4667.942406302783,1
0.957,0.88,0.04454442113637924,5047.844112552768,1
0.957,0.88,0.041247930377721786,5265.0316537964645,1
0.957,0.88,0.05121481046080589,4766.272980914577,1
0.957,0.88,0.0775287002325058,3510.4996874577073,1
0.957,0.88,0.10657326877117157,2796.577504070278,1
0.957,0.88,0.13223448395729065,2429.3422892685735,1
0.957,0.88,0.13698986172676086,2317.910609478935,1
0.957,0.88,0.14076319336891174,2852.336865917358,1
0.957,0.88,0.11967188864946365,2583.007171277781,1
0.957,0.88,0.12266327440738678,3004.556650670005,1
0.957,0.88,0.11386483162641525,3176.5236196377296,1
0.957,0.88,0.10796523839235306,3224.3883266067405,1
0.957,0.88,0.10524675995111465,3315.553866771619,1
0.957,0.88,0.1029880940914154,3449.616587957271,1
0.957,0.88,0.10020025074481964,3544.7790451174724,1
0.957,0.88,0.09766966104507446,3722.3668076687645,1
0.957,0.88,0.0948275774717331,3624.8379376371904,1
0.957,0.88,0.10817663371562958,3287.5090920764906,1
0.957,0.88,0.11150174587965012,2594.0550657937483,1
0.957,0.88,0.1256919503211975,2327.705876782214,1
0.957,0.88,0.12876662611961365,2312.2617641747693,1
0.957,0.88,0.10904429852962494,2667.727863520561,1
0.957,0.88,0.08724015951156616,2867.694525664376,1
0.957,0.88,0.08240772038698196,3166.019177447264,1
0.957,0.88,0.07629350572824478,3284.597851635406,1
0.957,0.88,0.06757381558418274,3811.672287623064,1
0.957,0.88,0.06398520618677139,4079.2898299495587,1
0.957,0.88,0.060221899300813675,4326.725742208657,1
0.957,0.88,0.0545496828854084,4675.877554089919,1
0.957,0.88,0.05294552072882652,4781.661235814647,1
0.957,0.88,0.05766357108950615,4572.025938216731,1
0.957,0.88,0.0785369724035263,3814.3280098932487,1
0.957,0.88,0.11821649223566055,2834.526182579167,1
0.957,0.88,0.20508112013339996,2377.90954821854,1
0.957,0.88,0.2565791606903076,1921.9570242093696,1
0.957,0.88,0.2865604758262634,1871.3542836126956,1
0.957,0.88,0.28791046142578125,2016.2585589567723,1
0.957,0.88,0.25742805004119873,2057.0415825792034,1
0.957,0.88,0.24896681308746338,2184.5944571943146,1
0.957,0.88,0.24099569022655487,2228.366587296898,1
0.957,0.88,0.2368191033601761,2324.001210739739,1
0.957,0.88,0.2296362668275833,2334.230198640118,1
0.957,0.88,0.22393237054347992,2407.2605047185234,1
0.957,0.88,0.21718670427799225,2544.050946058246,1
0.957,0.88,0.20986899733543396,2515.7228533879597,1
0.957,0.88,0.2024923861026764,2617.5598831925863,1
0.957,0.88,0.19353067874908447,2720.493728288139,1
0.957,0.88,0.1860552430152893,2728.8914255782615,1
0.957,0.88,0.1769481748342514,2581.910384252595,1
0.957,0.88,0.1704951673746109,2412.1922077524105,1
0.957,0.88,0.16627605259418488,2054.3256913280457,1
0.957,0.88,0.16113103926181793,1984.3527405812936,1
0.957,0.88,0.14268381893634796,1973.609127312902,1
0.957,0.88,0.13202504813671112,2080.0630017070953,1
0.957,0.88,0.14048334956169128,2075.0406031186567,1
0.957,0.88,0.14607812464237213,1911.9411105441154,1
0.957,0.88,0.1482980102300644,1943.5050243527348,1
0.957,0.88,0.14682379364967346,1983.5440466241337,1
0.957,0.88,0.14158664643764496,1997.9861936319162,1
0.957,0.88,0.1365128606557846,2133.724447678798,1
0.957,0.88,0.12817496061325073,2121.6781892194804,1
0.957,0.88,0.12496758252382278,2146.800614709951,1
0.957,0.88,0.1171124055981636,2157.4044737451936,1
0.957,0.88,0.11340302973985672,2279.845044639308,1
0.957,0.88,0.10779263824224472,2312.6413232984587,1
0.957,0.88,0.10684816539287567,2411.553315037857,1
0.957,0.88,0.10626048594713211,2443.2192980260807,1
0.957,0.88,0.10983370989561081,2329.902006355618,1
0.957,0.88,0.12908777594566345,2054.717579106966,1
0.957,0.88,0.14894123375415802,1849.0098454511344,1
0.957,0.88,0.16817055642604828,1738.9921804121345,1
0.957,0.88,0.1700211465358734,1709.257867490949,1
0.957,0.88,0.16646011173725128,1715.0792021221428,1
0.957,0.88,0.16381467878818512,1803.5547202064886,1
0.957,0.88,0.15769949555397034,1740.4687163078643,1
0.957,0.88,0.1630706489086151,1749.117355910896,1
0.957,0.88,0.15491077303886414,1794.7587990016273,1
0.957,0.88,0.1540422886610031,1857.0883141251484,1
0.957,0.88,0.14519552886486053,1938.6027834930364,1
0.957,0.88,0.14883634448051453,1923.9959898440184,1
0.957,0.88,0.14584709703922272,1839.3242043415985,1
0.957,0.88,0.1426927149295807,1820.0834015651617,1
0.957,0.88,0.13666768372058868,1875.5074187074217,1
0.957,0.88,0.1420549750328064,1938.1604041350856,1
0.957,0.88,0.16610009968280792,1796.5581402762673,1
0.957,0.88,0.18476876616477966,1578.8655070658508,1
0.957,0.88,0.19809779524803162,1539.6277913789095,1
0.957,0.88,0.2135104238986969,1542.188398963041,1
0.957,0.88,0.22177942097187042,1559.047106823266,1
0.957,0.88,0.22132955491542816,1536.0609918937098,1
0.957,0.88,0.21192403137683868,1594.072642376416,1
0.957,0.88,0.21507644653320312,1604.5114328331956,1
0.957,0.88,0.21601730585098267,1549.7820335869033,1
0.957,0.88,0.21327362954616547,1619.7252129984615,1
0.957,0.88,0.22747714817523956,1604.3295256707286,1
0.957,0.88,0.23227417469024658,1441.7239510775416,1
0.957,0.88,0.2795649766921997,1398.0355108034637,1
0.957,0.88,0.2892265021800995,1289.3833272787945,1
0.957,0.88,0.3017043173313141,1367.9859882721967,1
0.957,0.88,0.2956128418445587,1279.2075829583791,1
0.957,0.88,0.2957349419593811,1311.4711061513199,1
0.957,0.88,0.2932896912097931,1322.6885461130205,1
0.957,0.88,0.28888139128685,1333.1998217001772,1
0.957,0.88,0.27571943402290344,1428.610451235826,1
0.957,0.88,0.2744123935699463,1383.2327777332107,1
0.957,0.88,0.2697252929210663,1455.6288417476253,1
0.957,0.88,0.28393229842185974,1362.0991199031446,1
0.957,0.88,0.2743971645832062,1409.6087074315392,1
0.957,0.88,0.28646788001060486,1385.4432939757485,1
0.957,0.88,0.3023131191730499,1287.7295502228694,1
0.957,0.88,0.31530821323394775,1279.120047923904,1
0.957,0.88,0.32662609219551086,1240.0202611096265,1
0.957,0.88,0.3319626748561859,1252.0509259790024,1
0.957,0.88,0.32866910099983215,1271.4123367321977,1
0.957,0.88,0.34343820810317993,1247.5354182680508,1
0.957,0.88,0.33283817768096924,1248.4560764632574,1
0.957,0.88,0.338281512260437,1245.4506004691466,1
0.957,0.88,0.3389997184276581,1262.7846294912397,1
0.957,0.88,0.3382263481616974,1244.6374545624137,1
0.957,0.88,0.33849525451660156,1273.2959313372207,1
0.957,0.88,0.33356091380119324,1325.7977654323915,1
0.957,0.88,0.31709107756614685,1257.1612079747697,1
0.957,0.88,0.3008386790752411,1365.8144667968165,1
0.957,0.88,0.2760782837867737,1358.4010470903318,1
0.957,0.88,0.2549656331539154,1391.8084124416393,1
0.957,0.88,0.23417137563228607,1534.3787054423142,1
0.957,0.88,0.21144996583461761,1560.3908918903567,1
0.957,0.88,0.1861432045698166,1726.0634368025517,1
0.957,0.88,0.16123966872692108,1889.9595810342344,1
0.957,0.88,0.1383216381072998,2049.215543729479,1
0.957,0.88,0.12257182598114014,2170.401173206884,1
0.957,0.88,0.11364436149597168,2263.1962086131366,1
0.957,0.88,0.10261699557304382,2449.6141303516642,1
0.957,0.88,0.1145014762878418,2289.2078948447415,1
0.957,0.88,0.14338859915733337,1945.4038582672076,1
0.957,0.88,0.20697079598903656,1861.7885058612271,1
0.957,0.88,0.2590005397796631,1666.9275567207915,1
0.957,0.88,0.30045220255851746,1587.17245243904,1
0.957,0.88,0.32765448093414307,1635.6034898644218,1
0.957,0.88,0.33178412914276123,1565.2829350788663,1
0.957,0.88,0.3281407356262207,1570.52266735699,1
0.957,0.88,0.30427736043930054,1633.5930121093313,1
0.957,0.88,0.29391419887542725,1678.8723686415735,1
0.957,0.88,0.2940937876701355,1737.3455621822736,1
0.957,0.88,0.2948930263519287,1661.2098624873543,1
0.957,0.88,0.2821105122566223,1631.8537173905677,1
0.957,0.88,0.27429282665252686,1693.273748733746,1
0.957,0.88,0.2752266824245453,1711.7764325989438,1
0.957,0.88,0.2683413326740265,1698.4270533075894,1
0.957,0.88,0.2615186274051666,1733.1302309262576,1
0.957,0.88,0.25855034589767456,1688.7272386497957,1
0.957,0.88,0.25858017802238464,1564.4738672677393,1
0.957,0.88,0.270033061504364,1544.080705326556,1
0.957,0.88,0.2784649431705475,1446.7957582914087,1
0.957,0.88,0.2759149670600891,1379.0007231012783,1
0.957,0.88,0.28984931111335754,1399.6336693758162,1
0.957,0.88,0.2937227785587311,1383.1802700741678,1
0.957,0.88,0.29519468545913696,1383.7302352481252,1
0.957,0.88,0.2923395037651062,1388.3224144049532,1
0.957,0.88,0.28596049547195435,1385.8111756409735,1
0.957,0.88,0.2849891781806946,1493.9367936106728,1
0.957,0.88,0.27997103333473206,1447.4391189514172,1
0.957,0.88,0.27487409114837646,1393.9122546210158,1
0.957,0.88,0.2706003487110138,1391.5638535068902,1
0.957,0.88,0.2751581072807312,1436.973192635309,1
0.957,0.88,0.28954604268074036,1476.636942593927,1
0.957,0.88,0.284746915102005,1410.5609718770602,1
0.957,0.88,0.28768596053123474,1428.7056235902928,1
0.957,0.88,0.2876559793949127,1394.516398564659,1
0.957,0.88,0.2793186902999878,1412.398950733656,1
0.957,0.88,0.26736512780189514,1413.6753231616708,1
0.957,0.88,0.2577769160270691,1455.3867068225031,1
0.957,0.88,0.2514810562133789,1446.2730190848472,1
0.957,0.88,0.2553379237651825,1445.188020678172,1
0.957,0.88,0.24920299649238586,1485.4399412841897,1
0.957,0.88,0.24309048056602478,1428.4963594881942,1
0.957,0.88,0.23681621253490448,1432.0637144074167,1
0.957,0.88,0.23190076649188995,1516.933661095522,1
0.957,0.88,0.22479596734046936,1423.1919911261134,1
0.957,0.88,0.2154448926448822,1511.7935163547188,1
0.957,0.88,0.213711678981781,1548.5278021798313,1
0.957,0.88,0.20213158428668976,1509.9236404158914,1
0.957,0.88,0.1928800493478775,1681.1672571963609,1
0.957,0.88,0.1756768375635147,1664.379775910659,1
0.957,0.88,0.1730879247188568,1667.2924033253043,1
0.957,0.88,0.16418126225471497,1697.9715336850818,1
0.957,0.88,0.1646118462085724,1743.1722582703867,1
0.957,0.88,0.1585540473461151,1728.3801482193132,1
0.957,0.88,0.16096916794776917,1723.6467909355088,1
0.957,0.88,0.1559448093175888,1766.3886477625417,1
0.957,0.88,0.1498737782239914,1859.0879663449573,1
0.957,0.88,0.14199812710285187,1864.0122727343212,1
0.957,0.88,0.13924330472946167,2107.8103920868925,1
0.957,0.88,0.1545235961675644,2005.7455280984939,1
0.957,0.88,0.16969281435012817,1893.7556002399529,1
0.957,0.88,0.17885001003742218,1778.5641687299674,1
0.957,0.88,0.17734625935554504,1750.0494284968531,1
0.957,0.88,0.16744232177734375,1835.3388003530238,1
0.957,0.88,0.15632984042167664,1877.0880405675277,1
0.957,0.88,0.14832669496536255,1783.3495556908351,1
0.957,0.88,0.14817741513252258,1873.9031222881058,1
0.957,0.88,0.14473611116409302,1846.821253783719,1
0.957,0.88,0.1378074288368225,2007.9111137364189,1
0.957,0.88,0.13004320859909058,2081.518412493561,1
0.957,0.88,0.12748081982135773,2124.4186867854187,1
0.957,0.88,0.1206175908446312,2146.7710672014027,1
0.957,0.88,0.12435111403465271,2226.149303249369,1
0.957,0.88,0.1449149250984192,2081.176186199123,1
0.957,0.88,0.20478636026382446,1915.1125534491057,1
0.957,0.88,0.29402756690979004,1713.239437830896,1
0.957,0.88,0.3292464315891266,1514.2739052577444,1
0.957,0.88,0.3712725341320038,1590.9499858308795,1
0.957,0.88,0.38481566309928894,1571.5249878381064,1
0.957,0.88,0.37783557176589966,1614.1108146463148,1
0.957,0.88,0.37004393339157104,1698.1375678233749,1
0.957,0.88,0.355654776096344,1698.1362370001953,1
0.957,0.88,0.3449680507183075,1719.319909477107,1
0.957,0.88,0.3359471261501312,1795.9750104956483,1
0.957,0.88,0.32830488681793213,1857.9823831153158,1
0.957,0.88,0.31465160846710205,1967.9725322250652,1
0.957,0.88,0.30044618248939514,1885.3538224966767,1
0.957,0.88,0.27547192573547363,1826.0612849597524,1
0.957,0.88,0.256756067276001,1862.7525460930224,1
0.957,0.88,0.22877515852451324,1745.8278012125288,1
0.957,0.88,0.19918645918369293,1769.4801902478334,1
0.957,0.88,0.21578502655029297,1979.7573740277555,1
0.957,0.88,0.22115172445774078,1720.3812632758932,1
0.957,0.88,0.22000537812709808,1654.1919493797025,1
0.957,0.88,0.22027887403964996,1901.086520132295,1
0.957,0.88,0.1549733728170395,1862.474476011563,1
0.957,0.88,0.14075221121311188,2164.7825927967756,1
0.957,0.88,0.11852768808603287,2268.0946355790034,1
0.957,0.88,0.10684055835008621,2199.610219082647,1
0.957,0.88,0.1128329262137413,2373.1064760981844,1
0.957,0.88,0.11065972596406937,2273.114646548558,1
0.957,0.88,0.10876443982124329,2135.0171674565563,1
0.957,0.88,0.12004081904888153,2184.330888432852,1
0.957,0.88,0.11549261957406998,1941.1924002529734,1
0.957,0.88,0.13125061988830566,2031.0233367467322,1
0.957,0.88,0.13620606064796448,1893.6357280936745,1
0.957,0.88,0.1409616470336914,1772.6998334903549,1
0.957,0.88,0.15108856558799744,1903.8464871295716,1
0.957,0.88,0.14692355692386627,1807.158413709645,1
0.957,0.88,0.15778815746307373,1819.436678694079,1
0.957,0.88,0.15093094110488892,1851.4425248967277,1
0.957,0.88,0.14694315195083618,1894.2204512046687,1
0.957,0.88,0.14693905413150787,1918.0694236427184,1
0.957,0.88,0.14395000040531158,1840.8058029950562,1
0.957,0.88,0.1448667049407959,1891.627574948442,1
0.957,0.88,0.1390494406223297,1998.1233110602047,1
0.957,0.88,0.13072609901428223,2104.7565928343174,1
0.957,0.88,0.13324685394763947,2040.7674239988405,1
0.957,0.88,0.14507755637168884,1810.6783626387135,1
0.957,0.88,0.16457785665988922,1754.0436668756001,1
0.957,0.88,0.17636671662330627,1667.7674643964092,1
0.957,0.88,0.19369633495807648,1656.9646196202602,1
0.957,0.88,0.19867995381355286,1742.6271780034685,1
0.957,0.88,0.2029213160276413,1659.6507047921432,1
0.957,0.88,0.19816166162490845,1677.2586471345392,1
0.957,0.88,0.20737165212631226,1715.467367698791,1
0.957,0.88,0.2022150158882141,1680.951318557055,1
0.957,0.88,0.20924554765224457,1754.233728918186,1
0.957,0.88,0.2018217295408249,1745.1023446218858,1
0.957,0.88,0.20568682253360748,1670.6935073585423,1
0.957,0.88,0.20956362783908844,1712.5255033440567,1
0.957,0.88,0.2005854696035385,1676.096183137802,1
0.957,0.88,0.2092876136302948,1688.2187444476936,1
0.957,0.88,0.20869486033916473,1657.1515799829476,1
0.957,0.88,0.23271046578884125,1627.7528687964113,1
0.957,0.88,0.23349282145500183,1584.4166525612898,1
0.957,0.88,0.24935831129550934,1493.2513104645814,1
0.957,0.88,0.24063239991664886,1530.4855360920535,1
0.957,0.88,0.24897873401641846,1567.9763362760582,1
0.957,0.88,0.2433970868587494,1474.8122986895164,1
0.957,0.88,0.2411586344242096,1513.907201346542,1
0.957,0.88,0.23926421999931335,1583.4038261757346,1
0.957,0.88,0.2279065102338791,1567.8846587802852,1
0.957,0.88,0.2332667112350464,1583.9398019339023,1
0.957,0.88,0.2204173058271408,1585.9349122507215,1
0.957,0.88,0.22599272429943085,1603.4899369567097,1
0.957,0.88,0.2193947732448578,1640.5867497887332,1
0.957,0.88,0.23755310475826263,1578.1007073804271,1
0.957,0.88,0.22925151884555817,1551.7637772809612,1
0.957,0.88,0.22793537378311157,1598.5022205754983,1
0.957,0.88,0.20773489773273468,1621.6411165474824,1
0.957,0.88,0.20999126136302948,1679.2419921472704,1
0.957,0.88,0.2078588455915451,1631.9348250539545,1
0.957,0.88,0.20917166769504547,1644.7142479309623,1
0.957,0.88,0.20246608555316925,1608.9864940264893,1
0.957,0.88,0.19242456555366516,1637.0737119513828,1
0.957,0.88,0.19986985623836517,1650.706419419736,1
0.957,0.88,0.1865474283695221,1604.0965121101685,1
0.957,0.88,0.18740206956863403,1766.2580689412387,1
0.957,0.88,0.1699971854686737,1873.1111302939241,1
0.957,0.88,0.1765163391828537,1853.825641449349,1
0.957,0.88,0.1694764643907547,1815.389196754482,1
0.957,0.88,0.15865430235862732,1819.802495744109,1
0.957,0.88,0.14231258630752563,2004.654144659128,1
0.957,0.88,0.13230690360069275,2233.8888242833186,1
0.957,0.88,0.11427472531795502,2228.5447832193568,1
0.957,0.88,0.10886769741773605,2440.280518997851,1
0.957,0.88,0.09208782762289047,2517.5175563216726,1
0.957,0.88,0.08257952332496643,2803.0396851645355,1
0.957,0.88,0.0773453637957573,2916.386988194744,1
0.957,0.88,0.06946816295385361,3069.0073017551126,1
0.957,0.88,0.06265414506196976,3485.574559584861,1
0.957,0.88,0.05409195274114609,3712.2274964602902,1
0.957,0.88,0.0534699484705925,3708.556834599589,1
0.957,0.88,0.0572056770324707,3532.703008352816,1
0.957,0.88,0.05780816078186035,3106.585495856484,1
0.957,0.88,0.055202681571245193,3281.9089791479482,1
0.957,0.88,0.04848859831690788,3527.169793334318,1
0.957,0.88,0.04226411134004593,3792.6003549035568,1
0.957,0.88,0.03712078928947449,4462.1413020674245,1
0.957,0.88,0.028956539928913116,4756.422117918279,1
0.957,0.88,0.024494683369994164,5601.255316715236,1
0.957,0.88,0.021294983103871346,6119.326089453332,1
0.957,0.88,0.018464431166648865,6314.597930251155,1
0.957,0.88,0.015969721600413322,6459.853368626689,1
0.957,0.88,0.014449726790189743,7138.374848684018,1
0.957,0.88,0.013214883394539356,7006.629997807651,1
0.957,0.88,0.014609153382480145,6703.447357002335,1
0.957,0.88,0.033492326736450195,5624.992089488751,1
0.957,0.88,0.04536210000514984,3819.657396508118,1
0.957,0.88,0.0749020054936409,3075.8553605794896,1
0.957,0.88,0.09739898145198822,2742.557142359644,1
0.957,0.88,0.1046982929110527,2742.855594737418,1
0.957,0.88,0.10613543540239334,3084.621698450445,1
0.957,0.88,0.08952885121107101,3426.1643091228084,1
0.957,0.88,0.0771392360329628,3746.1699186178143,1
0.957,0.88,0.0685652494430542,4261.509236099295,1
0.957,0.88,0.0638689324259758,4427.110898080957,1
0.957,0.88,0.06226283684372902,4540.679648555339,1
0.957,0.88,0.059932973235845566,4637.609766923412,1
0.957,0.88,0.055768731981515884,4891.0642188770435,1
0.957,0.88,0.05050282180309296,5090.879893024225,1
0.957,0.88,0.045737363398075104,5062.959855355461,1
0.957,0.88,0.04315108805894852,4836.462258063474,1
0.957,0.88,0.04015283286571503,4246.990184694294,1
0.957,0.88,0.04228153079748154,3988.60639574976,1
0.957,0.88,0.04184951260685921,3810.3701791199383,1
0.957,0.88,0.04034648463129997,4291.106761070701,1
0.957,0.88,0.03880208358168602,4656.58060400298,1
0.957,0.88,0.03698967769742012,5079.390399691836,1
0.957,0.88,0.03447633236646652,5509.802238673318,1
0.957,0.88,0.03252892941236496,6257.78705750607,1
0.957,0.88,0.027859006077051163,6454.501073372444,1
0.957,0.88,0.02577023208141327,6936.044899107698,1
0.957,0.88,0.023436274379491806,7172.733509897438,1
0.957,0.88,0.02086709626019001,7076.715682727504,1
0.957,0.88,0.019077884033322334,7536.468566503225,1
0.957,0.88,0.015517768450081348,7719.800303293265,1
0.957,0.88,0.014534548856317997,7638.085662251316,1
0.957,0.88,0.02747769095003605,6484.036107201131,1
0.957,0.88,0.04886604845523834,4353.469763684379,1
0.957,0.88,0.059647589921951294,3165.985666175792,1
0.957,0.88,0.08784753829240799,3184.8974168924206,1
0.957,0.88,0.15517696738243103,2873.1074580393906,1
0.957,0.88,0.19468455016613007,2282.7215780278184,1
0.957,0.88,0.21724233031272888,2206.8680954267957,1
0.957,0.88,0.21193712949752808,2525.4520152959512,1
0.957,0.88,0.19300124049186707,2716.3608800582024,1
0.957,0.88,0.18795844912528992,2728.5713081803187,1
0.957,0.88,0.1852581650018692,2717.9584573531965,1
0.957,0.88,0.18060718476772308,2863.129410504841,1
0.957,0.88,0.1733924299478531,2886.0534988475256,1
0.957,0.88,0.16583897173404694,3054.2735190875333,1
0.957,0.88,0.16166111826896667,3119.287724788525,1
0.957,0.88,0.15742164850234985,3086.4738747555984,1
0.957,0.88,0.1541694700717926,2852.2199586153383,1
0.957,0.88,0.17323465645313263,2377.9700844209347,1
0.957,0.88,0.16862642765045166,2131.0451808095613,1
0.957,0.88,0.15801171958446503,2214.5817001808755,1
0.957,0.88,0.14225724339485168,2582.617020000498,1
0.957,0.88,0.10830128937959671,2913.2131138543887,1
0.957,0.88,0.08572129905223846,3397.0779065110037,1
0.957,0.88,0.07640685886144638,3561.0548754613687,1
0.957,0.88,0.07297424226999283,3863.7354334733445,1
0.957,0.88,0.06323375552892685,4155.048990493489,1
0.957,0.88,0.05632295086979866,4557.041179206401,1
0.957,0.88,0.055039502680301666,4889.060755282653,1
0.957,0.88,0.04987499117851257,4733.356923146779,1
0.957,0.88,0.06354779005050659,4454.186850489132,1
0.957,0.88,0.08628322929143906,3248.789489879913,1
0.957,0.88,0.13390077650547028,2507.8403527927358,1
0.957,0.88,0.15364645421504974,2135.3138082537444,1
0.957,0.88,0.16728362441062927,2429.4180578635055,1
0.957,0.88,0.1546422392129898,2382.1258498178613,1
0.957,0.88,0.15166720747947693,2614.6526594380484,1
0.957,0.88,0.1406860202550888,2855.716018302272,1
0.957,0.88,0.13127407431602478,2964.935316517277,1
0.957,0.88,0.12504947185516357,3151.328650878169,1
0.957,0.88,0.12388407438993454,3301.7346806465857,1
0.957,0.88,0.11965135484933853,3328.245832125698,1
0.957,0.88,0.11573196947574615,3535.3508848307656,1
0.957,0.88,0.11258574575185776,3599.3025356709654,1
0.957,0.88,0.10653960704803467,3662.6026479370503,1
0.957,0.88,0.10634495317935944,3582.524150459386,1
0.957,0.88,0.10601568222045898,3181.0778865354114,1
0.957,0.88,0.10252469033002853,2775.1566662570785,1
0.957,0.88,0.10695770382881165,2602.810891336417,1
0.957,0.88,0.11119300872087479,2473.088937970609,1
0.957,0.88,0.11392980068922043,2456.887141941997,1
0.957,0.88,0.11458601802587509,2304.954860971602,1
0.957,0.88,0.1162675991654396,2273.166742737666,1
0.957,0.88,0.11310135573148727,2358.414873470826,1
0.957,0.88,0.11327343434095383,2341.7399949832843,1
0.957,0.88,0.11063475906848907,2364.2884804105183,1
0.957,0.88,0.10884551703929901,2412.9717724386724,1
0.957,0.88,0.10431193560361862,2474.7823396764647,1
0.957,0.88,0.10216566175222397,2494.4478841603304,1
0.957,0.88,0.10093088448047638,2686.7769450067462,1
0.957,0.88,0.09863061457872391,2609.088695992175,1
0.957,0.88,0.10054995864629745,2551.8893667770426,1
0.957,0.88,0.10450337082147598,2426.8108853620815,1
0.957,0.88,0.11465217173099518,2229.770517771405,1
0.957,0.88,0.12866461277008057,2157.4321090692556,1
0.957,0.88,0.1397310346364975,2012.9551300019668,1
0.957,0.88,0.14615733921527863,2045.0337272232675,1
0.957,0.88,0.15286487340927124,1985.170189963445,1
0.957,0.88,0.16528017818927765,1986.5287147970496,1
0.957,0.88,0.17297108471393585,2028.2486233132736,1
0.957,0.88,0.1703670173883438,2018.104700479024,1
0.957,0.88,0.16883571445941925,2049.956953418399,1
0.957,0.88,0.1672056019306183,2020.6601396102647,1
0.957,0.88,0.16350801289081573,2102.3941552972833,1
0.957,0.88,0.15752968192100525,2097.4643691559927,1
0.957,0.88,0.15274979174137115,2050.9749416377413,1
0.957,0.88,0.16210590302944183,1961.6471450391991,1
0.957,0.88,0.17011599242687225,1811.9665795130295,1
0.957,0.88,0.17471809685230255,1744.0255179345452,1
0.957,0.88,0.17403842508792877,1761.2697489772281,1
0.957,0.88,0.1650364249944687,1822.6654876834345,1
0.957,0.88,0.1626722663640976,1864.0809296944135,1
0.957,0.88,0.15281988680362701,2033.5292845667411,1
0.957,0.88,0.15211667120456696,1972.3204066200599,1
0.957,0.88,0.1427588164806366,1902.8900627653659,1
0.957,0.88,0.14595487713813782,2042.9562191424156,1
0.957,0.88,0.13720667362213135,2078.3129566523544,1
0.957,0.88,0.13451865315437317,2151.7077633048825,1
0.957,0.88,0.12949559092521667,2201.905942006496,1
0.957,0.88,0.13204573094844818,2106.049841419243,1
0.957,0.88,0.1741659790277481,1833.7686721545601,1
0.957,0.88,0.21241295337677002,1609.4662574448698,1
0.957,0.88,0.2575365900993347,1657.5134206393325,1
0.957,0.88,0.28352320194244385,1528.9971532162308,1
0.957,0.88,0.30303987860679626,1517.9877661021092,1
0.957,0.88,0.30031195282936096,1517.759938041643,1
0.957,0.88,0.2898111343383789,1535.6613823046205,1
0.957,0.88,0.26982155442237854,1630.506526218612,1
0.957,0.88,0.25859534740448,1542.1025317823019,1
0.957,0.88,0.2509942054748535,1578.7207325660024,1
0.957,0.88,0.24613609910011292,1595.308257671548,1
0.957,0.88,0.24020574986934662,1594.8557033342283,1
0.957,0.88,0.23629987239837646,1653.5968552103295,1
0.957,0.88,0.24430261552333832,1587.6028019831945,1
0.957,0.88,0.2378818541765213,1703.2921657260526,1
0.957,0.88,0.2512042820453644,1643.0014895081727,1
0.957,0.88,0.2594539523124695,1595.2745576031189,1
0.957,0.88,0.273754745721817,1532.6973809677079,1
0.957,0.88,0.2952372431755066,1467.2701504088634,1
0.957,0.88,0.2879854440689087,1461.9071457863442,1
0.957,0.88,0.2873989939689636,1425.1748581183551,1
0.957,0.88,0.27356040477752686,1507.2893817133113,1
0.957,0.88,0.2633363902568817,1546.1287561597585,1
0.957,0.88,0.24816744029521942,1546.3312535738446,1
0.957,0.88,0.24383297562599182,1660.9410567654968,1
0.957,0.88,0.23326459527015686,1676.031642604254,1
0.957,0.88,0.22746433317661285,1710.1802567855368,1
0.957,0.88,0.21870917081832886,1654.0794841246134,1
0.957,0.88,0.20680055022239685,1736.3563775963328,1
0.957,0.88,0.18807293474674225,1865.3325874825323,1
0.957,0.88,0.1678982675075531,1961.1862035652857,1
0.957,0.88,0.14613746106624603,2081.1105421166303,1
0.957,0.88,0.12042735517024994,2331.0795292062376,1
0.957,0.88,0.10385186970233917,2593.4376589554977,1
0.957,0.88,0.0882325991988182,2795.139932907494,1
0.957,0.88,0.08142521977424622,2890.2809347867833,1
0.957,0.88,0.07086173444986343,3224.082656331725,1
0.957,0.88,0.06429924070835114,3459.227362958806,1
0.957,0.88,0.05635892227292061,3679.743855252662,1
0.957,0.88,0.05368181690573692,3784.7155355311497,1
0.957,0.88,0.0686720535159111,3534.822009598919,1
0.957,0.88,0.11039188504219055,2875.2375578944584,1
0.957,0.88,0.14447171986103058,2329.0439456535896,1
0.957,0.88,0.1768800914287567,2264.0812682195265,1
0.957,0.88,0.1767326444387436,2159.0480955099692,1
0.957,0.88,0.16812171041965485,2447.9138902060718,1
0.957,0.88,0.15023145079612732,2541.272511757131,1
0.957,0.88,0.14914441108703613,2515.506632346831,1
0.957,0.88,0.14709970355033875,2612.0672048026045,1
0.957,0.88,0.14465193450450897,2778.059119010556,1
0.957,0.88,0.14929383993148804,2724.069420171585,1
0.957,0.88,0.1489601880311966,2576.9471287287333,1
0.957,0.88,0.15135134756565094,2661.89619989168,1
0.957,0.88,0.1481715589761734,2684.52834032407,1
0.957,0.88,0.14335092902183533,2600.732211057115,1
0.957,0.88,0.15272298455238342,2602.5487345035326,1
0.957,0.88,0.16690510511398315,2290.6138306392622,1
0.957,0.88,0.18132025003433228,2075.5314441245937,1
0.957,0.88,0.19308671355247498,1997.886384565054,1
0.957,0.88,0.19475996494293213,1974.1415318842955,1
0.957,0.88,0.20249830186367035,1881.7661652117476,1
0.957,0.88,0.2067566066980362,1895.3159791995388,1
0.957,0.88,0.2062806785106659,1870.631574069847,1
0.957,0.88,0.20755082368850708,1888.659022285557,1
0.957,0.88,0.2019433230161667,1930.8632422740989,1
0.957,0.88,0.19750569760799408,1972.0672378490794,1
0.957,0.88,0.19508305191993713,1931.4092039028524,1
0.957,0.88,0.18960027396678925,1977.3719714639324,1
0.957,0.88,0.18686892092227936,1998.5028523183246,1
0.957,0.88,0.18274159729480743,2017.842504858673,1
0.957,0.88,0.1803070604801178,1996.8685320996203,1
0.957,0.88,0.16951294243335724,1913.528809715498,1
0.957,0.88,0.17261506617069244,1950.0993744666703,1
0.957,0.88,0.19109956920146942,1844.0700077065687,1
0.957,0.88,0.24502885341644287,1570.6047644101889,1
0.957,0.88,0.27496665716171265,1411.913691214741,1
0.957,0.88,0.31460732221603394,1442.8303253383765,1
0.957,0.88,0.32258015871047974,1368.332643216891,1
0.957,0.88,0.3268566131591797,1385.9753665792748,1
0.957,0.88,0.3316216766834259,1373.3609478565895,1
0.957,0.88,0.33182382583618164,1433.1543904407622,1
0.957,0.88,0.3216359317302704,1442.6892386825498,1
0.957,0.88,0.31808239221572876,1402.8862866625634,1
0.957,0.88,0.3095055818557739,1476.976914091429,1
0.957,0.88,0.31396493315696716,1446.4596683182365,1
0.957,0.88,0.3203926682472229,1450.8504124402007,1
0.957,0.88,0.3082859516143799,1476.6132951240863,1
0.957,0.88,0.3102073073387146,1449.7591067592048,1
0.957,0.88,0.3046749532222748,1459.6986874503546,1
0.957,0.88,0.314277708530426,1450.9304498377705,1
0.957,0.88,0.32724812626838684,1358.8090382619296,1
0.957,0.88,0.3185911178588867,1369.7915785985847,1
0.957,0.88,0.3182641267776489,1402.0616622669752,1
0.957,0.88,0.30880510807037354,1408.5071822392283,1
0.957,0.88,0.291813462972641,1434.89924895539,1
0.957,0.88,0.2914040684700012,1427.246684885783,1
0.957,0.88,0.2896302342414856,1452.5256909250588,1
0.957,0.88,0.2889992296695709,1466.992204129841,1
0.957,0.88,0.2858718931674957,1492.9964440054964,1
0.957,0.88,0.2752797603607178,1482.2866458606513,1
0.957,0.88,0.27420294284820557,1448.0443517053864,1
0.957,0.88,0.2759813368320465,1481.6712260735092,1
0.957,0.88,0.27231764793395996,1434.9236450209678,1
0.957,0.88,0.27445101737976074,1509.1397572707292,1
0.957,0.88,0.2789585292339325,1551.0207092358455,1
0.957,0.88,0.30177369713783264,1369.786316366878,1
0.957,0.88,0.3182260990142822,1307.9353033277118,1
0.957,0.88,0.33226874470710754,1373.9004190526762,1
0.957,0.88,0.3205547034740448,1322.1092987111565,1
0.957,0.88,0.3143346905708313,1423.3632491964675,1
0.957,0.88,0.2977568805217743,1409.8168305876566,1
0.957,0.88,0.28786471486091614,1444.0746016877874,1
0.957,0.88,0.2669767439365387,1550.2969389332711,1
0.957,0.88,0.2518636882305145,1552.6225159688333,1
0.957,0.88,0.23354145884513855,1683.0202189213246,1
0.957,0.88,0.22494782507419586,1694.9341519564275,1
0.957,0.88,0.2121977061033249,1808.287420350986,1
0.957,0.88,0.24196650087833405,1751.4621133795229,1
0.957,0.88,0.2837018072605133,1624.8950353220202,1
0.957,0.88,0.29900166392326355,1581.4855712062986,1
0.957,0.88,0.34993913769721985,1619.757233189264,1
0.957,0.88,0.34038621187210083,1584.5604089985702,1
0.957,0.88,0.3223310112953186,1618.5485620403622,1
0.957,0.88,0.2990012466907501,1821.1246147235547,1
0.957,0.88,0.24514028429985046,1996.1093696725163,1
0.957,0.88,0.2502097487449646,1989.0564555379308,1
0.957,0.88,0.2550293207168579,2169.842938187713,1
0.957,0.88,0.2393418699502945,2087.394671197313,1
0.957,0.88,0.2355945110321045,2253.200835385088,1
0.957,0.88,0.22262518107891083,2264.7845830066417,1
0.957,0.88,0.21124118566513062,2349.882605821029,1
0.957,0.88,0.20380176603794098,2513.4202604370394,1
0.957,0.88,0.1922956109046936,2459.071838066977,1
0.957,0.88,0.19115187227725983,2513.5168248171394,1
0.957,0.88,0.19451050460338593,2398.920035543888,1
0.957,0.88,0.1918029636144638,1951.2944934932393,1
0.957,0.88,0.2554939389228821,1881.2078180489877,1
0.957,0.88,0.30521586537361145,1638.0335112621624,1
0.957,0.88,0.36601608991622925,1541.251319793033,1
0.957,0.88,0.4388148784637451,1463.04508176588,1
0.957,0.88,0.48148706555366516,1446.358259954777,1
0.957,0.88,0.45820143818855286,1511.7760965093619,1
0.957,0.88,0.44285649061203003,1590.7355975026885,1
0.957,0.88,0.4206780791282654,1528.8615708782975,1
0.957,0.88,0.4140198230743408,1576.4112969736282,1
0.957,0.88,0.39390772581100464,1599.708759001077,1
0.957,0.88,0.37177494168281555,1594.0711412818455,1
0.957,0.88,0.3776010572910309,1568.5449949019699,1
0.957,0.88,0.3870956301689148,1617.7674524296726,1
0.957,0.88,0.3777327239513397,1606.5367299146374,1
0.957,0.88,0.36872464418411255,1605.9549210992566,1
0.957,0.88,0.37598517537117004,1534.9557383145234,1
0.957,0.88,0.3959699869155884,1358.5558869668068,1
0.957,0.88,0.39766761660575867,1328.5715544798677,1
0.957,0.88,0.38347330689430237,1328.8165074573003,1
0.957,0.88,0.3976765275001526,1312.8588358311783,1
0.957,0.88,0.38016602396965027,1308.006254613256,1
0.957,0.88,0.38407251238822937,1375.5008288538975,1
0.957,0.88,0.3522579073905945,1403.1303889874503,1
0.957,0.88,0.3558979332447052,1380.023355830917,1
0.957,0.88,0.3410246670246124,1372.5438348546945,1
0.957,0.88,0.3471955358982086,1422.3397560670278,1
0.957,0.88,0.3253614902496338,1454.8277638781633,1
0.957,0.88,0.31317684054374695,1479.397298554132,1
0.957,0.88,0.31541794538497925,1515.7518075084881,1
0.957,0.88,0.30148619413375854,1482.9530746137682,1
0.957,0.88,0.3049372732639313,1509.8855025988696,1
0.957,0.88,0.2867492437362671,1540.5110598329672,1
0.957,0.88,0.2963297665119171,1530.2710874578027,1
0.957,0.88,0.27858611941337585,1572.2535049639523,1
0.957,0.88,0.2770034372806549,1634.1276016310412,1
0.957,0.88,0.2580288052558899,1604.0589924476621,1
0.957,0.88,0.2513694763183594,1578.7251617832067,1
0.957,0.88,0.25092360377311707,1599.4237128064533,1
0.957,0.88,0.24500535428524017,1586.5999495444794,1
0.957,0.88,0.2495788186788559,1603.6946721031331,1
0.957,0.88,0.24143844842910767,1561.1646936236089,1
0.957,0.88,0.2411072701215744,1636.833172735408,1
0.957,0.88,0.22826066613197327,1719.1801848401694,1
0.957,0.88,0.2196861356496811,1727.4710555239126,1
0.957,0.88,0.21477603912353516,1778.224158275088,1
0.957,0.88,0.21546441316604614,1747.4248654045577,1
0.957,0.88,0.21750392019748688,1756.329035861475,1
0.957,0.88,0.21189138293266296,1776.0341798096747,1
0.957,0.88,0.2144862711429596,1829.682058270948,1
0.957,0.88,0.20841746032238007,1785.1177727739264,1
0.957,0.88,0.21099665760993958,1788.391727621627,1
0.957,0.88,0.20246852934360504,1817.3846809888141,1
0.957,0.88,0.2070159763097763,1847.5848085094026,1
0.957,0.88,0.20500610768795013,1844.986721575785,1
0.957,0.88,0.2089751958847046,1822.1009205001806,1
0.957,0.88,0.2050265520811081,1805.354359205065,1
0.957,0.88,0.2007710039615631,1826.4604536369252,1
0.957,0.88,0.20423623919487,1800.536123802086,1
0.957,0.88,0.199459508061409,1844.7644054006128,1
0.957,0.88,0.20362035930156708,1860.162843246179,1
0.957,0.88,0.1919884830713272,1863.7941383915563,1
0.957,0.88,0.2003750503063202,1901.3464814209915,1
0.957,0.88,0.18958507478237152,1903.0343295754867,1
0.957,0.88,0.1920882910490036,1944.4883211485508,1
0.957,0.88,0.18169786036014557,1938.7334468591366,1
0.957,0.88,0.1825132817029953,1905.8726663669677,1
0.957,0.88,0.18175262212753296,1960.6352863091856,1
0.957,0.88,0.1764569878578186,2003.8503497313918,1
0.957,0.88,0.1761230081319809,2018.3138314703142,1
0.957,0.88,0.1671992838382721,2063.6833520455248,1
0.957,0.88,0.1723109483718872,2083.202274915867,1
0.957,0.88,0.16487553715705872,2134.68117388062,1
0.957,0.88,0.16487069427967072,2123.8536152347533,1
0.957,0.88,0.1555286943912506,2167.1672094242795,1
0.957,0.88,0.15920864045619965,2189.115737244537,1
0.957,0.88,0.15244923532009125,2180.7656284179957,1
0.957,0.88,0.14986899495124817,2202.196859688798,1
0.957,0.88,0.14246872067451477,2280.1159200203797,1
0.957,0.88,0.13615380227565765,2225.813425086732,1
0.957,0.88,0.13609835505485535,2312.7268991560923,1
0.957,0.88,0.12660734355449677,2285.9042745863744,1
0.957,0.88,0.1279788613319397,2445.3403704085067,1
0.957,0.88,0.11861806362867355,2466.004693046421,1
0.957,0.88,0.1193753108382225,2517.523063461387,1
0.957,0.88,0.11458580195903778,2667.6764697282883,1
0.957,0.88,0.10968072712421417,2503.330439034095,1
0.957,0.88,0.10654881596565247,2620.252405520383,1
0.957,0.88,0.10178685933351517,2642.705998125582,1
0.957,0.88,0.09987655282020569,2781.254729643758,1
0.957,0.88,0.09742116928100586,2858.256340268392,1
0.957,0.88,0.09552527219057083,2862.715211722355,1
0.957,0.88,0.08797615021467209,3004.6920871296634,1
0.957,0.88,0.0880548357963562,2976.0262962137317,1
0.957,0.88,0.08092250674962997,2912.082578670345,1
0.957,0.88,0.08157562464475632,3116.6368903699854,1
0.957,0.88,0.07534824311733246,3197.751092372269,1
0.957,0.88,0.07331481575965881,3293.9010988638292,1
0.957,0.88,0.07161323726177216,3401.7296948791904,1
0.957,0.88,0.06822151690721512,3487.4227187706047,1
0.957,0.88,0.06779533624649048,3693.8782522464626,1
0.957,0.88,0.06125809624791145,3698.1518433094384,1
0.957,0.88,0.060313478112220764,3720.355872141702,1
0.957,0.88,0.05865726247429848,3729.792743705121,1
0.957,0.88,0.055888060480356216,3732.6990948975704,1
0.957,0.88,0.05303570255637169,4020.985391352362,1
0.957,0.88,0.050579339265823364,4262.578968446143,1
0.957,0.88,0.049071647226810455,4290.046109161151,1
0.957,0.88,0.04686722159385681,4485.811707137829,1
0.957,0.88,0.04284300282597542,4857.109851189881,1
0.957,0.88,0.03884211927652359,5156.732350968276,1
0.957,0.88,0.034468282014131546,5298.274385957713,1
0.957,0.88,0.03280935436487198,5686.5949579317785,1
0.957,0.88,0.02831738069653511,5921.43058498099,1
0.957,0.88,0.026497555896639824,6143.211443265151,1
0.957,0.88,0.02390667237341404,6330.684606973096,1
0.957,0.88,0.023060277104377747,6655.509712724039,1
0.957,0.88,0.020330214872956276,7098.599532047621,1
0.957,0.88,0.018526442348957062,7121.690995632655,1
0.957,0.88,0.016637470573186874,7284.560960362603,1
0.957,0.88,0.015014927834272385,7744.336429246887,1
0.957,0.88,0.014258157461881638,7988.123790358004,1
0.957,0.88,0.013233435340225697,8069.516066279484,1
0.957,0.88,0.012158656492829323,8260.64350490096,1
0.957,0.88,0.01117159053683281,8517.318914175812,1
0.957,0.88,0.010265566408634186,8604.19363081546,1
0.957,0.88,0.009318129159510136,8707.08065438399,1
0.957,0.88,0.00864320993423462,9045.34458157546,1
0.957,0.88,0.007989759556949139,9393.151800717207,1
0.957,0.88,0.00752642098814249,9546.542056417009,1
0.957,0.88,0.00722411647439003,9399.287685972125,1
0.957,0.88,0.006990957073867321,9391.620948325619,1
0.957,0.88,0.006881945766508579,9491.267965337598,1
0.957,0.88,0.006876031402498484,9368.394083841937,1
0.957,0.88,0.006990728434175253,9596.133048696393,1
0.957,0.88,0.0068742698058485985,9661.405601479122,1
0.957,0.88,0.006739993114024401,9532.758993042733,1
0.957,0.88,0.006569205317646265,9743.277998078187,1
0.957,0.88,0.006281476933509111,9987.632389647191,1
0.957,0.88,0.006089155562222004,10008.710831240378,1
0.957,0.88,0.006011230405420065,9731.337680830653,1
0.957,0.88,0.0057897185906767845,9643.83869333746,1
0.957,0.88,0.005722420755773783,10166.086837454835,1
0.957,0.88,0.005291714798659086,10006.942539944645,1
0.957,0.88,0.005071465391665697,10222.782426307967,1
0.957,0.88,0.004771069623529911,10215.377701821673,1
0.957,0.88,0.004763347562402487,10398.283070008829,1
0.957,0.88,0.004688569810241461,10540.671361175415,1
0.957,0.88,0.00464521674439311,10546.791194222773,1
0.957,0.88,0.004520977381616831,10702.771964783358,1
0.957,0.88,0.004386283457279205,10822.530329912694,1
0.957,0.88,0.004342417698353529,10722.582993383157,1
0.957,0.88,0.004296435508877039,10676.765048228124,1
0.957,0.88,0.004269933328032494,10632.014050677953,1
0.957,0.88,0.004160624463111162,10765.602052764174,1
0.957,0.88,0.004223456606268883,10405.002240437847,1
0.957,0.88,0.004147043917328119,10583.430462649725,1
0.957,0.88,0.004130491986870766,10617.009200145432,1
0.957,0.88,0.0041292873211205006,10493.498505475913,1
0.957,0.88,0.0041267951019108295,10434.555060373825,1
0.957,0.88,0.0041716801933944225,10444.379238137357,1
0.957,0.88,0.004154185764491558,10457.671967843813,1
0.957,0.88,0.004091635346412659,10626.422355658087,1
0.957,0.88,0.004100205842405558,10705.093371876743,1
0.957,0.88,0.004125305451452732,10541.618905706096,1
0.957,0.88,0.0041234055534005165,10405.459263339042,1
0.957,0.88,0.004080827347934246,10392.056766031756,1
0.957,0.88,0.004041222855448723,10605.758864505176,1
0.957,0.88,0.003938185982406139,10725.141319022285,1
0.957,0.88,0.0039499117992818356,10717.493384197802,1
0.957,0.88,0.003811775241047144,10632.552165699399,1
0.957,0.88,0.0038008159026503563,10729.702202711755,1
0.957,0.88,0.00375751918181777,10716.42606232909,1
0.957,0.88,0.003702024929225445,10784.755588073178,1
0.957,0.88,0.0037090599071234465,10840.238480976532,1
0.957,0.88,0.0037276609800755978,10733.777047896187,1
0.957,0.88,0.003743784734979272,10711.316929298067,1
0.957,0.88,0.0037768539041280746,10834.687473609825,1
0.957,0.88,0.003774483222514391,10909.644348569149,1
0.957,0.88,0.0037614842876791954,10798.864260788669,1
0.957,0.88,0.003758526174351573,10731.645308311603,1
0.957,0.88,0.003765299217775464,10916.106010624928,1
0.957,0.88,0.003762325504794717,10835.88043674529,1
0.957,0.88,0.00371268717572093,10958.43677641046,1
0.957,0.88,0.003662957577034831,10938.712568396677,1
0.957,0.88,0.0036891920026391745,10737.15050015695,1
0.957,0.88,0.0036433348432183266,10762.14528066053,1
0.957,0.88,0.0036465467419475317,10524.234626125904,1
0.957,0.88,0.00368195166811347,10448.213632199428,1
0.957,0.88,0.0036754237953573465,10597.485880730212,1
0.957,0.88,0.0037191808223724365,10930.131054590287,1
0.957,0.88,0.003730416065081954,10941.524171736568,1
0.957,0.88,0.003684678813442588,10864.791003706938,1
0.957,0.88,0.003614440094679594,11118.792661950723,1
0.957,0.88,0.003538074903190136,10943.770220302444,1
0.957,0.88,0.0035520403180271387,10831.105721022497,1
0.957,0.88,0.0035496156197041273,10992.44005804537,1
0.957,0.88,0.0035132751800119877,11072.604462484605,1
0.957,0.88,0.0035361978225409985,10908.491710384345,1
0.957,0.88,0.0035758453886955976,10813.669010163794,1
0.957,0.88,0.0036077636759728193,10874.232774338354,1
0.957,0.88,0.003715458558872342,11050.621226094776,1
0.957,0.88,0.0037345041055232286,11076.622273807041,1
0.957,0.88,0.0037417656276375055,10874.790679450536,1
0.957,0.88,0.003721686312928796,10908.18546360225,1
0.957,0.88,0.003739431034773588,10848.637640166668,1
0.957,0.88,0.0037930957041680813,10829.750607717551,1
0.957,0.88,0.003784816712141037,10914.334487417244,1
0.957,0.88,0.0036746577825397253,11062.804081369912,1
0.957,0.88,0.003643499920144677,11126.279160644692,1
0.957,0.88,0.003538446268066764,10784.214555797322,1
0.957,0.88,0.003547927364706993,10910.303815153326,1
0.957,0.88,0.0036554227117449045,10920.089423259811,1
0.957,0.88,0.0036006830632686615,10665.505316804258,1
0.957,0.88,0.0036330686416476965,10857.915856954545,1
0.957,0.88,0.0036178440786898136,11016.796639814827,1
0.957,0.88,0.003575512208044529,11184.205410038914,1
0.957,0.88,0.0036607757210731506,10931.568871088873,1
0.957,0.88,0.0036588835064321756,10994.221100010252,1
0.957,0.88,0.003632409032434225,11037.848230798314,1
0.957,0.88,0.0036635545548051596,10747.092613562418,1
0.957,0.88,0.0036243742797523737,10914.34160527542,1
0.957,0.88,0.003603964811190963,10973.540320602042,1
0.957,0.88,0.0036079376004636288,10905.373871920912,1
0.957,0.88,0.003605563659220934,10968.018969824581,1
0.957,0.88,0.0035791106056421995,10884.317761449976,1
0.957,0.88,0.003621885785833001,10925.343201722368,1
0.957,0.88,0.0035818559117615223,10837.567542374903,1
0.957,0.88,0.003631559433415532,11070.496446809395,1
0.957,0.88,0.0036246790550649166,11176.62620115801,1
0.957,0.88,0.003610294545069337,10995.532749046968,1
0.957,0.88,0.003636021399870515,10823.325423874048,1
0.957,0.88,0.003672343445941806,10923.494914167875,1
0.957,0.88,0.003709840588271618,10897.355992405432,1
0.957,0.88,0.003646085038781166,10881.114924390633,1
0.957,0.88,0.0036426845472306013,11005.449951054836,1
0.957,0.88,0.003630446270108223,11227.55965969445,1
0.957,0.88,0.0036573526449501514,11253.381564812149,1
0.957,0.88,0.003704527858644724,11178.14472639845,1
0.957,0.88,0.0036923259031027555,10976.061212903793,1
0.957,0.88,0.0036064977757632732,11131.439882772258,1
0.957,0.88,0.0035668921191245317,10953.215617033882,1
0.957,0.88,0.003554542316123843,10919.62464886302,1
0.957,0.88,0.0035641298163682222,10751.416718339922,1
0.957,0.88,0.0035642257425934076,11043.548916946696,1
0.957,0.88,0.0035359400790184736,11052.598465028277,1
0.957,0.88,0.0035844980739057064,10947.000076863493,1
0.957,0.88,0.0036430417094379663,10963.205668046978,1
0.957,0.88,0.003674749517813325,10928.696495047274,1
0.957,0.88,0.003674108535051346,11118.949164765787,1
0.957,0.88,0.003710747929289937,10970.187087310405,1
0.957,0.88,0.0036240729968994856,10918.211810253179,1
0.957,0.88,0.0036354525946080685,10932.45578524488,1
0.957,0.88,0.0036484110169112682,10967.09388070331,1
0.957,0.88,0.003623598488047719,11110.623916851891,1
0.957,0.88,0.0035120125394314528,11177.629442262945,1
0.957,0.88,0.0035030480939894915,10952.313274761002,1
0.957,0.88,0.0035289935767650604,11043.028585573493,1
0.957,0.88,0.0035536251962184906,11097.0129587462,1
0.957,0.88,0.0034939798060804605,11030.014587959224,1
0.957,0.88,0.0035782589111477137,11036.4236606444,1
0.957,0.88,0.0035599861294031143,10999.942356256422,1
0.957,0.88,0.003582785837352276,11365.562330114646,1
0.957,0.88,0.0035337149165570736,11188.231835498256,1
0.957,0.88,0.003515814198181033,11107.350789348695,1
0.957,0.88,0.003491100622341037,11053.811833059173,1
0.957,0.88,0.0035068830475211143,11159.757094786713,1
0.957,0.88,0.0035659128334373236,11008.748600046887,1
0.957,0.88,0.00355930277146399,11106.116842348192,1
0.957,0.88,0.003545749466866255,10992.473564238195,1
0.957,0.88,0.003587490413337946,10846.90676778725,1
0.957,0.88,0.003575799288228154,11075.617795964681,1
0.957,0.88,0.003579773474484682,11242.465831168698,1
0.957,0.88,0.003523994702845812,11318.000098853166,1
0.957,0.88,0.0035426055546849966,11013.286862192002,1
0.957,0.88,0.003469431772828102,10919.068258317544,1
0.957,0.88,0.0035906776320189238,10931.424413533457,1
0.957,0.88,0.00361143471673131,10985.110222310506,1
0.957,0.88,0.003629399696364999,11031.01395670645,1
0.957,0.88,0.0036902406718581915,10926.11729297179,1
0.957,0.88,0.0036584350746124983,11046.392785178332,1
0.957,0.88,0.0036120854783803225,11183.024337778847,1
0.957,0.88,0.003559179836884141,10812.220781827784,1
0.957,0.88,0.0034860987216234207,11391.315131660405,1
0.957,0.88,0.0034860961604863405,11174.224400728453,1
0.957,0.88,0.003546113381162286,10986.548347044441,1
0.957,0.88,0.0035787278320640326,10900.46551685287,1
0.957,0.88,0.003618289018049836,11040.744453208681,1
0.957,0.88,0.0036234750878065825,11049.709022761399,1
0.957,0.88,0.003585506696254015,11016.146067311238,1
0.957,0.88,0.00358280586078763,11187.621316624043,1
0.957,0.88,0.0035662048030644655,11117.22948396834,1
0.957,0.88,0.0035839839838445187,10851.86948277003,1
0.957,0.88,0.0036937871482223272,11000.180876447064,1
0.957,0.88,0.003733087331056595,10971.233429169115,1
0.957,0.88,0.0036739343777298927,11101.851126726011,1
0.957,0.88,0.003606774378567934,11278.029297679343,1
0.957,0.88,0.0035184684675186872,11183.33113264099,1
0.957,0.88,0.0034771726932376623,11021.99580583339,1
0.957,0.88,0.0034647209104150534,10802.106546816085,1
0.957,0.88,0.0034447330981492996,10756.084636659267,1
0.957,0.88,0.0034489547833800316,10920.185633593494,1
0.957,0.88,0.0034466490615159273,10906.927995818074,1
0.957,0.88,0.003462382359430194,10724.934337591325,1
0.957,0.88,0.0035011284053325653,10888.244806166877,1
0.957,0.88,0.0035034415777772665,10870.39745156354,1
0.957,0.88,0.003491619834676385,10817.52537147986,1
0.957,0.88,0.0035091154277324677,10984.698845379538,1
0.957,0.88,0.0035164791624993086,10982.032569267169,1
0.957,0.88,0.0035399284679442644,11092.726097665167,1
0.957,0.88,0.00358721986413002,10767.249368130346,1
0.957,0.88,0.0035720926243811846,10977.24498505554,1
0.957,0.88,0.0035837446339428425,11008.68349285104,1
0.957,0.88,0.0035517755895853043,11079.336738854228,1
0.957,0.88,0.003476714249700308,11186.664380665317,1
0.957,0.88,0.003432379337027669,11029.13027417889,1
0.957,0.88,0.003406745148822665,10934.640466581699,1
0.957,0.88,0.003528354922309518,11195.881878068545,1
0.957,0.88,0.003530801273882389,11084.910662841534,1
0.957,0.88,0.0035931221209466457,10784.957192321777,1
0.957,0.88,0.0036013207864016294,10869.736103587507,1
0.957,0.88,0.0035785643849521875,11098.048887616318,1
0.957,0.88,0.00357389566488564,11075.212951195153,1
0.957,0.88,0.0035784058272838593,11225.6683340142,1
0.957,0.88,0.0035211604554206133,11179.16040894996,1
0.957,0.88,0.0035392369609326124,10962.30072721262,1
0.957,0.88,0.003540555015206337,11002.79008695219,1
0.957,0.88,0.003552356967702508,11100.228019840491,1
0.957,0.88,0.0034890600945800543,11023.238731274629,1
0.957,0.88,0.003487431211397052,11069.528530488718,1
0.957,0.88,0.003520611207932234,11057.218629314988,1
0.957,0.88,0.0035430530551820993,11087.417887765372,1
0.957,0.88,0.003545379964634776,11116.865661678945,1
0.957,0.88,0.003475259291008115,11108.72850492758,1
0.957,0.88,0.003463003085926175,11033.565845366293,1
0.957,0.88,0.0034822288434952497,11194.310409094134,1
0.957,0.88,0.003539759200066328,11100.404719412812,1
0.957,0.88,0.003564845072105527,11187.394503256013,1
0.957,0.88,0.003539517056196928,10995.852643310973,1
0.957,0.88,0.003569346619769931,11066.545432721421,1
0.957,0.88,0.0035526363644748926,11128.356598284832,1
0.957,0.88,0.003620451083406806,11016.801383713206,1
0.957,0.88,0.0036180978640913963,11139.993668288498,1
0.957,0.88,0.0035945596173405647,10957.460048564453,1
0.957,0.88,0.0035098674707114697,11027.314169863525,1
0.957,0.88,0.003416132414713502,10831.50662990407,1
0.957,0.88,0.0033995313569903374,11080.154937420364,1
0.957,0.88,0.0034822046291083097,11068.026143891182,1
0.957,0.88,0.003451618133112788,10993.38056001324,1
0.957,0.88,0.003608551574870944,11111.119403288303,1
0.957,0.88,0.0036003051791340113,11038.187581199425,1
0.957,0.88,0.0036170976236462593,11140.749610540008,1
0.957,0.88,0.0036346507258713245,11055.49537730731,1
0.957,0.88,0.0036227686796337366,11068.50785494729,1
0.957,0.88,0.003591560758650303,11173.863802804697,1
0.957,0.88,0.003620612435042858,11030.439476858146,1
0.957,0.88,0.003658224828541279,10961.096116338793,1
0.957,0.88,0.0036257952451705933,10932.879856824205,1
0.957,0.88,0.0036051759961992502,11160.788860046741,1
0.957,0.88,0.003605622099712491,11366.5629400176,1
0.957,0.88,0.0035919819492846727,11306.191808519266,1
0.957,0.88,0.003587283892557025,11251.393130175997,1
0.957,0.88,0.0035046825651079416,11324.518850251443,1
0.957,0.88,0.0035296143032610416,11221.383947256329,1
0.957,0.88,0.0035671836230903864,11301.048405423431,1
0.957,0.88,0.003676661057397723,11064.122976984834,1
0.957,0.88,0.003682092996314168,10988.614426687516,1
0.957,0.88,0.0036850350443273783,10988.219404646303,1
0.957,0.88,0.00367220607586205,10915.882995347114,1
0.957,0.88,0.0036248345859348774,10878.548386644376,1
0.957,0.88,0.0036659538745880127,11006.884755883075,1
0.957,0.88,0.0035762006882578135,10988.499921753837,1
0.957,0.88,0.0035780873149633408,11034.055547060852,1
0.957,0.88,0.003576242597773671,10938.569506780794,1
0.957,0.88,0.0035839457996189594,11067.040893241177,1
0.957,0.88,0.003597910050302744,10873.772243088024,1
0.957,0.88,0.003582210745662451,10854.743235112932,1
0.957,0.88,0.003609245177358389,11122.307523123973,1
0.957,0.88,0.003575311042368412,10965.72820025807,1
0.957,0.88,0.0035946883726865053,10861.734473738343,1
0.957,0.88,0.00360672059468925,10611.706861639006,1
0.957,0.88,0.003608123632147908,10879.589346869301,1
0.957,0.88,0.0035694162361323833,11251.881723946917,1
0.957,0.88,0.003566495142877102,11081.443409625466,1
0.957,0.88,0.0035214757081121206,11084.036162484506,1
0.957,0.88,0.003600330324843526,11315.102769329267,1
0.957,0.88,0.003617845242843032,11118.560232011872,1
0.957,0.88,0.0035512198228389025,11006.580997421222,1
0.957,0.88,0.0034937765449285507,11052.563217837187,1
0.957,0.88,0.003465342568233609,10646.839253989736,1
0.957,0.88,0.003500736318528652,10823.941776599202,1
0.957,0.88,0.003543559927493334,10890.409274840491,1
0.957,0.88,0.0035483778920024633,11080.180693914534,1
0.957,0.88,0.0035047251731157303,10990.214730228952,1
0.957,0.88,0.0035168686881661415,11073.424746374114,1
0.957,0.88,0.003586264094337821,11042.6149918053,1
0.957,0.88,0.0036106796469539404,11064.053206031896,1
0.957,0.88,0.00362223363481462,11235.925339329431,1
0.957,0.88,0.003642971394583583,11353.636626972224,1
0.957,0.88,0.003602387150749564,11096.40472245653,1
0.957,0.88,0.0035919873043894768,10896.898598807496,1
0.957,0.88,0.003559521399438381,11015.1817211159,1
0.957,0.88,0.003521856851875782,10985.847479450713,1
0.957,0.88,0.0035965959541499615,11246.276623662987,1
0.957,0.88,0.0035335395950824022,11187.111298546199,1
0.957,0.88,0.0035761077888309956,11070.611864229217,1
0.957,0.88,0.0035966006107628345,11070.932837843086,1
0.957,0.88,0.00355524686165154,11033.966218466112,1
0.957,0.88,0.0035656436812132597,10994.073822390192,1
0.957,0.88,0.00350970565341413,10948.927787055989,1
0.957,0.88,0.0035218086559325457,10845.000324299632,1
0.957,0.88,0.0034782772418111563,10874.106629196218,1
0.957,0.88,0.0035447312984615564,11099.792838013349,1
0.957,0.88,0.003548004664480686,11102.83246985502,1
0.957,0.88,0.003544738283380866,11225.891320462488,1
0.957,0.88,0.003512674244120717,11175.358558730699,1
0.957,0.88,0.0035062956158071756,11124.240207979836,1
0.957,0.88,0.0035024224780499935,10903.382228875245,1
0.957,0.88,0.0035392402205616236,10994.814787850903,1
0.957,0.88,0.0035608955658972263,11346.677950520112,1
0.957,0.88,0.0036005829460918903,11148.120548921483,1
0.957,0.88,0.003620605915784836,10959.434773649766,1
0.957,0.88,0.0036185241769999266,11069.993148624575,1
0.957,0.88,0.003564581973478198,10858.91208540322,1
0.957,0.88,0.0035505732521414757,11071.99135744905,1
0.957,0.88,0.0035224074963480234,11093.043807211703,1
0.957,0.88,0.003530185902491212,10882.929304541425,1
0.957,0.88,0.0034882845357060432,11122.703672551641,1
0.957,0.88,0.0035579719115048647,11181.05865299358,1
0.957,0.88,0.0035103808622807264,11287.824968140103,1
0.957,0.88,0.0035223313607275486,11189.733362053714,1
0.957,0.88,0.003497052937746048,11090.233523117917,1
0.957,0.88,0.0034938757307827473,11068.04670685005,1
0.957,0.88,0.003458950435742736,10809.814608249666,1
0.957,0.88,0.0034596684854477644,10891.295032459233,1
0.957,0.88,0.0035240016877651215,10833.664548079863,1
0.957,0.88,0.003565294900909066,11117.42999463453,1
0.957,0.88,0.0035684695467352867,11258.651060474645,1
0.957,0.88,0.003572421381250024,11142.933586574212,1
0.957,0.88,0.0035025521647185087,10879.439878594583,1
0.957,0.88,0.003455368336290121,10915.921895233576,1
0.957,0.88,0.003560135141015053,11262.705997082729,1
0.957,0.88,0.003586437087506056,11251.792764697795,1
0.957,0.88,0.003577729919925332,11289.453376985026,1
0.957,0.88,0.003553447313606739,11165.449246257904,1
0.957,0.88,0.0035039344802498817,11201.486067879423,1
0.957,0.88,0.003478486090898514,10952.475924524382,1
0.957,0.88,0.0034617180936038494,10999.936030794197,1
0.957,0.88,0.003583192825317383,11252.92313909352,1
0.957,0.88,0.003662348724901676,11064.060999245336,1
0.957,0.88,0.00361037184484303,11046.88301273165,1
0.957,0.88,0.003538668155670166,11101.992295234842,1
0.957,0.88,0.0035442509688436985,11104.305291061874,1
0.957,0.88,0.003506063250824809,11142.9027486739,1
0.957,0.88,0.0035931896418333054,11149.638510202114,1
0.957,0.88,0.0036182180047035217,10935.389447869838,1
0.957,0.88,0.003589942120015621,10839.981404115113,1
0.957,0.88,0.003646811004728079,11105.080047979447,1
0.957,0.88,0.003626595949754119,10982.507162761256,1
0.957,0.88,0.003584094811230898,10903.34868612413,1
0.957,0.88,0.003532770788297057,10907.12948864646,1
0.957,0.88,0.0034839443396776915,10813.812538755099,1
0.957,0.88,0.003485471708700061,10994.332442619,1
0.957,0.88,0.0035214992240071297,11173.459118045095,1
0.957,0.88,0.003608084050938487,10941.871786555093,1
0.957,0.88,0.0037042805925011635,10957.440774249171,1
0.957,0.88,0.003679021028801799,10824.176320072034,1
0.957,0.88,0.00367553299292922,10904.27227926864,1
0.957,0.88,0.0035728502552956343,11247.234746556429,1
0.957,0.88,0.0035488619469106197,11019.649789425666,1
0.957,0.88,0.0035382630303502083,10856.299568552198,1
0.957,0.88,0.003532096976414323,10958.376846127418,1
0.957,0.88,0.0035606722813099623,11012.319785643427,1
0.957,0.88,0.0035650182981044054,10794.735389781395,1
0.957,0.88,0.0035792479757219553,10551.680395322483,1
0.957,0.88,0.003540925681591034,10927.780743147938,1
0.957,0.88,0.0034493261482566595,11267.925396042,1
0.957,0.88,0.003503492334857583,10916.072823914012,1
0.957,0.88,0.00348868896253407,10795.072382338774,1
0.957,0.88,0.003518599784001708,11196.832460681537,1
0.957,0.88,0.003576992778107524,11296.639488290471,1
0.957,0.88,0.003591034095734358,11075.179788484409,1
0.957,0.88,0.0036200357135385275,11058.547195581677,1
0.957,0.88,0.003658004803583026,10963.896682661023,1
0.957,0.88,0.0036701634526252747,11174.316097788722,1
0.957,0.88,0.0036178436130285263,11113.635111710104,1
0.957,0.88,0.003623155178502202,11336.187651048918,1
0.957,0.88,0.003579213749617338,11450.478016248348,1
0.957,0.88,0.003630198771134019,11288.039078592992,1
0.957,0.88,0.003657679073512554,11108.460863383,1
0.957,0.88,0.0036207130178809166,10984.431575873423,1
0.957,0.88,0.0035500752273947,11217.143454093957,1
0.957,0.88,0.0035144223365932703,11094.75427661942,1
0.957,0.88,0.0035542575642466545,11231.300232076403,1
0.957,0.88,0.003556720446795225,11117.579057338704,1
0.957,0.88,0.0035546203143894672,11018.143590584103,1
0.957,0.88,0.0036045771557837725,10919.411605633324,1
0.957,0.88,0.0036474179942160845,10992.224873267902,1
0.957,0.88,0.00365443155169487,11159.62147875717,1
0.957,0.88,0.0036102328449487686,10983.76197520112,1
0.957,0.88,0.0035412402357906103,11032.654358134329,1
0.957,0.88,0.003513618838042021,11277.197138928816,1
0.957,0.88,0.0035027731209993362,11380.69763896817,1
0.957,0.88,0.0035450782161206007,10935.827734098639,1
0.957,0.88,0.0035705233458429575,11070.364964524928,1
0.957,0.88,0.003556340467184782,11054.314076751802,1
0.957,0.88,0.003558829892426729,10843.922109566449,1
0.957,0.88,0.00354787427932024,10951.70804973501,1
0.957,0.88,0.0034914836287498474,10949.086276973543,1
0.957,0.88,0.0035377657040953636,11127.11767472406,1
0.957,0.88,0.0035264836624264717,11035.052644671481,1
0.957,0.88,0.0035562419798225164,11086.052119068032,1
0.957,0.88,0.0036312597803771496,10797.757936717937,1
0.957,0.88,0.0035990620963275433,10958.211925546255,1
0.957,0.88,0.0036022558342665434,11068.42109210126,1
0.957,0.88,0.003623134223744273,11092.393051163403,1
0.957,0.88,0.0035174016375094652,11141.803447683982,1
0.957,0.88,0.003594618756324053,11175.815485189938,1
0.957,0.88,0.0035870277788490057,11294.050326741768,1
0.957,0.88,0.003530678804963827,11113.0111668217,1
0.957,0.88,0.003547198139131069,11131.080557760033,1
0.957,0.88,0.003517623757943511,11235.60686129887,1
0.957,0.88,0.003560448531061411,10974.34392604122,1
0.957,0.88,0.003552069189026952,10831.47481360153,1
0.957,0.88,0.00359409605152905,10906.610057061915,1
0.957,0.88,0.0035632646176964045,11190.034353793397,1
0.957,0.88,0.0035254359245300293,11209.479123964964,1
0.957,0.88,0.0035069785080850124,10905.12986124002,1
0.957,0.88,0.0035085640847682953,11093.591149423091,1
0.957,0.88,0.00347006949596107,11067.725714410877,1
0.957,0.88,0.0035613563377410173,10893.245878503316,1
0.957,0.88,0.0035488188732415438,10858.531027409756,1
0.957,0.88,0.003580839838832617,10936.732383981669,1
0.957,0.88,0.0035826172679662704,10893.161083431252,1
0.957,0.88,0.0034979768097400665,10943.788508302598,1
0.957,0.88,0.003529477631673217,11067.8019496727,1
0.957,0.88,0.0036191551480442286,10799.621970200846,1
0.957,0.88,0.0036184845957905054,10604.090508041309,1
0.957,0.88,0.003617276903241873,11055.726317850658,1
0.957,0.88,0.00363114639185369,11079.916823964735,1
0.957,0.88,0.0036134272813796997,11056.728645758265,1
0.957,0.88,0.0036039953120052814,11052.09955260073,1
0.957,0.88,0.0036595796700567007,10939.80140686774,1
0.957,0.88,0.0035371126141399145,11046.763684615082,1
0.957,0.88,0.0035099992528557777,10906.9090231062,1
0.957,0.88,0.0034936293959617615,11201.510996584133,1
0.957,0.88,0.0034986913669854403,11109.32004886906,1
0.957,0.88,0.003579510608687997,11117.549462271429,1
0.957,0.88,0.0036085378378629684,11082.64093690113,1
0.957,0.88,0.0036435816437005997,10948.019571720644,1
0.957,0.88,0.003579153213649988,10852.746533932215,1
0.957,0.88,0.0035706490743905306,10857.175954236827,1
0.957,0.88,0.0035431382711976767,10964.12151333609,1
0.957,0.88,0.0035535269416868687,10910.162789275317,1
0.957,0.88,0.0034962473437190056,10751.509882255283,1
0.957,0.88,0.0034731656778603792,10860.173372529513,1
0.957,0.88,0.0034415859263390303,10795.15614647629,1
0.957,0.88,0.003460970241576433,10892.192236340265,1
0.957,0.88,0.0034949358087033033,10993.951121385662,1
0.957,0.88,0.003554384456947446,11070.362997558695,1
0.957,0.88,0.00357751059345901,10805.662441015827,1
0.957,0.88,0.0036058765836060047,10921.4706760797,1
0.957,0.88,0.003559897420927882,11191.452704490388,1
0.957,0.88,0.0035911037120968103,11198.490841602412,1
0.957,0.88,0.0035864165984094143,11103.43869937005,1
0.957,0.88,0.003643385600298643,11030.989273473078,1
0.957,0.88,0.0035841218195855618,11181.488991975806,1
0.957,0.88,0.003599846735596657,11102.836782966475,1
0.957,0.88,0.0035215073730796576,10915.632153709828,1
0.957,0.88,0.0035898189526051283,11262.099535341837,1
0.957,0.88,0.0035749177914112806,11090.980914310252,1
0.957,0.88,0.003612362779676914,11050.735306501978,1
0.957,0.88,0.0035896562039852142,10959.773157724772,1
0.957,0.88,0.003551604924723506,10962.099590401871,1
0.957,0.88,0.0035196191165596247,10969.305847566378,1
0.957,0.88,0.00346656353212893,10917.211015778727,1
0.957,0.88,0.00341779668815434,10966.998886875572,1
0.957,0.88,0.0034451265819370747,10793.804070777322,1
0.957,0.88,0.0034931027330458164,10900.308690585607,1
0.957,0.88,0.0035395477898418903,10903.156055519026,1
0.957,0.88,0.0036288639530539513,11089.561625426517,1
0.957,0.88,0.003595047164708376,11104.810270558999,1
0.957,0.88,0.0035726139321923256,10973.752189058061,1
0.957,0.88,0.00359420501627028,11123.57332700035,1
0.957,0.88,0.0035670034121721983,10933.890433963885,1
0.957,0.88,0.003571429057046771,10756.093068840495,1
0.957,0.88,0.0035949337761849165,11075.8775204387,1
0.957,0.88,0.0035918913781642914,11254.367238436687,1
0.957,0.88,0.003553651971742511,11130.16952612525,1
0.957,0.88,0.003550030058249831,11055.928525485699,1
0.957,0.88,0.00349831092171371,11121.338895917077,1
0.957,0.88,0.0035189276095479727,10834.583467713912,1
0.957,0.88,0.0034998836927115917,10785.723864967764,1
0.957,0.88,0.0034811391960829496,10946.554629019005,1
0.957,0.88,0.0035543141420930624,10975.140064282667,1
0.957,0.88,0.003568622749298811,10915.09311378338,1
0.957,0.88,0.0035955882631242275,10823.673361393672,1
0.957,0.88,0.0035172300413250923,11041.365270497801,1
0.957,0.88,0.0034747777972370386,11164.923304860407,1
0.957,0.88,0.0035086937714368105,11111.004698522582,1
0.957,0.88,0.0035970029421150684,11162.877943245348,1
0.957,0.88,0.0036428316961973906,11085.328382274898,1
0.957,0.88,0.003619252936914563,11107.028435526545,1
0.957,0.88,0.003526716260239482,11126.128555344347,1
0.957,0.88,0.0034944487269967794,11252.323674111933,1
0.957,0.88,0.0035262994933873415,11069.17280271939,1
0.957,0.88,0.0035580017138272524,10971.645961020227,1
0.957,0.88,0.003566524013876915,10822.652111762009,1
0.957,0.88,0.0035837707109749317,10901.29560121004,1
0.957,0.88,0.0035859167110174894,11186.24748681379,1
0.957,0.88,0.003564045764505863,11142.466051890317,1
0.957,0.88,0.003556192386895418,10943.2569030225,1
0.957,0.88,0.003552244510501623,11275.905478840126,1
0.957,0.88,0.0035230410285294056,11129.350816797443,1
0.957,0.88,0.00356653262861073,11055.401228342615,1
0.957,0.88,0.0035145762376487255,10902.534431966136,1
0.957,0.88,0.003569116583094001,11001.321924169026,1
0.957,0.88,0.003587141865864396,10905.349738481767,1
0.957,0.88,0.00358535535633564,11219.372864388995,1
0.957,0.88,0.0036112735979259014,11180.788924650376,1
0.957,0.88,0.0035714982077479362,10921.256669068562,1
0.957,0.88,0.0035008988343179226,10726.40386537473,1
0.957,0.88,0.0034952620044350624,10724.758832130046,1
0.957,0.88,0.003504594322293997,10832.118465738502,1
0.957,0.88,0.003510180627927184,10977.799147198733,1
0.957,0.88,0.0035291695967316628,11076.131048190775,1
0.957,0.88,0.003520781174302101,11267.686667122856,1
0.957,0.88,0.003443630877882242,11155.95126713701,1
0.957,0.88,0.0034729656763374805,11239.711718602248,1
0.957,0.88,0.003505523782223463,10932.096580891266,1
0.957,0.88,0.003553852206096053,11032.177495227694,1
0.957,0.88,0.0035929083824157715,11096.986408802171,1
0.957,0.88,0.00357987848110497,11013.473915769857,1
0.957,0.88,0.003609461011365056,11151.4456835712,1
0.957,0.88,0.0035815981682389975,11035.422429102207,1
0.957,0.88,0.0036149395164102316,11060.874915858065,1
0.957,0.88,0.003641832619905472,11275.427332042045,1
0.957,0.88,0.0036268082913011312,11054.051335432843,1
0.957,0.88,0.003552468027919531,10932.09251321825,1
0.957,0.88,0.0035268485080450773,10949.219262566774,1
0.957,0.88,0.003582978853955865,11088.461575691072,1
0.957,0.88,0.003589608008041978,10795.332947599161,1
0.957,0.88,0.003609573934227228,10838.751008294645,1
0.957,0.88,0.0035943337716162205,11120.130387374,1
0.957,0.88,0.003594194306060672,11326.05908319472,1
0.957,0.88,0.0036519106943160295,11060.369514974536,1
0.957,0.88,0.0036247405223548412,10733.761798700772,1
0.957,0.88,0.00356822507455945,10840.13284623134,1
0.957,0.88,0.0035135229118168354,11100.357607436414,1
0.957,0.88,0.0035148304887115955,10834.565174527514,1
0.957,0.88,0.0035859569907188416,11054.471842724064,1
0.957,0.88,0.0035974490456283092,10938.014632027236,1
0.957,0.88,0.0035439750645309687,11185.981276170614,1
0.957,0.88,0.003519480349496007,11324.842936640178,1
0.957,0.88,0.0035463219974189997,11195.595244376947,1
0.957,0.88,0.003536502830684185,11159.729861246331,1
0.957,0.88,0.003563670674338937,10980.67914229632,1
0.957,0.88,0.0035552792251110077,10943.829600638603,1
0.957,0.88,0.0035427433904260397,11106.282112885172,1
0.957,0.88,0.0036179423332214355,11058.201175920722,1
0.957,0.88,0.0036494978703558445,11132.378010841181,1
0.957,0.88,0.00358292693272233,10816.43131056878,1
0.957,0.88,0.0036237863823771477,10836.089381033824,1
0.957,0.88,0.003515387186780572,11032.01326702679,1
0.957,0.88,0.003522968152537942,11210.198327780803,1
0.957,0.88,0.0034685961436480284,10864.322093006847,1
0.957,0.88,0.0035148116294294596,10897.176301915693,1
0.957,0.88,0.003494628705084324,11189.490696662058,1
0.957,0.88,0.0035026101395487785,11216.086153402868,1
0.957,0.88,0.003542170859873295,11227.550085141464,1
0.957,0.88,0.0034721819683909416,10975.967386177224,1
0.957,0.88,0.0035705026239156723,10842.69915337347,1
0.957,0.88,0.0035647982731461525,10920.650783062089,1
0.957,0.88,0.003584043588489294,10848.586578309616,1
0.957,0.88,0.003547245403751731,11057.5803226269,1
0.957,0.88,0.003545482410117984,11148.4377245409,1
0.957,0.88,0.0035904820542782545,10934.079230509484,1
0.957,0.88,0.0035939582157880068,11059.938999729857,1
0.957,0.88,0.003615712281316519,11105.912430614162,1
0.957,0.88,0.003586494131013751,10774.55739194716,1
0.957,0.88,0.0035177378449589014,10750.619225947032,1
0.957,0.88,0.0034748546313494444,10947.404727785246,1
0.957,0.88,0.0035913195461034775,11015.284417047425,1
0.957,0.88,0.0035643181763589382,11016.211361047595,1
0.957,0.88,0.003571486799046397,10807.622943587594,1
0.957,0.88,0.0035964944399893284,10803.335587397145,1
0.957,0.88,0.0035439932253211737,10873.115825951769,1
0.957,0.88,0.0035447815898805857,10897.920661354829,1
0.957,0.88,0.0036224927753210068,10934.168072688508,1
0.957,0.88,0.003664035815745592,11102.42821126929,1
0.957,0.88,0.0036588723305612803,11233.09461329347,1
0.957,0.88,0.0036428417079150677,11039.417126710798,1
0.957,0.88,0.003619446652010083,11301.100130241957,1
0.957,0.88,0.0035915658809244633,11132.664981760068,1
0.957,0.88,0.003640606999397278,11066.79449979187,1
0.957,0.88,0.0035842249635607004,11167.559083103966,1
0.957,0.88,0.0035965885035693645,10878.590025695477,1
0.957,0.88,0.003576484275981784,10993.787038368464,1
0.957,0.88,0.0035801867488771677,11120.409107664706,1
0.957,0.88,0.0035908925347030163,11146.257868543722,1
0.957,0.88,0.0035393114667385817,10981.080631994406,1
0.957,0.88,0.0035405524540692568,11202.526388751867,1
0.957,0.88,0.0035864084493368864,11230.316758277473,1
0.957,0.88,0.003597891191020608,10929.797439276459,1
0.957,0.88,0.003644735086709261,11143.898765396816,1
0.957,0.88,0.003603806719183922,10973.722890471692,1
0.957,0.88,0.003584236605092883,10761.135161426631,1
0.957,0.88,0.0035675042308866978,11140.359362211735,1
0.957,0.88,0.003517047967761755,11167.815432797179,1
0.957,0.88,0.0035079659428447485,11117.005944531174,1
0.957,0.88,0.003536867443472147,11214.049560879415,1
0.957,0.88,0.0035782873164862394,11025.792033556623,1
0.957,0.88,0.003575839102268219,11086.32223042989,1
0.957,0.88,0.0036160913296043873,11020.033529219474,1
0.957,0.88,0.003562469966709614,10983.340073479143,1
0.957,0.88,0.003553164890035987,10977.696339607202,1
0.957,0.88,0.0034476907458156347,11042.578218748755,1
0.957,0.88,0.003435178892686963,11033.938272935658,1
0.957,0.88,0.0034325674641877413,10944.253750109798,1
0.957,0.88,0.003514858428388834,10907.99621992304,1
0.957,0.88,0.0035674674436450005,10928.621042225346,1
0.957,0.88,0.003635552478954196,10846.947828877115,1
0.957,0.88,0.0035658369306474924,10973.517674908382,1
0.957,0.88,0.003649636870250106,10841.372089676122,1
0.957,0.88,0.0035743718035519123,10693.864316746085,1
0.957,0.88,0.0036029983311891556,10829.40231366622,1
0.957,0.88,0.0035559572279453278,10719.734827451492,1
0.957,0.88,0.0035441885702311993,11032.28749110407,1
0.957,0.88,0.003528221044689417,11072.841299134752,1
0.957,0.88,0.0035373601131141186,11162.416746434505,1
0.957,0.88,0.0035475853364914656,11228.94580635888,1
0.957,0.88,0.0035815644077956676,11300.709421462685,1
0.957,0.88,0.003569928230717778,11168.561743889555,1
0.957,0.88,0.00360287562943995,10999.30591820901,1
0.957,0.88,0.0035244959872215986,10896.725948000869,1
0.957,0.88,0.0034615073818713427,10984.775023271211,1
0.957,0.88,0.0034184097312390804,10952.495224053375,1
0.957,0.88,0.0034906293731182814,10926.186404571352,1
0.957,0.88,0.0035428358241915703,10975.197475261035,1
0.957,0.88,0.003537490265443921,10973.021396327642,1
0.957,0.88,0.0035608678590506315,11135.480826703273,1
0.957,0.88,0.0035337326116859913,11322.636292779212,1
0.957,0.88,0.003572606947273016,10991.553304027017,1
0.957,0.88,0.003516984637826681,11015.37215536337,1
0.957,0.88,0.0036151299718767405,11078.371386057483,1
0.957,0.88,0.0035825511440634727,10943.141285044936,1
0.957,0.88,0.003594901878386736,10921.960799794726,1
0.957,0.88,0.003598682815209031,11185.965715742312,1
0.957,0.88,0.0036252206191420555,11153.191072348665,1
0.957,0.88,0.0035859569907188416,10799.046059940192,1
0.957,0.88,0.0035544876009225845,10903.483703959097,1
0.957,0.88,0.0034391547087579966,10766.898580529285,1
0.957,0.88,0.0034806309267878532,10894.667680087048,1
0.957,0.88,0.0035362145863473415,10971.519456187274,1
0.957,0.88,0.0035853865556418896,10809.816469167668,1
0.957,0.88,0.0035735114943236113,11055.703302557371,1
0.957,0.88,0.003514156909659505,11197.642810454718,1
0.957,0.88,0.003519840305671096,11076.635296917271,1
0.957,0.88,0.003506348468363285,10878.992876519435,1
0.957,0.88,0.00353194959461689,10980.154210966655,1
0.957,0.88,0.003589875064790249,10864.603457238596,1
0.957,0.88,0.0036491958890110254,11174.848580557189,1
0.957,0.88,0.0035510598681867123,11206.691432066626,1
0.957,0.88,0.003507433459162712,11333.470556857828,1
0.957,0.88,0.003497578203678131,11155.805136313553,1
0.957,0.88,0.0034702150151133537,11029.827106056318,1
0.957,0.88,0.0035016778856515884,10809.88706668491,1
0.957,0.88,0.0035067489370703697,10950.097151859574,1
0.957,0.88,0.0035104372072964907,11151.367837510033,1
0.957,0.88,0.00356151326559484,11072.835075209898,1
0.957,0.88,0.003523722756654024,11019.771260310612,1
0.957,0.88,0.003586916718631983,10977.988901623514,1
0.957,0.88,0.003571313340216875,11069.516922300882,1
0.957,0.88,0.003509606933221221,11002.734223365045,1
0.957,0.88,0.0035301700700074434,10737.208096315298,1
0.957,0.88,0.00355683290399611,10810.486939762974,1
0.957,0.88,0.0035389033146202564,11019.189782832109,1
0.957,0.88,0.003507438115775585,10785.98512518295,1
0.957,0.88,0.003494851291179657,10912.955730765707,1
0.957,0.88,0.0035592252388596535,11037.095025138984,1
0.957,0.88,0.0036089455243200064,11071.958653357327,1
0.957,0.88,0.0036365992855280638,11161.83720203352,1
0.957,0.88,0.0036078724078834057,11273.208684904037,1
0.957,0.88,0.0035968038719147444,11285.841994930875,1
0.957,0.88,0.003558606840670109,11009.816753696585,1
0.957,0.88,0.0035792423877865076,10991.588291087428,1
0.957,0.88,0.0035335575230419636,10870.014556121158,1
0.957,0.88,0.0035778856836259365,10766.957455502825,1
0.957,0.88,0.0036757297348231077,10723.941993377046,1
0.957,0.88,0.003664725460112095,10763.531758752448,1
0.957,0.88,0.003651581471785903,11028.71345015274,1
0.957,0.88,0.003588208230212331,11216.653498973375,1
0.957,0.88,0.003562305821105838,11286.995408709363,1
0.957,0.88,0.003567642066627741,11037.637285143981,1
0.957,0.88,0.0035599463153630495,10750.08504011053,1
0.957,0.88,0.00355409923940897,10872.032965269766,1
0.957,0.88,0.0036310297437012196,10922.008024637678,1
0.957,0.88,0.0035813895519822836,10956.824582421268,1
0.957,0.88,0.0036043915897607803,11007.028162083123,1
0.957,0.88,0.0035737899597734213,10975.547347370657,1
0.957,0.88,0.003502944717183709,11178.22344074366,1
0.957,0.88,0.003510883543640375,10932.385697879216,1
0.957,0.88,0.0034547701943665743,11144.973930027609,1
0.957,0.88,0.00342953996732831,11206.763858373963,1
0.957,0.88,0.003456900827586651,11153.266292595144,1
0.957,0.88,0.003487120848149061,10996.672645833765,1
0.957,0.88,0.003547564148902893,10869.822630905914,1
0.957,0.88,0.0034818437416106462,10848.381012651382,1
0.957,0.88,0.003479429055005312,10937.17525352475,1
0.957,0.88,0.0034695614594966173,11224.009591317717,1
0.957,0.88,0.003524875734001398,11320.707877535198,1
0.957,0.88,0.0035112956538796425,11217.577468327127,1
0.957,0.88,0.0035008443519473076,10935.735090367692,1
0.957,0.88,0.003403098089620471,11096.84419880111,1
0.957,0.88,0.003459142753854394,11199.421857002619,1
0.957,0.88,0.003578414209187031,11318.668019483983,1
0.957,0.88,0.0036201660986989737,11125.873585204416,1
0.957,0.88,0.0036503877490758896,11078.353581651023,1
0.957,0.88,0.0035741948522627354,10745.467722876188,1
0.957,0.88,0.0036262506619095802,10929.018075100448,1
0.957,0.88,0.003606420708820224,11026.089716465121,1
0.957,0.88,0.0036259570624679327,11196.012589352908,1
0.957,0.88,0.0035852217115461826,11153.269880236392,1
0.957,0.88,0.003559383098036051,11040.790124647434,1
0.957,0.88,0.003535254392772913,11130.853850994075,1
0.957,0.88,0.003570771077647805,11008.969570855468,1
0.957,0.88,0.003602158511057496,11246.168472658206,1
0.957,0.88,0.0036083946470171213,11081.104627826164,1
0.957,0.88,0.003570717293769121,10992.90918116847,1
0.957,0.88,0.0035730546806007624,11023.692306300056,1
0.957,0.88,0.0035544808488339186,10883.22414557589,1
0.957,0.88,0.0035423985682427883,11099.938972107037,1
0.957,0.88,0.003533805487677455,11058.23768498988,1
0.957,0.88,0.0035604911390691996,10800.488836289871,1
0.957,0.88,0.0035246829502284527,10788.780111146141,1
0.957,0.88,0.003572953399270773,10966.842029264757,1
0.957,0.88,0.0035817730240523815,10954.390482848656,1
0.957,0.88,0.0036655007861554623,11044.18340676335,1
0.957,0.88,0.0036201467737555504,11070.616050666496,1
0.957,0.88,0.003668230725452304,10965.006398491136,1
0.957,0.88,0.003643274074420333,10968.365111842035,1
0.957,0.88,0.0035720081068575382,11056.64235567332,1
0.957,0.88,0.003527882741764188,10997.042558349858,1
0.957,0.88,0.003523940918967128,11177.498428274612,1
0.957,0.88,0.003403122304007411,11027.332632217756,1
0.957,0.88,0.0035336774308234453,10825.798351061858,1
0.957,0.88,0.0035309717059135437,10846.795316134381,1
0.957,0.88,0.003556054551154375,10866.173232264027,1
0.957,0.88,0.0035577311646193266,11043.427724778241,1
0.957,0.88,0.0035440989304333925,11008.862129734543,1
0.957,0.88,0.003536021336913109,11049.678220221353,1
0.957,0.88,0.0035781338810920715,10871.264082140766,1
0.957,0.88,0.0035669368226081133,10939.109122022674,1
0.957,0.88,0.0035561362747102976,10921.477644702154,1
0.957,0.88,0.0034838698338717222,11136.177621463668,1
0.957,0.88,0.0034770385827869177,11476.607757790367,1
0.957,0.88,0.0034716082736849785,11140.197501796978,1
0.957,0.88,0.0035116577055305243,11340.717215633076,1
0.957,0.88,0.0035129007883369923,11325.965521467479,1
0.957,0.88,0.003600794356316328,11239.791878500166,1
0.957,0.88,0.0036239074543118477,10976.134260068602,1
0.957,0.88,0.003607169957831502,11151.188744547027,1
0.957,0.88,0.0035716902930289507,11140.819864228371,1
0.957,0.88,0.003528289031237364,10895.974735940585,1
0.957,0.88,0.003531776601448655,10938.330332613772,1
0.957,0.88,0.0035133773926645517,10946.265994715171,1
0.957,0.88,0.00349759915843606,11106.090477343496,1
0.957,0.88,0.0034543212968856096,10904.797404630994,1
0.957,0.88,0.0034941567573696375,11036.27133447825,1
0.957,0.88,0.0034997796174138784,10858.131003804836,1
0.957,0.88,0.0035120744723826647,10879.685971883948,1
0.957,0.88,0.0035180733539164066,11033.438466135905,1
0.957,0.88,0.0035070073790848255,10898.846996707853,1
0.957,0.88,0.0035176558885723352,10623.72394285892,1
0.957,0.88,0.0035143380519002676,10894.498935682364,1
0.957,0.88,0.0035156686790287495,11063.661519067264,1
0.957,0.88,0.0034849096555262804,11044.79859147764,1
0.957,0.88,0.0035133983474224806,10993.685468547626,1
0.957,0.88,0.003560906508937478,10843.67447140468,1
0.957,0.88,0.0036059434060007334,10828.159430347045,1
0.957,0.88,0.0036456692032516003,11050.966472810944,1
0.957,0.88,0.003597282338887453,11286.41785360643,1
0.957,0.88,0.0035837125033140182,11139.31757449366,1
0.957,0.88,0.0035221974831074476,11058.494325761429,1
0.957,0.88,0.0035454286262392998,10893.333818159414,1
0.957,0.88,0.003576102899387479,11158.093086891815,1
0.957,0.88,0.0035997892264276743,10899.083209512746,1
0.957,0.88,0.0035637582186609507,11121.01824620093,1
0.957,0.88,0.0035865006502717733,11025.967168053872,1
0.957,0.88,0.0035146456211805344,11126.896019089447,1
0.957,0.88,0.003487205598503351,11018.07413732275,1
0.957,0.88,0.0034593488089740276,11005.945764566472,1
0.957,0.88,0.0034248863812536,11152.350016404776,1
0.957,0.88,0.0035092830657958984,10980.89398446772,1
0.957,0.88,0.0034759221598505974,11220.86279541738,1
0.957,0.88,0.0035168041940778494,11077.712509521603,1
0.957,0.88,0.0035084893461316824,11097.19763950038,1
0.957,0.88,0.0035452356096357107,10835.731991269982,1
0.957,0.88,0.003594388486817479,10948.81326318048,1
0.957,0.88,0.003607833990827203,10851.783969175773,1
0.957,0.88,0.0035601386334747076,11107.866727061255,1
0.957,0.88,0.0035046313423663378,10957.389310841043,1
0.957,0.88,0.003486443543806672,11063.676104731965,1
0.957,0.88,0.0034904100466519594,10984.836177629095,1
0.957,0.88,0.0035777622833848,11020.092263423798,1
0.957,0.88,0.0035448679700493813,11299.322308841824,1
0.957,0.88,0.003573253285139799,11243.828585983192,1
0.957,0.88,0.003533658105880022,11308.016710478609,1
0.957,0.88,0.0035467639099806547,11072.176173038475,1
0.957,0.88,0.003605188801884651,11126.738012145153,1
0.957,0.88,0.0036305056419223547,11012.876375442585,1
0.957,0.88,0.00368748907931149,11091.19549865491,1
0.957,0.88,0.003662233939394355,11128.858582348295,1
0.957,0.88,0.0036338563077151775,11122.951426961472,1
0.957,0.88,0.003605430945754051,11304.284196691533,1
0.957,0.88,0.003557332791388035,11116.900012959368,1
0.957,0.88,0.003574143396690488,10914.261162493702,1
0.957,0.88,0.0035506770946085453,11124.862486040154,1
0.957,0.88,0.0035822808276861906,11259.421337737778,1
0.957,0.88,0.003656852524727583,11125.059591489022,1
0.957,0.88,0.003593506757169962,11280.350108861156,1
0.957,0.88,0.0035673175007104874,11262.233666114123,1
0.957,0.88,0.0035340457689017057,11021.67862964653,1
0.957,0.88,0.0034907846711575985,11059.407663407394,1
0.957,0.88,0.0035441583022475243,11002.362438376174,1
0.957,0.88,0.0035466353874653578,10894.865005094396,1
0.957,0.88,0.0035550149623304605,11075.890052197257,1
0.957,0.88,0.0036140477750450373,10999.369990451996,1
0.957,0.88,0.0036047121975570917,11174.82689063168,1
0.957,0.88,0.003586267353966832,11112.43704725047,1
0.957,0.88,0.003531530499458313,11025.545386533411,1
0.957,0.88,0.003616590052843094,11096.34974735567,1
0.957,0.88,0.003639072645455599,11076.33989566768,1
0.957,0.88,0.003552166046574712,10994.888092954981,1
0.957,0.88,0.0035704365000128746,10710.769788930584,1
0.957,0.88,0.003550418419763446,11020.611628788049,1
0.957,0.88,0.003614739514887333,11239.809689844886,1
0.957,0.88,0.003631950356066227,11280.58302245026,1
0.957,0.88,0.003662570146843791,11226.863244566228,1
0.957,0.88,0.0036164354532957077,11314.353546192187,1
0.957,0.88,0.0035850382409989834,11402.022800319337,1
0.957,0.88,0.0036089266650378704,11115.873583441704,1
0.957,0.88,0.003523922758176923,10839.02916000881,1
0.957,0.88,0.003557563526555896,10970.883096429961,1
0.957,0.88,0.0035037975758314133,11042.018493173891,1
0.957,0.88,0.0035714225377887487,11189.61239555636,1
0.957,0.88,0.003580804681405425,11267.77837184109,1
0.957,0.88,0.003616645932197571,11280.530017176594,1
0.957,0.88,0.0036230883561074734,11124.71127626103,1
0.957,0.88,0.0035810640547424555,11133.33199506575,1
0.957,0.88,0.0035605239681899548,10801.249002814577,1
0.957,0.88,0.0034952033311128616,10903.984523327365,1
0.957,0.88,0.0035474610049277544,11060.720472844227,1
0.957,0.88,0.0035850137937813997,11129.100299999183,1
0.957,0.88,0.0035990478936582804,10937.767330317727,1
0.957,0.88,0.0035434451419860125,10932.192877107895,1
0.957,0.88,0.0035166586749255657,11040.755310980765,1
0.957,0.88,0.003514483803883195,11072.846212700639,1
0.957,0.88,0.0036000923719257116,11107.562391899357,1
0.957,0.88,0.003632336389273405,11270.907590724262,1
0.957,0.88,0.0036754582542926073,11210.135544814919,1
0.957,0.88,0.003589042229577899,11053.871915678745,1
0.957,0.88,0.003521447768434882,10909.873251403576,1
0.957,0.88,0.0034814176615327597,11104.452292335814,1
0.957,0.88,0.0035136814694851637,11055.018157916753,1
0.957,0.88,0.003503147279843688,11161.341626646003,1
0.957,0.88,0.0035066816490143538,11104.772160379847,1
0.957,0.88,0.00347720505669713,11061.242735284755,1
0.957,0.88,0.003456569043919444,11080.980585034704,1
0.957,0.88,0.0034274961799383163,11119.558192871003,1
0.957,0.88,0.0035205772146582603,11190.548856633315,1
0.957,0.88,0.0035186288878321648,11099.735290645176,1
0.957,0.88,0.0035933256149291992,10997.383417752917,1
0.957,0.88,0.0036226774100214243,11045.067187560946,1
0.957,0.88,0.0036217484157532454,11108.703308241538,1
0.957,0.88,0.003626517951488495,11117.141140576181,1
0.957,0.88,0.0036473425570875406,11250.99983079857,1
0.957,0.88,0.003519665449857712,11426.282602077576,1
0.957,0.88,0.0034717642702162266,11241.973505523589,1
0.957,0.88,0.003403635462746024,11274.124110043615,1
0.957,0.88,0.0034045041538774967,10962.6687122896,1
0.957,0.88,0.0034457503352314234,11252.408409227222,1
0.957,0.88,0.003512739669531584,11101.681815450424,1
0.957,0.88,0.0035610958002507687,10912.756129195532,1
0.957,0.88,0.00358332647010684,10847.887750221042,1
0.957,0.88,0.003623724216595292,11104.206344732238,1
0.957,0.88,0.0035884566605091095,10868.345676335994,1
0.957,0.88,0.0035561583936214447,10821.339945066728,1
0.957,0.88,0.0036282683722674847,11199.681504005239,1
0.957,0.88,0.003645451972261071,11018.773608020369,1
0.957,0.88,0.0036864588037133217,11082.204037429865,1
0.957,0.88,0.0035873965825885534,10986.91336185747,1
0.957,0.88,0.0035463161766529083,10867.405478735895,1
0.957,0.88,0.0035182188730686903,11137.568071021818,1
0.957,0.88,0.0035256450064480305,11049.619353160862,1
0.957,0.88,0.003564193844795227,10843.420528752298,1
0.957,0.88,0.003527700901031494,11221.16604168842,1
0.957,0.88,0.0034869718365371227,11270.1497093631,1
0.957,0.88,0.0035163918510079384,11138.616201639892,1
0.957,0.88,0.0035190563648939133,10983.849485128474,1
0.957,0.88,0.00352463242597878,11028.848056757914,1
0.957,0.88,0.0035238037817180157,11075.29136667064,1
0.957,0.88,0.0035667670890688896,10934.825949182366,1
0.957,0.88,0.003614179790019989,11232.140690307864,1
0.957,0.88,0.003615720896050334,10943.5791970837,1
0.957,0.88,0.003592980792745948,11018.427893476839,1
0.957,0.88,0.003601351985707879,10930.817048388186,1
0.957,0.88,0.0036198205780237913,10632.16199420278,1
0.957,0.88,0.003568135667592287,10852.36246768156,1
0.957,0.88,0.003562407335266471,10884.301239495711,1
0.957,0.88,0.003496602177619934,11068.473223867524,1
0.957,0.88,0.003486292902380228,11018.711862747467,1
0.957,0.88,0.003440162865445018,10940.928246533174,1
0.957,0.88,0.0035033186431974173,11039.29373119586,1
0.957,0.88,0.003525828244164586,11100.022136134807,1
0.957,0.88,0.00351454084739089,10914.311211364346,1
0.957,0.88,0.003473960794508457,10863.071459730701,1
0.957,0.88,0.003490331582725048,11034.651077464929,1
0.957,0.88,0.0034651607275009155,10721.86321812449,1
0.957,0.88,0.0034767803736031055,11072.559936574253,1
0.957,0.88,0.00354431988671422,11022.491013218973,1
0.957,0.88,0.0035411007702350616,10885.017440484411,1
0.957,0.88,0.003543911036103964,11078.827546248234,1
0.957,0.88,0.0035553695634007454,10895.13001346932,1
0.957,0.88,0.003506193868815899,11133.80345502928,1
0.957,0.88,0.0035149147734045982,11078.95572993268,1
0.957,0.88,0.003453087294474244,11011.840945456155,1
0.957,0.88,0.0035000857897102833,10888.584920138259,1
0.957,0.88,0.0035740535240620375,10594.100373543135,1
0.957,0.88,0.0035595246590673923,10836.33348140752,1
0.957,0.88,0.0035633635707199574,11077.151248528753,1
0.957,0.88,0.0035473632160574198,10914.912766254978,1
0.957,0.88,0.003547465894371271,10807.840056443563,1
0.957,0.88,0.0035994169302284718,11033.819367724765,1
0.957,0.88,0.0036555889528244734,11246.721629598866,1
0.957,0.88,0.0037035662680864334,11044.590819070381,1
0.957,0.88,0.0036836087238043547,11002.450789777035,1
0.957,0.88,0.003646327881142497,11142.35686680827,1
0.957,0.88,0.003584959777072072,10937.347980273626,1
0.957,0.88,0.0035434470046311617,10964.82526624175,1
0.957,0.88,0.0035431974101811647,11057.744639764494,1
0.957,0.88,0.0035522780381143093,10952.302091790814,1
0.957,0.88,0.0036152522079646587,10822.408944679053,1
0.957,0.88,0.0035733026452362537,10990.923015471417,1
0.957,0.88,0.0035849858541041613,10951.158382305672,1
0.957,0.88,0.0035481322556734085,10917.04091499516,1
0.957,0.88,0.00350282434374094,10884.325884144848,1
0.957,0.88,0.0035484889522194862,10892.22216763004,1
0.957,0.88,0.00356104364618659,11116.1291250941,1
0.957,0.88,0.0036106943152844906,11172.950572441263,1
0.957,0.88,0.0036197579465806484,10963.797902169137,1
0.957,0.88,0.003593204077333212,11168.916429277291,1
0.957,0.88,0.0034850211814045906,10988.792644187622,1
0.957,0.88,0.0034731042105704546,11113.758741426731,1
0.957,0.88,0.0034918806049972773,11081.249927476454,1
0.957,0.88,0.0035311735700815916,11013.997348710065,1
0.957,0.88,0.0036336227785795927,11004.805590375689,1
0.957,0.88,0.003602174110710621,11120.562129973916,1
0.957,0.88,0.0036983764730393887,10933.488210502139,1
0.957,0.88,0.0037222050596028566,11140.569196110422,1
0.957,0.88,0.0037073534913361073,10875.665408334415,1
0.957,0.88,0.0036217838060110807,10799.578808419232,1
0.957,0.88,0.0035765087231993675,10934.908838993812,1
0.957,0.88,0.003543094266206026,11179.235859309274,1
0.957,0.88,0.003536275355145335,11094.917335948769,1
0.957,0.88,0.0035280827432870865,10924.77593650188,1
0.957,0.88,0.00354561023414135,11103.979617037054,1
0.957,0.88,0.0035673428792506456,11313.87660696679,1
0.957,0.88,0.0036227256059646606,11017.237132327526,1
0.957,0.88,0.003615887835621834,11070.316900510883,1
0.957,0.88,0.00356050836853683,10982.994598779393,1
0.957,0.88,0.0034620470833033323,11037.382994537047,1
0.957,0.88,0.0033970107324421406,10847.718408526169,1
0.957,0.88,0.003471971722319722,10936.17647453476,1
0.957,0.88,0.0034874367993324995,10992.044887501625,1
0.957,0.88,0.003498415695503354,11085.274246236204,1
0.957,0.88,0.0035287044011056423,11186.813863603806,1
0.957,0.88,0.003550662426277995,10941.455935322438,1
0.957,0.88,0.0036227211821824312,10780.840140265342,1
0.957,0.88,0.003602745942771435,11133.902051315657,1
0.957,0.88,0.003612216329202056,10881.176931420734,1
0.957,0.88,0.003555439645424485,11022.062179568378,1
0.957,0.88,0.003600196447223425,10993.189267929221,1
0.957,0.88,0.0036023405846208334,10868.901132795057,1
0.957,0.88,0.0036057105753570795,10908.665608332141,1
0.957,0.88,0.0035670471843332052,11277.801695017759,1
0.957,0.88,0.003565271617844701,11203.99102444729,1
0.957,0.88,0.00360102578997612,11168.877315106163,1
0.957,0.88,0.003638109192252159,11423.887088607327,1
0.957,0.88,0.003602566197514534,11077.998187837677,1
0.957,0.88,0.003544644685462117,10867.618358757149,1
0.957,0.88,0.00349249760620296,11019.670789150516,1
0.957,0.88,0.003464821958914399,10861.528967270331,1
0.957,0.88,0.003519189078360796,11096.91218749067,1
0.957,0.88,0.003551445435732603,11066.585944317838,1
0.957,0.88,0.0035431901924312115,11033.10138557174,1
0.957,0.88,0.003527894848957658,11300.54045488928,1
0.957,0.88,0.0034930959809571505,11082.669074613164,1
0.957,0.88,0.0035170146729797125,10743.829513954937,1
0.957,0.88,0.0035575497895479202,10735.498074323212,1
0.957,0.88,0.003526357002556324,10715.036620969877,1
0.957,0.88,0.0035737003199756145,10850.763374612312,1
0.957,0.88,0.003601419273763895,11201.55918575161,1
0.957,0.88,0.003636542707681656,11181.841365432661,1
0.957,0.88,0.0036599249579012394,11131.3801362877,1
0.957,0.88,0.00368084036745131,10779.805329331371,1
0.957,0.88,0.0036207851953804493,11100.691739507827,1
0.957,0.88,0.0035675333347171545,11087.501598258696,1
0.957,0.88,0.003549984423443675,10828.70629479578,1
0.957,0.88,0.003525810083374381,10938.685387682921,1
0.957,0.88,0.003543524071574211,10831.822658620506,1
0.957,0.88,0.0035073338076472282,10913.386988793027,1
0.957,0.88,0.0035595791414380074,10867.99409211715,1
0.957,0.88,0.003536422038450837,10874.719225033874,1
0.957,0.88,0.0035922788083553314,11103.146712549473,1
0.957,0.88,0.0036203619092702866,11129.611372741601,1
0.957,0.88,0.003568247426301241,11117.498571151484,1
0.957,0.88,0.0035332362167537212,10973.87336591431,1
0.957,0.88,0.003534675110131502,10967.97515952055,1
0.957,0.88,0.003525595646351576,11040.293013022012,1
0.957,0.88,0.003553433809429407,10910.027016367716,1
0.957,0.88,0.0035142432898283005,10960.861133148619,1
0.957,0.88,0.0035660124849528074,10965.994761430116,1
0.957,0.88,0.00354106561280787,11043.426462838874,1
0.957,0.88,0.0035896713379770517,11011.229062764127,1
0.957,0.88,0.0036030684132128954,11065.484873715799,1
0.957,0.88,0.003573439782485366,11195.667344130554,1
0.957,0.88,0.003624287201091647,10935.923859432003,1
0.957,0.88,0.0035934867337346077,10837.189607580634,1
0.957,0.88,0.0035517713986337185,11025.031967683804,1
0.957,0.88,0.0034163324162364006,11071.029436786383,1
0.957,0.88,0.0034067078959196806,10842.662862306272,1
0.957,0.88,0.0033667825628072023,10942.472314113518,1
0.957,0.88,0.0034618619829416275,11139.871339949777,1
0.957,0.88,0.0034511133562773466,11361.764173660971,1
0.957,0.88,0.003501556348055601,11226.837885975594,1
0.957,0.88,0.003476310521364212,10990.581584828995,1
0.957,0.88,0.003485181136056781,11182.488689780503,1
0.957,0.88,0.0034999693743884563,11183.533683177742,1
0.957,0.88,0.003557430347427726,11151.568103241698,1
0.957,0.88,0.00354365655221045,11322.891303046563,1
0.957,0.88,0.0035208254121243954,11199.769229820187,1
0.957,0.88,0.0034635651390999556,11102.801490743874,1
0.957,0.88,0.003496721386909485,10981.998563410943,1
0.957,0.88,0.003544543171301484,10658.661196706647,1
0.957,0.88,0.003592427121475339,10668.728516452169,1
0.957,0.88,0.003604362951591611,11030.076721309495,1
0.957,0.88,0.0036596977151930332,11071.052970312994,1
0.957,0.88,0.0035987463779747486,10703.473160224443,1
0.957,0.88,0.003669798607006669,11030.395027431354,1
0.957,0.88,0.0036866720765829086,11004.278213834976,1
0.957,0.88,0.0036829800810664892,10836.361701353939,1
0.957,0.88,0.0037025504279881716,10823.497654587874,1
0.957,0.88,0.003639751113951206,11103.07892643598,1
0.957,0.88,0.0035940161906182766,11061.233890867297,1
0.957,0.88,0.0035621607676148415,11073.466925797966,1
0.957,0.88,0.003520470578223467,11010.917155130086,1
0.957,0.88,0.0035472679883241653,11101.326904232597,1
0.957,0.88,0.0035928096622228622,11007.389674184013,1
0.957,0.88,0.0036258436739444733,11011.399759434453,1
0.957,0.88,0.0035863323137164116,11123.330866809003,1
0.957,0.88,0.003586290404200554,11209.984274534225,1
0.957,0.88,0.003555637551471591,11107.283817335134,1
0.957,0.88,0.003618995426222682,11043.568188029976,1
0.957,0.88,0.003644888522103429,11095.877832238779,1
0.957,0.88,0.0036212371196597815,11050.949995937972,1
0.957,0.88,0.003638457041233778,10772.357880987078,1
0.957,0.88,0.003625593613833189,11040.938191791163,1
0.957,0.88,0.0036273901350796223,10911.467268905266,1
0.957,0.88,0.003565829247236252,10938.235118782126,1
0.957,0.88,0.0035879823844879866,10895.68329356238,1
0.957,0.88,0.003537061857059598,10909.263021102961,1
0.957,0.88,0.003521945094689727,10967.780143472162,1
0.957,0.88,0.003580413293093443,11076.368190616771,1
0.957,0.88,0.003578923409804702,11082.844807825437,1
0.957,0.88,0.003554129507392645,10837.941794748336,1
0.957,0.88,0.0035214992240071297,11223.60840833653,1
0.957,0.88,0.003574917558580637,11170.162252815273,1
0.957,0.88,0.0036146347410976887,11040.30379833574,1
0.957,0.88,0.003622029908001423,11079.683783858169,1
0.957,0.88,0.0031614601612091064,11124.344410243948,1
