time_stretch,pitch_shift,loudness_rms,spectral_centroid,source
0.95,0.6,0.0015491467202082276,10695.968794827384,1
0.95,0.6,0.001878787879832089,10843.020489941671,1
0.95,0.6,0.0020529460161924362,10919.565645677894,1
0.95,0.6,0.0020247206557542086,10883.489324651786,1
0.95,0.6,0.0020089559257030487,11106.516917457913,1
0.95,0.6,0.001993738580495119,10729.33423490365,1
0.95,0.6,0.001995338127017021,10934.681176059832,1
0.95,0.6,0.001992657082155347,10798.539996787964,1
0.95,0.6,0.0019543925300240517,10646.544006788716,1
0.95,0.6,0.0019508833065629005,10663.50373875705,1
0.95,0.6,0.0019439167808741331,10695.598312058311,1
0.95,0.6,0.0019103187369182706,10797.84302737518,1
0.95,0.6,0.001933980151079595,11053.22947657404,1
0.95,0.6,0.001964512513950467,11105.364397588575,1
0.95,0.6,0.0019575299229472876,11049.271228104477,1
0.95,0.6,0.001956544816493988,10853.109506937008,1
0.95,0.6,0.001931111211888492,10788.602810968805,1
0.95,0.6,0.001954037230461836,10689.088827470747,1
0.95,0.6,0.0019577464554458857,10726.815492251644,1
0.95,0.6,0.0019473652355372906,10809.556399858982,1
0.95,0.6,0.0019356250995770097,11022.69848142128,1
0.95,0.6,0.0019203925039619207,11010.836231253326,1
0.95,0.6,0.001929113524965942,10599.098544554043,1
0.95,0.6,0.0019480587216094136,10832.761911166903,1
0.95,0.6,0.0019354141550138593,10989.853684176147,1
0.95,0.6,0.0019033473217859864,10686.795328240152,1
0.95,0.6,0.0019340619910508394,10763.4705849083,1
0.95,0.6,0.0019864956848323345,10832.00895384711,1
0.95,0.6,0.002005464630201459,10804.088229751607,1
0.95,0.6,0.0019603015389293432,10826.72911574851,1
0.95,0.6,0.0019035822479054332,11026.938780553584,1
0.95,0.6,0.0019409642554819584,10877.199280776036,1
0.95,0.6,0.0019394636619836092,10773.195062709923,1
0.95,0.6,0.0019495961023494601,11037.602303790563,1
0.95,0.6,0.001869440427981317,11085.34224952183,1
0.95,0.6,0.0018657578621059656,10680.514336411996,1
0.95,0.6,0.0018079535802826285,10691.299660856852,1
0.95,0.6,0.0017925109714269638,10757.252293665635,1
0.95,0.6,0.0018146649235859513,10794.244983064948,1
0.95,0.6,0.0018217461183667183,10970.109433208343,1
0.95,0.6,0.0018601547926664352,11046.05388260003,1
0.95,0.6,0.0019009290263056755,10859.498335586286,1
0.95,0.6,0.001916860812343657,10866.431230167222,1
0.95,0.6,0.0019090607529506087,10918.118562506352,1
0.95,0.6,0.0018285259138792753,11155.764190419406,1
0.95,0.6,0.0018152177799493074,10856.718970321876,1
0.95,0.6,0.001808499451726675,10923.661248527234,1
0.95,0.6,0.0018491065129637718,10888.666211955933,1
0.95,0.6,0.0018805782310664654,10813.82019735041,1
0.95,0.6,0.001895939465612173,10657.564209020624,1
0.95,0.6,0.0019003350753337145,10874.290492673652,1
0.95,0.6,0.0018549012020230293,10741.93020194671,1
0.95,0.6,0.0018382734851911664,10766.277715904596,1
0.95,0.6,0.0018323591211810708,10587.781648995508,1
0.95,0.6,0.0018442890141159296,10774.349272798168,1
0.95,0.6,0.001847391133196652,10912.632048789166,1
0.95,0.6,0.001843461999669671,11065.523215621062,1
0.95,0.6,0.0018631531856954098,11073.350475353633,1
0.95,0.6,0.0018829030450433493,11039.008442573604,1
0.95,0.6,0.001906789024360478,11014.410254527918,1
0.95,0.6,0.0018951433012261987,11060.356200496417,1
0.95,0.6,0.0018929600482806563,10790.257924280148,1
0.95,0.6,0.0018669606652110815,10542.418435431633,1
0.95,0.6,0.0018323555123060942,10419.509728938197,1
0.95,0.6,0.0018098818836733699,10913.480867430419,1
0.95,0.6,0.0018127496587112546,10882.027016283899,1
0.95,0.6,0.0018638032488524914,11072.394710686462,1
0.95,0.6,0.0018738670041784644,11010.144565511524,1
0.95,0.6,0.001862606848590076,10861.154063991235,1
0.95,0.6,0.0018601876217871904,10796.267778701636,1
0.95,0.6,0.0018562624463811517,10883.113247573048,1
0.95,0.6,0.0018204061780124903,10723.108508084857,1
0.95,0.6,0.0018418922554701567,10813.333563677907,1
0.95,0.6,0.0018543973565101624,10943.50482615615,1
0.95,0.6,0.0018287848215550184,10890.140394576028,1
0.95,0.6,0.001867693499661982,11023.752742857663,1
0.95,0.6,0.0018833541544154286,10756.66790286641,1
0.95,0.6,0.0018916073022410274,10593.28851017961,1
0.95,0.6,0.0019273933721706271,10812.37353252108,1
0.95,0.6,0.0018956712447106838,11011.561983113595,1
0.95,0.6,0.0018704466056078672,11077.18379683648,1
0.95,0.6,0.0018701289081946015,11200.821802641538,1
0.95,0.6,0.0018850653432309628,11056.11275289325,1
0.95,0.6,0.001893591252155602,10991.031292361771,1
0.95,0.6,0.0018836365779861808,11065.98455486438,1
0.95,0.6,0.0018263926031067967,10939.457021677243,1
0.95,0.6,0.0018186508677899837,11169.296416729829,1
0.95,0.6,0.0018268871353939176,10873.177098366015,1
0.95,0.6,0.0018643888179212809,10761.755475722914,1
0.95,0.6,0.0019083040533587337,10973.12701349613,1
0.95,0.6,0.0018857403192669153,11008.98465689969,1
0.95,0.6,0.0018859325209632516,10904.230107225378,1
0.95,0.6,0.0018771617906168103,10937.39561319347,1
0.95,0.6,0.0018559240270406008,10706.499045024302,1
0.95,0.6,0.0018659757915884256,10883.283767772074,1
0.95,0.6,0.0018307713326066732,11093.04964640862,1
0.95,0.6,0.0017976476810872555,11014.574094328227,1
0.95,0.6,0.0018126200884580612,10774.254468385841,1
0.95,0.6,0.0018381092231720686,10886.655776800813,1
0.95,0.6,0.0018887437181547284,11169.035301308893,1
0.95,0.6,0.001886047888547182,11059.410786810226,1
0.95,0.6,0.0018826981540769339,10834.57856726001,1
0.95,0.6,0.0018357462249696255,11032.402746991991,1
0.95,0.6,0.0018243485828861594,10926.467134986364,1
0.95,0.6,0.0017960210097953677,10729.363380861978,1
0.95,0.6,0.001819995348341763,11028.497766121394,1
0.95,0.6,0.0018490791553631425,11100.71280558534,1
0.95,0.6,0.001841651275753975,10679.852937925694,1
0.95,0.6,0.0018241722136735916,10760.387223112979,1
0.95,0.6,0.0017840806394815445,11010.422199733235,1
0.95,0.6,0.0017969919135794044,11070.942150504172,1
0.95,0.6,0.001833927002735436,10985.725700912797,1
0.95,0.6,0.0018550228560343385,11046.056609622698,1
0.95,0.6,0.0018862830474972725,11050.728353282406,1
0.95,0.6,0.0019165825797244906,10923.641805358136,1
0.95,0.6,0.0019127867417410016,10958.572860376335,1
0.95,0.6,0.0019515564199537039,11120.586097862964,1
0.95,0.6,0.0019197690999135375,11246.165368341326,1
0.95,0.6,0.0019198877271264791,11125.964309439127,1
0.95,0.6,0.0018756157951429486,10996.657953916374,1
0.95,0.6,0.0019036855082958937,11021.21030642715,1
0.95,0.6,0.0018812885973602533,10924.946239156867,1
0.95,0.6,0.0018941768212243915,11001.96882132794,1
0.95,0.6,0.0019108394626528025,10967.858881062159,1
0.95,0.6,0.001907896832562983,10659.326124454159,1
0.95,0.6,0.0019406919600442052,10866.310734134127,1
0.95,0.6,0.0019202849362045527,10864.148856504818,1
0.95,0.6,0.001904069446027279,10793.67320783779,1
0.95,0.6,0.0018605601508170366,10796.646576967474,1
0.95,0.6,0.0018777663353830576,10821.767615783698,1
0.95,0.6,0.0018779096426442266,10703.067853649778,1
0.95,0.6,0.0018991389079019427,10852.74817542385,1
0.95,0.6,0.0018995233112946153,11067.603570199051,1
0.95,0.6,0.0018845739541575313,10919.966303515563,1
0.95,0.6,0.0019255208317190409,10951.201608117011,1
0.95,0.6,0.0019317961996421218,10847.555288446885,1
0.95,0.6,0.0019365902990102768,10791.6112375515,1
0.95,0.6,0.001953540835529566,10696.270826920701,1
0.95,0.6,0.0019400188466534019,10516.76249118138,1
0.95,0.6,0.001888149417936802,10833.56318978711,1
0.95,0.6,0.001870946609415114,10782.753649534978,1
0.95,0.6,0.001865573925897479,10813.18086190949,1
0.95,0.6,0.0018408579053357244,10894.069845599885,1
0.95,0.6,0.001811655587516725,10782.799428561348,1
0.95,0.6,0.0018521408783271909,11044.545549377512,1
0.95,0.6,0.001855829730629921,10872.392629716342,1
0.95,0.6,0.0018959908047690988,10739.203418866295,1
0.95,0.6,0.001871239161118865,10931.26167475227,1
0.95,0.6,0.0018572884146124125,10912.757489564312,1
0.95,0.6,0.0018593515269458294,10923.332109818668,1
0.95,0.6,0.0018631572602316737,10871.606766279085,1
0.95,0.6,0.0018710148287937045,10833.833921336302,1
0.95,0.6,0.0018600206822156906,10950.543589914163,1
0.95,0.6,0.0018701094668358564,10913.522177963041,1
0.95,0.6,0.0018642260693013668,10888.561886898751,1
0.95,0.6,0.0018860803684219718,11121.599989759581,1
0.95,0.6,0.0019021694315597415,11040.986160895493,1
0.95,0.6,0.0018642062786966562,10917.53725625237,1
0.95,0.6,0.0018452905351296067,11019.402673278217,1
0.95,0.6,0.0018519818549975753,10936.267722571367,1
0.95,0.6,0.0021683406084775925,10706.943447056297,1
0.95,0.6,0.004093393683433533,9409.539247907967,1
0.95,0.6,0.013299869373440742,6579.723876690667,1
0.95,0.6,0.026894258335232735,3769.3317846250366,1
0.95,0.6,0.041048143059015274,2707.434038421876,1
0.95,0.6,0.04982716962695122,2269.739555767458,1
0.95,0.6,0.051990311592817307,2227.245669927293,1
0.95,0.6,0.04435987025499344,2553.791622413095,1
0.95,0.6,0.040330514311790466,3263.6143405923094,1
0.95,0.6,0.032482944428920746,3440.435655631235,1
0.95,0.6,0.028424175456166267,4274.041054154649,1
0.95,0.6,0.02348863147199154,4757.591886682305,1
0.95,0.6,0.020794600248336792,5378.190190511847,1
0.95,0.6,0.018603302538394928,5382.444495771488,1
0.95,0.6,0.017875980585813522,5272.7819633965155,1
0.95,0.6,0.02283352240920067,4599.1329140916405,1
0.95,0.6,0.04552183300256729,3137.4008185389735,1
0.95,0.6,0.0530368834733963,2206.8167163662015,1
0.95,0.6,0.056973908096551895,2090.001911619573,1
0.95,0.6,0.0634865015745163,2396.1160682627933,1
0.95,0.6,0.06267746537923813,2246.099778154759,1
0.95,0.6,0.062561996281147,2294.1839389731267,1
0.95,0.6,0.06142827868461609,2799.5032566694763,1
0.95,0.6,0.053124360740184784,3126.644302295911,1
0.95,0.6,0.051310550421476364,3274.82701259809,1
0.95,0.6,0.04705355688929558,3559.5681470946447,1
0.95,0.6,0.04246600344777107,3939.750537147878,1
0.95,0.6,0.039484504610300064,4286.5379791893565,1
0.95,0.6,0.0365062914788723,4418.415482339324,1
0.95,0.6,0.034375838935375214,4403.132920207954,1
0.95,0.6,0.033381275832653046,4038.8318257450223,1
0.95,0.6,0.03888995200395584,3197.2194204573184,1
0.95,0.6,0.047177210450172424,2432.4712014003035,1
0.95,0.6,0.0583626851439476,2237.104048594032,1
0.95,0.6,0.0763750821352005,2135.415194933373,1
0.95,0.6,0.08656705915927887,2110.149723095893,1
0.95,0.6,0.0856352299451828,2444.6347364196,1
0.95,0.6,0.08085017651319504,2802.0005975011445,1
0.95,0.6,0.06785242259502411,3354.7021791552406,1
0.95,0.6,0.059645455330610275,3404.6317718752507,1
0.95,0.6,0.05704100802540779,3672.7974550935123,1
0.95,0.6,0.05343136563897133,3860.8846317148054,1
0.95,0.6,0.04851117357611656,3846.118956028032,1
0.95,0.6,0.046724408864974976,3309.427076783884,1
0.95,0.6,0.04696830362081528,2612.199454726499,1
0.95,0.6,0.05202530324459076,2251.8674568204024,1
0.95,0.6,0.06631221622228622,2110.926351889295,1
0.95,0.6,0.08222951740026474,1966.6343803795125,1
0.95,0.6,0.08516830950975418,1912.0650449554878,1
0.95,0.6,0.08484507352113724,2241.559149826825,1
0.95,0.6,0.0670323520898819,2697.023106796546,1
0.95,0.6,0.058223336935043335,3121.3820971256146,1
0.95,0.6,0.05400873348116875,3251.4961303334276,1
0.95,0.6,0.04939306154847145,3727.267002639852,1
0.95,0.6,0.044059861451387405,3902.6859386497426,1
0.95,0.6,0.04052672162652016,4117.8358501761695,1
0.95,0.6,0.03609075769782066,4277.084019440902,1
0.95,0.6,0.03227795287966728,4403.2702897059335,1
0.95,0.6,0.029749633744359016,4598.716328023082,1
0.95,0.6,0.031610071659088135,4293.116252111329,1
0.95,0.6,0.036883268505334854,3451.913605329228,1
0.95,0.6,0.050501175224781036,2616.543628757435,1
0.95,0.6,0.053480613976716995,2055.7960686695237,1
0.95,0.6,0.05279715359210968,2347.003442561071,1
0.95,0.6,0.043677713721990585,2781.952155234083,1
0.95,0.6,0.03648819401860237,3182.7986962683162,1
0.95,0.6,0.033818043768405914,4004.3985636534353,1
0.95,0.6,0.029492920264601707,4172.883721117362,1
0.95,0.6,0.027480972930788994,5005.174318722719,1
0.95,0.6,0.022672021761536598,5260.092365665701,1
0.95,0.6,0.021448513492941856,5398.762806327524,1
0.95,0.6,0.020340222865343094,5541.461227012713,1
0.95,0.6,0.018941372632980347,5825.766273888859,1
0.95,0.6,0.01882246695458889,5752.49853879514,1
0.95,0.6,0.03165780007839203,4370.019909782117,1
0.95,0.6,0.04667983949184418,2797.235850684059,1
0.95,0.6,0.06297224014997482,2245.764403660727,1
0.95,0.6,0.10613150894641876,2031.796173512329,1
0.95,0.6,0.17603221535682678,1669.1146816692685,1
0.95,0.6,0.22261449694633484,1417.6193288674972,1
0.95,0.6,0.24694280326366425,1428.980240182007,1
0.95,0.6,0.24221095442771912,1552.891539813756,1
0.95,0.6,0.22227051854133606,1683.953083190952,1
0.95,0.6,0.2145971804857254,1721.386761830659,1
0.95,0.6,0.21136057376861572,1680.1735971530293,1
0.95,0.6,0.207005575299263,1680.5916985149745,1
0.95,0.6,0.20257048308849335,1783.591915955627,1
0.95,0.6,0.1943795531988144,1849.4411815361755,1
0.95,0.6,0.1876095086336136,1856.7786913536802,1
0.95,0.6,0.18013213574886322,1894.727466312081,1
0.95,0.6,0.16477778553962708,1877.5653528061214,1
0.95,0.6,0.1555604785680771,1812.5458560928098,1
0.95,0.6,0.1525677591562271,1687.2595205112143,1
0.95,0.6,0.16690517961978912,1490.404755541369,1
0.95,0.6,0.20190957188606262,1466.657749793803,1
0.95,0.6,0.2135792225599289,1444.492552903338,1
0.95,0.6,0.21354179084300995,1598.6363220609203,1
0.95,0.6,0.20399563014507294,1648.5338867519486,1
0.95,0.6,0.19296005368232727,1702.301971268363,1
0.95,0.6,0.18393459916114807,1774.0097961139836,1
0.95,0.6,0.18097448348999023,1846.094610252797,1
0.95,0.6,0.17506423592567444,1913.1992757717992,1
0.95,0.6,0.16684439778327942,1832.7889840202592,1
0.95,0.6,0.16770225763320923,1731.8835627278104,1
0.95,0.6,0.1593559831380844,1639.0750822197674,1
0.95,0.6,0.1473645269870758,1663.906713740652,1
0.95,0.6,0.13826903700828552,1733.1291230584186,1
0.95,0.6,0.11889072507619858,1754.2044052296073,1
0.95,0.6,0.10686381161212921,2120.4412766254363,1
0.95,0.6,0.08566674590110779,2147.5599531477083,1
0.95,0.6,0.08500725030899048,2309.023101766388,1
0.95,0.6,0.07492999732494354,2452.329664939023,1
0.95,0.6,0.06732293218374252,2720.299582175883,1
0.95,0.6,0.062484242022037506,2879.923564012719,1
0.95,0.6,0.06036922708153725,3075.8533105065976,1
0.95,0.6,0.057186707854270935,3193.9494460375913,1
0.95,0.6,0.053638968616724014,3180.098151537165,1
0.95,0.6,0.0501539371907711,3279.4787388086547,1
0.95,0.6,0.05742665380239487,2854.1578016956746,1
0.95,0.6,0.0892559066414833,2016.1755252572152,1
0.95,0.6,0.14765223860740662,1610.9476273238035,1
0.95,0.6,0.19739827513694763,1287.6166749311492,1
0.95,0.6,0.24569588899612427,1126.577055861715,1
0.95,0.6,0.27318355441093445,1025.1600081368542,1
0.95,0.6,0.2831103801727295,964.8347762588795,1
0.95,0.6,0.2837024927139282,950.1688538682434,1
0.95,0.6,0.2753334045410156,965.1650495489221,1
0.95,0.6,0.2631550431251526,1013.7586297318346,1
0.95,0.6,0.2561756372451782,1027.8269783323037,1
0.95,0.6,0.2542683780193329,1030.2766440504101,1
0.95,0.6,0.2491624653339386,1023.9438046617954,1
0.95,0.6,0.25464922189712524,1028.6501973827917,1
0.95,0.6,0.24570293724536896,1031.0725345603119,1
0.95,0.6,0.25550997257232666,1036.4516533425804,1
0.95,0.6,0.24750082194805145,1038.0181756049924,1
0.95,0.6,0.26475265622138977,1015.4942679216385,1
0.95,0.6,0.27043452858924866,953.9513541711591,1
0.95,0.6,0.28957122564315796,907.2248763069417,1
0.95,0.6,0.3013276159763336,844.8473520682122,1
0.95,0.6,0.32438141107559204,819.6548873091772,1
0.95,0.6,0.3230181634426117,820.0636708374092,1
0.95,0.6,0.33183297514915466,814.2049418377978,1
0.95,0.6,0.3247385323047638,816.5598239218398,1
0.95,0.6,0.328946977853775,818.9092079730284,1
0.95,0.6,0.3121422231197357,822.3208876312015,1
0.95,0.6,0.3128984868526459,850.0182952449794,1
0.95,0.6,0.3030177354812622,855.156255106314,1
0.95,0.6,0.30717986822128296,841.6766101885253,1
0.95,0.6,0.2989276945590973,852.5419765675146,1
0.95,0.6,0.2910902202129364,863.8822774993766,1
0.95,0.6,0.2959928512573242,857.3501130142074,1
0.95,0.6,0.29334312677383423,847.5151451410419,1
0.95,0.6,0.3005579710006714,840.7096451355561,1
0.95,0.6,0.29186585545539856,852.1382699521241,1
0.95,0.6,0.2955516278743744,847.4504743574201,1
0.95,0.6,0.2916518747806549,852.456124747694,1
0.95,0.6,0.2908569872379303,828.8298073293026,1
0.95,0.6,0.2759767472743988,873.605273505214,1
0.95,0.6,0.2731229066848755,872.277326274221,1
0.95,0.6,0.2659335732460022,870.5431312187442,1
0.95,0.6,0.27681294083595276,881.6271402634982,1
0.95,0.6,0.2667955756187439,870.37216137826,1
0.95,0.6,0.2658047080039978,885.1528618283845,1
0.95,0.6,0.2616298496723175,941.8069479138746,1
0.95,0.6,0.25796374678611755,943.3520194351897,1
0.95,0.6,0.2577565014362335,929.3408440794317,1
0.95,0.6,0.26426616311073303,920.4101684082889,1
0.95,0.6,0.2708004117012024,911.5514664801044,1
0.95,0.6,0.2585771679878235,901.3344796773184,1
0.95,0.6,0.26191240549087524,924.7289461084107,1
0.95,0.6,0.25030720233917236,913.3708610544637,1
0.95,0.6,0.2528027296066284,927.6703596793664,1
0.95,0.6,0.25093570351600647,951.5951934505343,1
0.95,0.6,0.25315359234809875,929.5386427957978,1
0.95,0.6,0.24117827415466309,932.7016284423441,1
0.95,0.6,0.24819257855415344,934.3970933466396,1
0.95,0.6,0.24314066767692566,959.7765966862783,1
0.95,0.6,0.2426203340291977,926.5406552763043,1
0.95,0.6,0.24337249994277954,937.4423142711856,1
0.95,0.6,0.2646019756793976,925.1855385899337,1
0.95,0.6,0.2668951451778412,952.7771976670791,1
0.95,0.6,0.2879335582256317,970.3861841204921,1
0.95,0.6,0.2848820984363556,920.3724882514199,1
0.95,0.6,0.2970684766769409,931.9655952719197,1
0.95,0.6,0.2857495844364166,902.0042003792016,1
0.95,0.6,0.28832560777664185,908.2033266276081,1
0.95,0.6,0.2782801687717438,932.5159432848403,1
0.95,0.6,0.26946908235549927,931.6822229240686,1
0.95,0.6,0.24911008775234222,984.6398381704064,1
0.95,0.6,0.22535966336727142,1030.0564940220145,1
0.95,0.6,0.20591148734092712,1039.4705417154291,1
0.95,0.6,0.20375019311904907,1142.3571380913008,1
0.95,0.6,0.21876998245716095,1100.7933259243832,1
0.95,0.6,0.2526013255119324,1032.907612703017,1
0.95,0.6,0.27229073643684387,1044.3620702926596,1
0.95,0.6,0.27347102761268616,1105.0806406408622,1
0.95,0.6,0.24916832149028778,1177.2057654816786,1
0.95,0.6,0.23224666714668274,1217.508448837451,1
0.95,0.6,0.21771669387817383,1273.6499699480578,1
0.95,0.6,0.20755523443222046,1314.1969291365272,1
0.95,0.6,0.19985859096050262,1412.012905336132,1
0.95,0.6,0.19391131401062012,1448.3012026123554,1
0.95,0.6,0.19272762537002563,1502.7509503860495,1
0.95,0.6,0.1918034851551056,1408.9089567569013,1
0.95,0.6,0.19639131426811218,1258.7131014512975,1
0.95,0.6,0.2026275247335434,1110.94794268845,1
0.95,0.6,0.2080238163471222,1149.5338689955342,1
0.95,0.6,0.23227868974208832,1083.4223825122267,1
0.95,0.6,0.2945149540901184,1009.3096676890805,1
0.95,0.6,0.3313138484954834,938.4563622184241,1
0.95,0.6,0.3287355601787567,950.2578268856806,1
0.95,0.6,0.3116137981414795,982.9124884631399,1
0.95,0.6,0.30098387598991394,969.9825897173389,1
0.95,0.6,0.2962816059589386,1007.5326630301984,1
0.95,0.6,0.27868199348449707,1018.2882909490756,1
0.95,0.6,0.2716953456401825,997.8036226158641,1
0.95,0.6,0.2732330560684204,1030.8501578509918,1
0.95,0.6,0.2629219591617584,1026.4676375471854,1
0.95,0.6,0.2517991364002228,1047.352174634836,1
0.95,0.6,0.24844184517860413,1096.5213724273203,1
0.95,0.6,0.2688058912754059,1057.2784726099126,1
0.95,0.6,0.2894487977027893,980.3151640184433,1
0.95,0.6,0.3000352680683136,932.7508174904901,1
0.95,0.6,0.3080516457557678,889.9934439675844,1
0.95,0.6,0.3201395571231842,881.8846436569754,1
0.95,0.6,0.3203318119049072,893.3979658682758,1
0.95,0.6,0.3090020418167114,909.0978952804323,1
0.95,0.6,0.2983802855014801,892.2339128310211,1
0.95,0.6,0.29713740944862366,905.025184086025,1
0.95,0.6,0.29486846923828125,923.3098238573982,1
0.95,0.6,0.2807154953479767,937.1428337513945,1
0.95,0.6,0.27205777168273926,965.0122200574435,1
0.95,0.6,0.269965797662735,985.2238403616707,1
0.95,0.6,0.26493039727211,966.2806234721393,1
0.95,0.6,0.2548622786998749,961.5503356136435,1
0.95,0.6,0.2546917200088501,969.7624714015886,1
0.95,0.6,0.2868783175945282,901.6168888169068,1
0.95,0.6,0.2939309775829315,836.8278003127107,1
0.95,0.6,0.31977206468582153,848.8751919358797,1
0.95,0.6,0.32981815934181213,824.192721567224,1
0.95,0.6,0.32467028498649597,827.3424325963518,1
0.95,0.6,0.33905288577079773,778.3542082901267,1
0.95,0.6,0.3281565010547638,839.0130369540009,1
0.95,0.6,0.3213030695915222,859.9524539167104,1
0.95,0.6,0.3197574317455292,811.7749662859749,1
0.95,0.6,0.3058457374572754,861.270325676126,1
0.95,0.6,0.3017577826976776,831.2690337670022,1
0.95,0.6,0.29232436418533325,874.6497988451843,1
0.95,0.6,0.2920718491077423,857.721202682652,1
0.95,0.6,0.2829597294330597,850.3271396527873,1
0.95,0.6,0.2752940356731415,881.8472943327588,1
0.95,0.6,0.27847427129745483,859.4617043808157,1
0.95,0.6,0.26746267080307007,969.4650857599129,1
0.95,0.6,0.27055516839027405,927.7366121567737,1
0.95,0.6,0.2698175013065338,899.5421223411304,1
0.95,0.6,0.26231667399406433,937.8885235521825,1
0.95,0.6,0.2710506319999695,902.3452001254111,1
0.95,0.6,0.2605474889278412,965.3576781967141,1
0.95,0.6,0.2675260305404663,920.4780193753202,1
0.95,0.6,0.2704505920410156,901.6707052356267,1
0.95,0.6,0.2603059411048889,939.240504773434,1
0.95,0.6,0.27304303646087646,910.1613074763043,1
0.95,0.6,0.2615809142589569,929.6554833235612,1
0.95,0.6,0.2762681245803833,892.7331817972608,1
0.95,0.6,0.2804880440235138,857.8367571081462,1
0.95,0.6,0.28076809644699097,926.7335688799184,1
0.95,0.6,0.29438796639442444,892.5835817079123,1
0.95,0.6,0.3141687512397766,893.710289168194,1
0.95,0.6,0.3410295844078064,865.679753971413,1
0.95,0.6,0.36463508009910583,841.0903392996229,1
0.95,0.6,0.3637756407260895,851.158897448488,1
0.95,0.6,0.36327996850013733,816.5221949513334,1
0.95,0.6,0.35098546743392944,865.5301696382539,1
0.95,0.6,0.3483794629573822,832.4040249606711,1
0.95,0.6,0.34657183289527893,826.5391340323285,1
0.95,0.6,0.33665210008621216,859.4434493809174,1
0.95,0.6,0.34106266498565674,830.996212319875,1
0.95,0.6,0.33311769366264343,861.5290396907528,1
0.95,0.6,0.33911293745040894,843.9344695352452,1
0.95,0.6,0.33135852217674255,823.6282622015449,1
0.95,0.6,0.3231275677680969,883.5779944937674,1
0.95,0.6,0.30816441774368286,866.8135294081648,1
0.95,0.6,0.29056358337402344,953.129346040068,1
0.95,0.6,0.31572672724723816,915.2091137016937,1
0.95,0.6,0.3310091197490692,901.4757691186288,1
0.95,0.6,0.3289394974708557,926.7047054427276,1
0.95,0.6,0.30504292249679565,972.7803769016255,1
0.95,0.6,0.26809442043304443,1077.9719907620797,1
0.95,0.6,0.24893775582313538,1080.1588996071469,1
0.95,0.6,0.23973800241947174,1154.567095561803,1
0.95,0.6,0.2266882210969925,1200.6257607943712,1
0.95,0.6,0.22092007100582123,1235.5537662115364,1
0.95,0.6,0.21137195825576782,1238.9336903492954,1
0.95,0.6,0.2040383666753769,1157.765951398476,1
0.95,0.6,0.2200290858745575,1169.2944629573808,1
0.95,0.6,0.26111647486686707,1107.050725381608,1
0.95,0.6,0.26400554180145264,1039.0721689447469,1
0.95,0.6,0.309663325548172,1068.97636139288,1
0.95,0.6,0.3341165781021118,1051.973547743219,1
0.95,0.6,0.3494614362716675,1042.211394102757,1
0.95,0.6,0.3487052619457245,968.8646834427229,1
0.95,0.6,0.3338505029678345,1089.7284688497532,1
0.95,0.6,0.32266607880592346,1109.8508626864214,1
0.95,0.6,0.29339101910591125,1057.1851024489224,1
0.95,0.6,0.3047274053096771,1173.7924667278626,1
0.95,0.6,0.27443936467170715,1098.896548667508,1
0.95,0.6,0.2700836658477783,1088.8533010060405,1
0.95,0.6,0.2754257023334503,1183.9633788183983,1
0.95,0.6,0.24824996292591095,1136.6651355539184,1
0.95,0.6,0.2731708884239197,1149.4478449352896,1
0.95,0.6,0.26262789964675903,1095.5762690180804,1
0.95,0.6,0.2725050151348114,985.8387748138894,1
0.95,0.6,0.2918197214603424,980.8761113442829,1
0.95,0.6,0.29345226287841797,865.6206495832548,1
0.95,0.6,0.31033560633659363,897.0443811828616,1
0.95,0.6,0.3001934885978699,910.9845174977011,1
0.95,0.6,0.27298206090927124,931.4473588042457,1
0.95,0.6,0.2811608612537384,983.6316620743744,1
0.95,0.6,0.27249541878700256,945.564678915074,1
0.95,0.6,0.2646627724170685,974.7484916818075,1
0.95,0.6,0.2563626766204834,988.6855085462811,1
0.95,0.6,0.2500207722187042,954.9414235599922,1
0.95,0.6,0.2546232044696808,1030.1065654996737,1
0.95,0.6,0.2506445348262787,968.5491444476988,1
0.95,0.6,0.26454174518585205,894.5331375091702,1
0.95,0.6,0.2621365487575531,885.5163199328729,1
0.95,0.6,0.26024794578552246,889.1883999449792,1
0.95,0.6,0.2614489495754242,950.0130594723355,1
0.95,0.6,0.2384314090013504,950.9586669125551,1
0.95,0.6,0.23153196275234222,970.4613451406428,1
0.95,0.6,0.23588858544826508,941.9044087371409,1
0.95,0.6,0.2347307652235031,964.0354417547403,1
0.95,0.6,0.2277294099330902,970.4797517768727,1
0.95,0.6,0.21049797534942627,1009.3280925144627,1
0.95,0.6,0.21387413144111633,1049.1412067597312,1
0.95,0.6,0.20305995643138885,1012.5336265192122,1
0.95,0.6,0.20721395313739777,1073.2447147099524,1
0.95,0.6,0.18665556609630585,1089.5939796664825,1
0.95,0.6,0.19053307175636292,1095.660610339031,1
0.95,0.6,0.18709315359592438,1030.1515625225113,1
0.95,0.6,0.19067107141017914,1116.6175807805766,1
0.95,0.6,0.16728663444519043,1176.8049301507701,1
0.95,0.6,0.15349505841732025,1143.95432449853,1
0.95,0.6,0.15130293369293213,1210.3881632779612,1
0.95,0.6,0.1556829810142517,1277.8234115077807,1
0.95,0.6,0.15169289708137512,1200.3146186838553,1
0.95,0.6,0.15314379334449768,1167.2289530677922,1
0.95,0.6,0.155399352312088,1237.4805197300375,1
0.95,0.6,0.15124393999576569,1250.0126517101214,1
0.95,0.6,0.1361522525548935,1333.9408614653753,1
0.95,0.6,0.131767138838768,1398.483779666134,1
0.95,0.6,0.12411633878946304,1435.1537924960367,1
0.95,0.6,0.12017598748207092,1497.5017498248387,1
0.95,0.6,0.11370591074228287,1641.8948995893843,1
0.95,0.6,0.10545507073402405,1611.5706170129265,1
0.95,0.6,0.10113795846700668,1740.2125575893863,1
0.95,0.6,0.10217643529176712,1823.6912907848969,1
0.95,0.6,0.09878025949001312,1787.8926499746913,1
0.95,0.6,0.1020432785153389,1809.8013395615503,1
0.95,0.6,0.1015651673078537,1643.2984331285284,1
0.95,0.6,0.10434512048959732,1642.8025090291023,1
0.95,0.6,0.11051195114850998,1735.9824185962743,1
0.95,0.6,0.1104310154914856,1629.9978864720003,1
0.95,0.6,0.11235309392213821,1592.6284990092122,1
0.95,0.6,0.10827390104532242,1750.2470317957977,1
0.95,0.6,0.10539359599351883,1749.4353659651747,1
0.95,0.6,0.10107412189245224,1776.6660087587986,1
0.95,0.6,0.1006668210029602,1868.793387127468,1
0.95,0.6,0.0992438942193985,1840.0465521742804,1
0.95,0.6,0.09659063816070557,1991.5356053030578,1
0.95,0.6,0.09357006847858429,1981.7351013708926,1
0.95,0.6,0.092025026679039,2047.281536326972,1
0.95,0.6,0.0920398011803627,2011.8880030061914,1
0.95,0.6,0.09340197592973709,2026.4091599044068,1
0.95,0.6,0.09706250578165054,1868.0794825273313,1
0.95,0.6,0.09809713810682297,1772.7288632569234,1
0.95,0.6,0.10258086025714874,1750.1563825542503,1
0.95,0.6,0.10442616045475006,1797.2379228137513,1
0.95,0.6,0.10813301801681519,1789.0869401465977,1
0.95,0.6,0.10544371604919434,1770.026186262085,1
0.95,0.6,0.09900582581758499,1932.7067273027376,1
0.95,0.6,0.08675266057252884,2167.3291008147926,1
0.95,0.6,0.07507940381765366,2365.8636019056403,1
0.95,0.6,0.06908921897411346,2520.705577597678,1
0.95,0.6,0.06804228574037552,2506.853908546582,1
0.95,0.6,0.06370730698108673,2586.6272995469767,1
0.95,0.6,0.05915050208568573,2825.340046613496,1
0.95,0.6,0.051909372210502625,2980.0629896684395,1
0.95,0.6,0.04601295664906502,3066.857782030742,1
0.95,0.6,0.045624397695064545,2768.396121245313,1
0.95,0.6,0.04536960646510124,2435.377852196182,1
0.95,0.6,0.06011471152305603,2324.290084933402,1
0.95,0.6,0.08937849849462509,2115.5303660367304,1
0.95,0.6,0.10065453499555588,2026.8032918465553,1
0.95,0.6,0.10619281232357025,2267.2135677052815,1
0.95,0.6,0.09624987095594406,2442.100306398961,1
0.95,0.6,0.08524096757173538,2587.320294097038,1
0.95,0.6,0.07907577604055405,2713.0575705060273,1
0.95,0.6,0.0742991715669632,2964.1772240727737,1
0.95,0.6,0.07017140835523605,3019.9041608691223,1
0.95,0.6,0.0657581016421318,3118.573113841202,1
0.95,0.6,0.05982060357928276,3268.8152509552015,1
0.95,0.6,0.05215940997004509,3279.6108856275214,1
0.95,0.6,0.049800705164670944,2871.05083945462,1
0.95,0.6,0.046937547624111176,2365.542896201164,1
0.95,0.6,0.05759742856025696,2511.5391055062128,1
0.95,0.6,0.07424505054950714,2228.520404934652,1
0.95,0.6,0.08208085596561432,2067.8223485675585,1
0.95,0.6,0.0776749774813652,2271.807909540291,1
0.95,0.6,0.06712368875741959,2994.071581180288,1
0.95,0.6,0.045953694730997086,3257.9619093845695,1
0.95,0.6,0.04009423032402992,3717.3682674345605,1
0.95,0.6,0.03752109780907631,4015.4466010886667,1
0.95,0.6,0.034573521465063095,3992.4508255132146,1
0.95,0.6,0.03188208490610123,4304.627122798398,1
0.95,0.6,0.027100998908281326,4520.830008264695,1
0.95,0.6,0.026186401024460793,4459.129219440925,1
0.95,0.6,0.02910647913813591,3505.42661026551,1
0.95,0.6,0.04090476036071777,2912.2740979302307,1
0.95,0.6,0.051176123321056366,2398.937903014236,1
0.95,0.6,0.06197444349527359,2240.6303707283055,1
0.95,0.6,0.06357583403587341,2230.8787716532715,1
0.95,0.6,0.05982094630599022,2501.1028115155445,1
0.95,0.6,0.049428753554821014,3236.730019659723,1
0.95,0.6,0.0370580293238163,3625.839138690959,1
0.95,0.6,0.033271756023168564,4248.571299047873,1
0.95,0.6,0.031812235713005066,4323.443163618207,1
0.95,0.6,0.029638929292559624,4309.552170375512,1
0.95,0.6,0.027943501248955727,4525.46730588771,1
0.95,0.6,0.02535066567361355,4836.500334525981,1
0.95,0.6,0.02287748083472252,5096.567913398626,1
0.95,0.6,0.0220195185393095,5240.534671460202,1
0.95,0.6,0.022068548947572708,4899.323256269913,1
0.95,0.6,0.035166867077350616,4087.538994125898,1
0.95,0.6,0.0549965463578701,2725.2188418671035,1
0.95,0.6,0.06498823314905167,2220.182623201681,1
0.95,0.6,0.08913265913724899,2171.657014681593,1
0.95,0.6,0.11116008460521698,1891.1130316562744,1
0.95,0.6,0.12375040352344513,1725.1674550015962,1
0.95,0.6,0.1259516328573227,1853.7224087869167,1
0.95,0.6,0.1160716712474823,2113.188163239806,1
0.95,0.6,0.10370460897684097,2228.663735833248,1
0.95,0.6,0.10337471216917038,2261.6610120680834,1
0.95,0.6,0.10253654420375824,2343.998164298631,1
0.95,0.6,0.0993102490901947,2498.5877305926138,1
0.95,0.6,0.09477031230926514,2751.953500436485,1
0.95,0.6,0.08771529793739319,2744.441271646231,1
0.95,0.6,0.07984152436256409,2725.2634072865144,1
0.95,0.6,0.07073673605918884,2685.3352125940864,1
0.95,0.6,0.06243036687374115,2592.551236020967,1
0.95,0.6,0.06042175740003586,2324.321243011288,1
0.95,0.6,0.05558708682656288,2206.7610652502617,1
0.95,0.6,0.05355353653430939,2481.3717494901794,1
0.95,0.6,0.04715282469987869,2836.245506297215,1
0.95,0.6,0.045257918536663055,2871.933182321373,1
0.95,0.6,0.04595833644270897,2952.995417248825,1
0.95,0.6,0.04235420376062393,3412.233159453928,1
0.95,0.6,0.03590833395719528,3754.580089159177,1
0.95,0.6,0.033500660210847855,3931.1837300702014,1
0.95,0.6,0.033186305314302444,4288.706253181364,1
0.95,0.6,0.03320428729057312,4041.9064425516963,1
0.95,0.6,0.039133962243795395,3290.126469686073,1
0.95,0.6,0.04622039571404457,2626.842481761155,1
0.95,0.6,0.05522361397743225,2322.773517433264,1
0.95,0.6,0.06156519800424576,2074.453055797694,1
0.95,0.6,0.0843740850687027,2187.536192850832,1
0.95,0.6,0.10377097874879837,2091.9465373087455,1
0.95,0.6,0.11806391179561615,2027.933963685431,1
0.95,0.6,0.12676368653774261,2075.7263292856487,1
0.95,0.6,0.12256359308958054,2154.8322251311,1
0.95,0.6,0.11708731204271317,2281.7057893576525,1
0.95,0.6,0.11339940130710602,2351.949872797929,1
0.95,0.6,0.11071405559778214,2361.0575815370307,1
0.95,0.6,0.10723595321178436,2476.1636070925833,1
0.95,0.6,0.10525943338871002,2494.913600926079,1
0.95,0.6,0.10236315429210663,2350.7285575820542,1
0.95,0.6,0.10274429619312286,2114.759966756477,1
0.95,0.6,0.10420367866754532,1752.7696279198149,1
0.95,0.6,0.11493227630853653,1663.1937751078287,1
0.95,0.6,0.12442989647388458,1475.2030526128015,1
0.95,0.6,0.14227671921253204,1391.6049944632086,1
0.95,0.6,0.16321596503257751,1252.7382477450144,1
0.95,0.6,0.1795867383480072,1168.0231393151453,1
0.95,0.6,0.1914607137441635,1165.7341732174739,1
0.95,0.6,0.18834516406059265,1171.478902262952,1
0.95,0.6,0.18118378520011902,1217.2635548969986,1
0.95,0.6,0.17523102462291718,1228.0282678512503,1
0.95,0.6,0.1680116504430771,1210.6779975041568,1
0.95,0.6,0.1628488302230835,1255.7047155581065,1
0.95,0.6,0.15632253885269165,1303.0330503252417,1
0.95,0.6,0.14993084967136383,1329.9822859702494,1
0.95,0.6,0.14873160421848297,1330.0681905785925,1
0.95,0.6,0.1460004597902298,1266.3932861735357,1
0.95,0.6,0.17251569032669067,1247.252712077927,1
0.95,0.6,0.19426637887954712,1071.134196539401,1
0.95,0.6,0.2144903540611267,966.2112224918236,1
0.95,0.6,0.23967257142066956,926.1724167718937,1
0.95,0.6,0.25478890538215637,968.4026821420205,1
0.95,0.6,0.2607811391353607,934.8325021431465,1
0.95,0.6,0.25919824838638306,914.8781429430987,1
0.95,0.6,0.2710297703742981,914.1657776081099,1
0.95,0.6,0.26553523540496826,952.7845207023383,1
0.95,0.6,0.26282548904418945,939.4136764656337,1
0.95,0.6,0.2517109513282776,963.6229109361719,1
0.95,0.6,0.2570977807044983,962.6722260809365,1
0.95,0.6,0.24869444966316223,976.1207755401742,1
0.95,0.6,0.2420329749584198,981.4444306922056,1
0.95,0.6,0.2288341373205185,974.8968306400773,1
0.95,0.6,0.23126588761806488,981.0697993610191,1
0.95,0.6,0.22732147574424744,1001.5089239680244,1
0.95,0.6,0.2215326875448227,944.778892381237,1
0.95,0.6,0.2168923020362854,947.457179893939,1
0.95,0.6,0.223973348736763,982.0056008124834,1
0.95,0.6,0.21721751987934113,975.4217957330762,1
0.95,0.6,0.21584786474704742,1007.3667594515448,1
0.95,0.6,0.2079821676015854,998.096433938183,1
0.95,0.6,0.21399830281734467,1006.8646566106617,1
0.95,0.6,0.2068048119544983,999.9712456170114,1
0.95,0.6,0.20186133682727814,1017.5440706800084,1
0.95,0.6,0.20678570866584778,982.6611475900656,1
0.95,0.6,0.22723156213760376,941.9743729584513,1
0.95,0.6,0.23515495657920837,935.1273821067518,1
0.95,0.6,0.2353130429983139,955.6586991762648,1
0.95,0.6,0.24648527801036835,967.2911893309598,1
0.95,0.6,0.23916341364383698,926.4106115774699,1
0.95,0.6,0.23934409022331238,934.1335608764905,1
0.95,0.6,0.236807718873024,950.3740531263271,1
0.95,0.6,0.22314362227916718,965.7976186259367,1
0.95,0.6,0.21374578773975372,945.8447240596729,1
0.95,0.6,0.22679615020751953,976.9761314892583,1
0.95,0.6,0.2114126831293106,990.8306251070286,1
0.95,0.6,0.19798527657985687,984.8390030198137,1
0.95,0.6,0.1969909518957138,1024.2382056539425,1
0.95,0.6,0.18902042508125305,1022.6474547446174,1
0.95,0.6,0.17674696445465088,1067.9413470638062,1
0.95,0.6,0.15353965759277344,1185.0183861364753,1
0.95,0.6,0.13976295292377472,1215.906277657562,1
0.95,0.6,0.13853095471858978,1329.6461139910366,1
0.95,0.6,0.14744998514652252,1274.1343246212505,1
0.95,0.6,0.1567106395959854,1285.8074388998864,1
0.95,0.6,0.17292559146881104,1243.98592168594,1
0.95,0.6,0.18938788771629333,1277.0299901938065,1
0.95,0.6,0.18839287757873535,1271.1008482856923,1
0.95,0.6,0.186270073056221,1338.0733485675048,1
0.95,0.6,0.17790824174880981,1426.6024311026667,1
0.95,0.6,0.172547847032547,1461.5950329485336,1
0.95,0.6,0.16961900889873505,1472.4641713080994,1
0.95,0.6,0.16666263341903687,1457.1083030896475,1
0.95,0.6,0.16147135198116302,1494.9634857954063,1
0.95,0.6,0.1530698984861374,1526.849401599017,1
0.95,0.6,0.14436863362789154,1493.375811908231,1
0.95,0.6,0.14930360019207,1512.4976900153688,1
0.95,0.6,0.15420041978359222,1375.491743266186,1
0.95,0.6,0.16129767894744873,1349.2082580393028,1
0.95,0.6,0.15994755923748016,1462.675738079426,1
0.95,0.6,0.1494354009628296,1481.3741921083633,1
0.95,0.6,0.1410476565361023,1642.1516647912729,1
0.95,0.6,0.12632706761360168,1692.6196530211694,1
0.95,0.6,0.12300369888544083,1767.123408177683,1
0.95,0.6,0.11425666511058807,1872.8964810188802,1
0.95,0.6,0.1159830316901207,1910.9317008280327,1
0.95,0.6,0.11186085641384125,1871.6804707315023,1
0.95,0.6,0.11418116837739944,1842.3888650305262,1
0.95,0.6,0.1090010553598404,1866.3214033822205,1
0.95,0.6,0.11788395047187805,1842.6221959743555,1
0.95,0.6,0.12651114165782928,1708.325817630937,1
0.95,0.6,0.16365183889865875,1469.7146038319343,1
0.95,0.6,0.18561957776546478,1207.6477635798756,1
0.95,0.6,0.20211541652679443,1165.0196001332813,1
0.95,0.6,0.20420598983764648,1148.084120519272,1
0.95,0.6,0.19764530658721924,1204.5447642783474,1
0.95,0.6,0.18320512771606445,1185.3133051864288,1
0.95,0.6,0.17395824193954468,1137.5835229589188,1
0.95,0.6,0.18234388530254364,1120.2063136564575,1
0.95,0.6,0.1804351806640625,1147.3489094552697,1
0.95,0.6,0.17763882875442505,1154.2366629630212,1
0.95,0.6,0.1700710654258728,1102.937119792432,1
0.95,0.6,0.17642317712306976,1087.2471291027541,1
0.95,0.6,0.17912378907203674,1158.5472900911418,1
0.95,0.6,0.17008191347122192,1118.37757052986,1
0.95,0.6,0.16563378274440765,1135.278014324277,1
0.95,0.6,0.1846199929714203,1144.7914053331328,1
0.95,0.6,0.20410498976707458,1022.3318954392505,1
0.95,0.6,0.23289640247821808,979.2994713238578,1
0.95,0.6,0.24629166722297668,891.2973856947258,1
0.95,0.6,0.24632643163204193,916.0849959554039,1
0.95,0.6,0.23549723625183105,1011.4629798300285,1
0.95,0.6,0.2179846614599228,1017.8427130545296,1
0.95,0.6,0.2108181118965149,1009.2260840052635,1
0.95,0.6,0.2112482637166977,1029.950946040892,1
0.95,0.6,0.2158619910478592,1005.4851525758829,1
0.95,0.6,0.2117360681295395,1035.0478261000367,1
0.95,0.6,0.2104097604751587,1024.3179149413454,1
0.95,0.6,0.209603413939476,1047.2779182217973,1
0.95,0.6,0.21659596264362335,1012.3336729969155,1
0.95,0.6,0.21112094819545746,1000.0594282924624,1
0.95,0.6,0.21057966351509094,1004.1277875691404,1
0.95,0.6,0.21114139258861542,1025.5741176711535,1
0.95,0.6,0.20902982354164124,1030.1031907749932,1
0.95,0.6,0.21592660248279572,1012.2893642119118,1
0.95,0.6,0.21632714569568634,946.5845028853205,1
0.95,0.6,0.2159792184829712,921.9892859041831,1
0.95,0.6,0.24299505352973938,1029.2947332173392,1
0.95,0.6,0.22839319705963135,938.9338910504082,1
0.95,0.6,0.23301169276237488,959.9651504463463,1
0.95,0.6,0.23386602103710175,916.5734845755017,1
0.95,0.6,0.218067929148674,1036.8364418288484,1
0.95,0.6,0.20194733142852783,1035.1863226417502,1
0.95,0.6,0.1871785670518875,1067.790081329832,1
0.95,0.6,0.16185788810253143,1182.1863630224057,1
0.95,0.6,0.14608144760131836,1235.5371885391198,1
0.95,0.6,0.1251409947872162,1544.0340613026872,1
0.95,0.6,0.10600501298904419,1462.342233186395,1
0.95,0.6,0.11307810992002487,1467.069873916891,1
0.95,0.6,0.1092500388622284,1431.8348998899537,1
0.95,0.6,0.13170649111270905,1439.5632152221956,1
0.95,0.6,0.13569419085979462,1344.1070005606857,1
0.95,0.6,0.13696622848510742,1443.0497241554804,1
0.95,0.6,0.12723909318447113,1576.1735254750527,1
0.95,0.6,0.11628805845975876,1665.8245705665431,1
0.95,0.6,0.11284764111042023,1690.0837924745879,1
0.95,0.6,0.10702943056821823,1785.7464570824714,1
0.95,0.6,0.10244284570217133,1786.7639982368278,1
0.95,0.6,0.10022597014904022,1897.7384439989523,1
0.95,0.6,0.09781281650066376,1958.51995068536,1
0.95,0.6,0.09566124528646469,1949.4220079971801,1
0.95,0.6,0.09186454862356186,2034.8689668451566,1
0.95,0.6,0.08968213945627213,2066.2156568103446,1
0.95,0.6,0.08850205689668655,2095.7680390832998,1
0.95,0.6,0.08883372694253922,2018.5953358750446,1
0.95,0.6,0.10158117115497589,1861.444441220971,1
0.95,0.6,0.12046865373849869,1681.6761774962301,1
0.95,0.6,0.15225403010845184,1559.3944115381596,1
0.95,0.6,0.2588037848472595,1447.115510771048,1
0.95,0.6,0.3413594365119934,1176.6227923697938,1
0.95,0.6,0.39363518357276917,1154.7181174683187,1
0.95,0.6,0.41125378012657166,1228.3369808307498,1
0.95,0.6,0.3780968189239502,1270.743567428784,1
0.95,0.6,0.35502713918685913,1317.6493565294136,1
0.95,0.6,0.34290701150894165,1317.5364742459465,1
0.95,0.6,0.330987811088562,1376.747873655137,1
0.95,0.6,0.3200303912162781,1389.2510591414123,1
0.95,0.6,0.3079330027103424,1420.71382860639,1
0.95,0.6,0.2971865236759186,1444.5777074627265,1
0.95,0.6,0.2868223786354065,1502.9492038168155,1
0.95,0.6,0.27528589963912964,1507.2150514496188,1
0.95,0.6,0.26797541975975037,1566.8075210065876,1
0.95,0.6,0.2718440592288971,1480.4582406945374,1
0.95,0.6,0.2837667763233185,1420.867906491058,1
0.95,0.6,0.26724475622177124,1314.6489538986848,1
0.95,0.6,0.24872878193855286,1426.1123654555445,1
0.95,0.6,0.2423924058675766,1461.3262761572437,1
0.95,0.6,0.23081564903259277,1348.8894027221927,1
0.95,0.6,0.2748456299304962,1529.1568228080891,1
0.95,0.6,0.24971359968185425,1399.0914539642313,1
0.95,0.6,0.2439340502023697,1520.4589391373252,1
0.95,0.6,0.23050178587436676,1693.885350386888,1
0.95,0.6,0.19076620042324066,1582.6097643411154,1
0.95,0.6,0.20003008842468262,1876.9837115980063,1
0.95,0.6,0.1741352379322052,1857.989045290323,1
0.95,0.6,0.1687520146369934,1850.4644419311946,1
0.95,0.6,0.16744165122509003,1956.585190606354,1
0.95,0.6,0.1569092869758606,1797.715677230046,1
0.95,0.6,0.16029977798461914,1762.1017996535445,1
0.95,0.6,0.2021712064743042,1556.9557852322941,1
0.95,0.6,0.22751499712467194,1286.3361872866762,1
0.95,0.6,0.2381126433610916,1300.557409393767,1
0.95,0.6,0.22234520316123962,1242.4986762877652,1
0.95,0.6,0.23359131813049316,1138.3159293975173,1
0.95,0.6,0.21792055666446686,1127.9010825432097,1
0.95,0.6,0.1939777135848999,1186.062868666691,1
0.95,0.6,0.17768459022045135,1211.6760943554884,1
0.95,0.6,0.18647365272045135,1210.2009946841672,1
0.95,0.6,0.17714287340641022,1205.6685450175999,1
0.95,0.6,0.17274753749370575,1248.866960147911,1
0.95,0.6,0.1698407232761383,1286.7535815040324,1
0.95,0.6,0.1764553040266037,1291.6080124494097,1
0.95,0.6,0.1735188513994217,1296.8819496580572,1
0.95,0.6,0.17268481850624084,1250.7611390332977,1
0.95,0.6,0.17706210911273956,1244.8272421732775,1
0.95,0.6,0.18132424354553223,1200.647951918097,1
0.95,0.6,0.18904516100883484,1174.876394429008,1
0.95,0.6,0.19615015387535095,1125.7646634576706,1
0.95,0.6,0.2046632319688797,1103.8755769055313,1
0.95,0.6,0.20388348400592804,1059.2519489270858,1
0.95,0.6,0.19094079732894897,1128.385153692371,1
0.95,0.6,0.1808806210756302,1227.3951039129772,1
0.95,0.6,0.1813449114561081,1257.0000102330582,1
0.95,0.6,0.1790953129529953,1170.095300227153,1
0.95,0.6,0.1835126280784607,1214.6021911257194,1
0.95,0.6,0.17374086380004883,1242.2334510759663,1
0.95,0.6,0.18140175938606262,1220.6792637365088,1
0.95,0.6,0.1704004406929016,1193.3783470949354,1
0.95,0.6,0.17055931687355042,1234.0891814269964,1
0.95,0.6,0.16394734382629395,1280.0313125628813,1
0.95,0.6,0.16733945906162262,1254.2261283840737,1
0.95,0.6,0.15958502888679504,1309.8606308351352,1
0.95,0.6,0.15128159523010254,1333.311134184669,1
0.95,0.6,0.14773492515087128,1368.3444461014997,1
0.95,0.6,0.14493055641651154,1338.1259024577164,1
0.95,0.6,0.14950694143772125,1334.7701442538546,1
0.95,0.6,0.16026560962200165,1250.3131542095207,1
0.95,0.6,0.17237496376037598,1167.9724263898506,1
0.95,0.6,0.19642387330532074,1092.1566921613503,1
0.95,0.6,0.20543019473552704,1085.471760751348,1
0.95,0.6,0.20519758760929108,1060.2255883789219,1
0.95,0.6,0.21153786778450012,1131.9427401188868,1
0.95,0.6,0.21244221925735474,1113.458825214816,1
0.95,0.6,0.21868297457695007,1107.8486452434463,1
0.95,0.6,0.21000652015209198,1104.743140027122,1
0.95,0.6,0.215092733502388,1087.8134650990994,1
0.95,0.6,0.2147175818681717,1115.5687574197714,1
0.95,0.6,0.21923404932022095,1080.8920404676542,1
0.95,0.6,0.21034130454063416,1092.2365172505345,1
0.95,0.6,0.2135193943977356,1101.9650596336817,1
0.95,0.6,0.20821602642536163,1108.605638549573,1
0.95,0.6,0.21396198868751526,1144.2524871458813,1
0.95,0.6,0.20257391035556793,1114.5986435401023,1
0.95,0.6,0.2081509381532669,1114.1258431042343,1
0.95,0.6,0.20616210997104645,1101.8436599118365,1
0.95,0.6,0.20794714987277985,1112.7508711971552,1
0.95,0.6,0.19983582198619843,1166.4835241987116,1
0.95,0.6,0.1988162249326706,1118.9950744744729,1
0.95,0.6,0.19872671365737915,1177.16236362549,1
0.95,0.6,0.19526177644729614,1181.731087788466,1
0.95,0.6,0.18602794408798218,1161.672121787868,1
0.95,0.6,0.18506139516830444,1201.000695492321,1
0.95,0.6,0.18321751058101654,1190.0739359889842,1
0.95,0.6,0.1806124597787857,1237.5343420511454,1
0.95,0.6,0.170898899435997,1218.2022969026784,1
0.95,0.6,0.1692609041929245,1245.8505499553667,1
0.95,0.6,0.16896285116672516,1213.4317244083045,1
0.95,0.6,0.16513334214687347,1278.5065335632478,1
0.95,0.6,0.16006115078926086,1352.7164517885499,1
0.95,0.6,0.15374313294887543,1351.0200618522194,1
0.95,0.6,0.15382835268974304,1331.0529396521079,1
0.95,0.6,0.14710456132888794,1378.4865760645494,1
0.95,0.6,0.1393679678440094,1411.0764311630492,1
0.95,0.6,0.13177134096622467,1462.7484936369847,1
0.95,0.6,0.12680268287658691,1523.4179123472472,1
0.95,0.6,0.1223117932677269,1527.5184344063016,1
0.95,0.6,0.11487716436386108,1536.1276859958944,1
0.95,0.6,0.11128252744674683,1675.6079384823838,1
0.95,0.6,0.10654587298631668,1681.138203166456,1
0.95,0.6,0.1033111959695816,1702.9398519155152,1
0.95,0.6,0.1008586436510086,1790.6238792516856,1
0.95,0.6,0.09622662514448166,1835.6560106969223,1
0.95,0.6,0.09547002613544464,1836.9898495036514,1
0.95,0.6,0.09116044640541077,1859.907751338927,1
0.95,0.6,0.0907096266746521,1956.6960473487923,1
0.95,0.6,0.08759357780218124,1906.3437616089868,1
0.95,0.6,0.0863509550690651,1988.5327768960137,1
0.95,0.6,0.08552010357379913,2043.7707633723749,1
0.95,0.6,0.08400151133537292,2061.84205514348,1
0.95,0.6,0.08240111917257309,2047.6417612661246,1
0.95,0.6,0.0828043669462204,1957.2423017452454,1
0.95,0.6,0.07896939665079117,2001.9878455008236,1
0.95,0.6,0.0796290934085846,2095.9793403178573,1
0.95,0.6,0.07378512620925903,2092.3768723584267,1
0.95,0.6,0.07566926628351212,2163.137009874918,1
0.95,0.6,0.07299832999706268,2135.9223342371615,1
0.95,0.6,0.07171234488487244,2154.8335397168275,1
0.95,0.6,0.07002069056034088,2241.594984522686,1
0.95,0.6,0.0701165720820427,2210.527569139451,1
0.95,0.6,0.06793513149023056,2233.7479076692885,1
0.95,0.6,0.06691119819879532,2343.747311969671,1
0.95,0.6,0.06400824338197708,2266.8301570577505,1
0.95,0.6,0.06558873504400253,2348.425475926778,1
0.95,0.6,0.06174357607960701,2470.092870906238,1
0.95,0.6,0.061890605837106705,2511.777412612415,1
0.95,0.6,0.05895235016942024,2549.9720208848676,1
0.95,0.6,0.05976659804582596,2588.684904027009,1
0.95,0.6,0.05816524848341942,2653.5854953177613,1
0.95,0.6,0.05744542181491852,2555.4755070505666,1
0.95,0.6,0.05460510775446892,2625.870137234186,1
0.95,0.6,0.05306301638484001,2812.51294979285,1
0.95,0.6,0.04871001094579697,2829.4232170323226,1
0.95,0.6,0.04574449732899666,3121.8427094790495,1
0.95,0.6,0.04025818780064583,3137.930387653948,1
0.95,0.6,0.03800639882683754,3293.681185028822,1
0.95,0.6,0.033375680446624756,3473.821586480619,1
0.95,0.6,0.02991790696978569,3905.565021048149,1
0.95,0.6,0.026248052716255188,3989.0429667615535,1
0.95,0.6,0.024256739765405655,4193.093527024496,1
0.95,0.6,0.022473296150565147,4424.225973488368,1
0.95,0.6,0.0193973109126091,4366.972165127045,1
0.95,0.6,0.017675381153821945,4938.295907916816,1
0.95,0.6,0.01548528578132391,5426.622821638535,1
0.95,0.6,0.014263346791267395,5601.769180328441,1
0.95,0.6,0.01275697536766529,5845.35493553211,1
0.95,0.6,0.011621960438787937,6036.377099560321,1
0.95,0.6,0.010159044526517391,6354.611257904226,1
0.95,0.6,0.009364809840917587,6601.894510917196,1
0.95,0.6,0.008551105856895447,6815.7906582666255,1
0.95,0.6,0.0074923159554600716,7055.70844464395,1
0.95,0.6,0.006660998333245516,7374.4716641479845,1
0.95,0.6,0.00642292620614171,7603.109945092063,1
0.95,0.6,0.005839289166033268,7466.210725273566,1
0.95,0.6,0.005460985004901886,7871.384924870234,1
0.95,0.6,0.004796545021235943,8124.58994074114,1
0.95,0.6,0.0043835826218128204,8377.537412599042,1
0.95,0.6,0.003951764199882746,8652.541278661109,1
0.95,0.6,0.003583756508305669,8729.54341461177,1
0.95,0.6,0.0032946958672255278,9133.397656584564,1
0.95,0.6,0.003153385128825903,9081.39537673444,1
0.95,0.6,0.0029784715734422207,9073.57684556428,1
0.95,0.6,0.0028543886728584766,9353.10733175126,1
0.95,0.6,0.0027613225392997265,9880.213899448658,1
0.95,0.6,0.0026034710463136435,9711.822555190774,1
0.95,0.6,0.0026447863783687353,9916.106447043163,1
0.95,0.6,0.002513200044631958,10002.534005775722,1
0.95,0.6,0.0024923947639763355,9993.951774929203,1
0.95,0.6,0.0024766556452959776,10038.587173591295,1
0.95,0.6,0.002407751977443695,10014.994648521457,1
0.95,0.6,0.0023327788803726435,10153.456139849663,1
0.95,0.6,0.00235173711553216,10320.047463662177,1
0.95,0.6,0.0023251366801559925,10325.730236462989,1
0.95,0.6,0.002295150887221098,10336.295632460351,1
0.95,0.6,0.002199462614953518,10235.516588686887,1
0.95,0.6,0.0021964069455862045,10410.099039950932,1
0.95,0.6,0.002152653643861413,10220.131572982928,1
0.95,0.6,0.002119238255545497,10452.965545739662,1
0.95,0.6,0.002068726345896721,10637.25158999351,1
0.95,0.6,0.0020547308959066868,10552.20403759784,1
0.95,0.6,0.002047124318778515,10396.26737144922,1
0.95,0.6,0.00203443574719131,10294.814080741404,1
0.95,0.6,0.0020049435552209616,10554.246658195167,1
0.95,0.6,0.001962003530934453,10770.933102006034,1
0.95,0.6,0.001966488314792514,10926.134966714006,1
0.95,0.6,0.0019440684700384736,10981.4937192259,1
0.95,0.6,0.0019496891181915998,10907.060958572523,1
0.95,0.6,0.0019505169475451112,10851.890096403988,1
0.95,0.6,0.0019606833811849356,10655.124512493483,1
0.95,0.6,0.0019391888054087758,10774.305153362866,1
0.95,0.6,0.001956663094460964,10902.438927267212,1
0.95,0.6,0.001930082798935473,10754.892475925386,1
0.95,0.6,0.0019058689940720797,10743.62321646911,1
0.95,0.6,0.0019295397214591503,10702.207408146121,1
0.95,0.6,0.0019198694499209523,10693.077045356109,1
0.95,0.6,0.0019153243629261851,10863.970958110913,1
0.95,0.6,0.0019244387513026595,11079.510796284387,1
0.95,0.6,0.0019137435592710972,10741.600174167439,1
0.95,0.6,0.0019297603284940124,10972.439709209435,1
0.95,0.6,0.0019262053538113832,10664.756086125133,1
0.95,0.6,0.001917195739224553,10535.163530424237,1
0.95,0.6,0.001908514997921884,10845.752929670529,1
0.95,0.6,0.001897693844512105,11024.112495486854,1
0.95,0.6,0.0019107440020889044,10832.414347850046,1
0.95,0.6,0.0019289659103378654,10757.380884339062,1
0.95,0.6,0.0019067004323005676,10794.881575803374,1
0.95,0.6,0.0018930966034531593,10681.149008191633,1
0.95,0.6,0.001871064305305481,10889.464116382436,1
0.95,0.6,0.0018683254020288587,10935.486870851626,1
0.95,0.6,0.0018858618568629026,10940.938137110825,1
0.95,0.6,0.0018876472022384405,10779.606660153484,1
0.95,0.6,0.00191512203309685,10745.580734623461,1
0.95,0.6,0.001866289065219462,10700.820946570926,1
0.95,0.6,0.0018470566719770432,10713.564440815979,1
0.95,0.6,0.0018794693751260638,10780.68125922098,1
0.95,0.6,0.0018959040753543377,10964.32363956438,1
0.95,0.6,0.0019030282273888588,11151.624936688077,1
0.95,0.6,0.0019031690899282694,11080.180177074555,1
0.95,0.6,0.0018615990411490202,10964.047700456562,1
0.95,0.6,0.0018449587514624,10898.564728890258,1
0.95,0.6,0.0018466974142938852,11097.493833881745,1
0.95,0.6,0.0018071024678647518,10955.719141391206,1
0.95,0.6,0.0018155943835154176,10800.152722881478,1
0.95,0.6,0.0018377844244241714,10844.435793221988,1
0.95,0.6,0.0018531669629737735,10824.811284536569,1
0.95,0.6,0.0018874938832595944,10797.723556722965,1
0.95,0.6,0.001895728288218379,10926.430154872058,1
0.95,0.6,0.0019120819633826613,10851.478038346742,1
0.95,0.6,0.0018979214364662766,10918.249562673078,1
0.95,0.6,0.0018752401228994131,11073.345743127127,1
0.95,0.6,0.0018546802457422018,11058.223705319433,1
0.95,0.6,0.0018550477689132094,11104.195143580657,1
0.95,0.6,0.0018617160385474563,10862.424893641903,1
0.95,0.6,0.0018762568943202496,10800.111486840799,1
0.95,0.6,0.001892557367682457,10620.27455380864,1
0.95,0.6,0.0018825422739610076,10667.768475791261,1
0.95,0.6,0.001854493748396635,10896.06796105022,1
0.95,0.6,0.0018575392896309495,10929.212633462674,1
0.95,0.6,0.0018470792565494776,11131.977615775832,1
0.95,0.6,0.00186973309610039,11109.55560494636,1
0.95,0.6,0.0018959632143378258,10989.891894376606,1
0.95,0.6,0.0018825802253559232,10975.823986255367,1
0.95,0.6,0.001868266612291336,10957.824776208432,1
0.95,0.6,0.0018547606887295842,10822.872025330067,1
0.95,0.6,0.0018468409543856978,11062.348316275164,1
0.95,0.6,0.0018929732032120228,11196.547118512912,1
0.95,0.6,0.0019140254007652402,11287.673453454598,1
0.95,0.6,0.0019013662822544575,11016.63186740382,1
0.95,0.6,0.0018977720756083727,10737.922588710871,1
0.95,0.6,0.001843118341639638,10991.824003456688,1
0.95,0.6,0.001899998402222991,11120.221801639971,1
0.95,0.6,0.0019057870376855135,10960.834322434326,1
0.95,0.6,0.001901014824397862,11104.43139019093,1
0.95,0.6,0.0018878835253417492,11078.950949910492,1
0.95,0.6,0.001906675286591053,10878.068828273445,1
0.95,0.6,0.0018711088923737407,10930.575209437531,1
0.95,0.6,0.0019061005441471934,10953.440619760813,1
0.95,0.6,0.0018927088240161538,10923.644382485189,1
0.95,0.6,0.001887957681901753,10872.038395092764,1
0.95,0.6,0.0018891385989263654,10923.387002303109,1
0.95,0.6,0.0018883871380239725,10986.295169372015,1
0.95,0.6,0.0018609777325764298,10864.647422386477,1
0.95,0.6,0.0018630360718816519,10865.782598306818,1
0.95,0.6,0.0018555151764303446,10974.372029703814,1
0.95,0.6,0.0018664433155208826,11009.305215875427,1
0.95,0.6,0.0018427298637107015,10787.823503533857,1
0.95,0.6,0.0018505621701478958,10982.43913800237,1
0.95,0.6,0.0018450678326189518,11118.567288692659,1
0.95,0.6,0.0018753062468022108,11010.616977308633,1
0.95,0.6,0.001882410142570734,10920.14270952328,1
0.95,0.6,0.0019203852862119675,10732.604288970702,1
0.95,0.6,0.001941810012795031,10859.77134369067,1
0.95,0.6,0.0019512490835040808,10918.846309224979,1
0.95,0.6,0.0019254082581028342,10794.825635603764,1
0.95,0.6,0.0019311942160129547,10771.93228283276,1
0.95,0.6,0.0018960196757689118,10895.88681729033,1
0.95,0.6,0.0018562484765425324,10589.35918038293,1
0.95,0.6,0.0018376107327640057,10516.229189100493,1
0.95,0.6,0.0017927055014297366,10964.704471883684,1
0.95,0.6,0.0018417701357975602,10785.310985958165,1
0.95,0.6,0.001888341037556529,10927.433087945734,1
0.95,0.6,0.0019043119391426444,11069.67477929222,1
0.95,0.6,0.0018782756524160504,11005.60541306618,1
0.95,0.6,0.0018758230144158006,10947.758582313207,1
0.95,0.6,0.0018570503452792764,10826.01276390141,1
0.95,0.6,0.0018723466200754046,10883.945016861398,1
0.95,0.6,0.00187527050729841,10861.93995097035,1
0.95,0.6,0.0018811237532645464,10867.103101968307,1
0.95,0.6,0.001872362568974495,11008.067588559039,1
0.95,0.6,0.0018565566278994083,11101.395720522254,1
0.95,0.6,0.0018186483066529036,11002.44746547309,1
0.95,0.6,0.001806761254556477,11000.825139836408,1
0.95,0.6,0.0018001777352765203,10858.810957815253,1
0.95,0.6,0.0017726811347529292,10956.027181097747,1
0.95,0.6,0.0018138024024665356,11058.940648582755,1
0.95,0.6,0.0018166725058108568,11274.306720310693,1
0.95,0.6,0.0018024491146206856,10970.208950124226,1
0.95,0.6,0.001797994365915656,11075.366411032841,1
0.95,0.6,0.001779503538273275,11034.940171512668,1
0.95,0.6,0.0017576644895598292,11056.44412023685,1
0.95,0.6,0.0017840235959738493,10894.181590705806,1
0.95,0.6,0.0017672040266916156,10838.384864270844,1
0.95,0.6,0.0017713429406285286,10972.539541637128,1
0.95,0.6,0.0017895686905831099,10984.558191388218,1
0.95,0.6,0.0017774810548871756,10954.893569526976,1
0.95,0.6,0.0018126178765669465,10952.729789686098,1
0.95,0.6,0.0018331093015149236,11132.324232098845,1
0.95,0.6,0.0018401793204247952,11182.062937217299,1
0.95,0.6,0.0018043972086161375,11369.470700066138,1
0.95,0.6,0.0017869701841846108,11219.196609480648,1
0.95,0.6,0.0017819550121203065,10973.274382605936,1
0.95,0.6,0.0017844918183982372,11060.604110806244,1
0.95,0.6,0.0017736062873154879,10955.433989297573,1
0.95,0.6,0.0017661063466221094,11015.428925123608,1
0.95,0.6,0.0017543347785249352,10836.327212547936,1
0.95,0.6,0.001755411271005869,10853.114048156014,1
0.95,0.6,0.001746686059050262,11348.195803061546,1
0.95,0.6,0.0017534057842567563,11182.905465180727,1
0.95,0.6,0.0017818484921008348,11145.437662359956,1
0.95,0.6,0.0018084717448800802,10776.371599028216,1
0.95,0.6,0.0018248617416247725,10810.931702701151,1
0.95,0.6,0.001825883286073804,10788.61392927164,1
0.95,0.6,0.001823754282668233,11072.342426617844,1
0.95,0.6,0.001789392321370542,11073.149984944223,1
0.95,0.6,0.0017532982164993882,11114.608418859249,1
0.95,0.6,0.0017808584962040186,11122.00622226645,1
0.95,0.6,0.0018025498138740659,11033.093942517615,1
0.95,0.6,0.0018065994372591376,11014.636198642043,1
0.95,0.6,0.0018111731624230742,11257.289622396682,1
0.95,0.6,0.0017928098095580935,10947.080094533005,1
0.95,0.6,0.001781729981303215,10897.259645466434,1
0.95,0.6,0.0017883284017443657,11166.253245385675,1
0.95,0.6,0.0017741109477356076,10844.855466319552,1
0.95,0.6,0.0017590258503332734,10976.136274561624,1
0.95,0.6,0.0017623448511585593,11221.15446577664,1
0.95,0.6,0.0017763255164027214,11306.162448900535,1
0.95,0.6,0.001789343892596662,11111.98339249818,1
0.95,0.6,0.0018010047497227788,11051.585765936019,1
0.95,0.6,0.0017977444222196937,11026.145316258571,1
0.95,0.6,0.0018064191099256277,11104.824124443185,1
0.95,0.6,0.0018261561635881662,10819.28131826681,1
0.95,0.6,0.0018198004690930247,11073.073047239726,1
0.95,0.6,0.00183208123780787,11143.339320631418,1
0.95,0.6,0.0018045601900666952,10889.982261469506,1
0.95,0.6,0.0017921365797519684,10968.338229492867,1
0.95,0.6,0.001792639261111617,11040.719577610305,1
0.95,0.6,0.0017773128347471356,10717.294321988022,1
0.95,0.6,0.0018212981522083282,10912.419033888707,1
0.95,0.6,0.001792126684449613,10963.179596025802,1
0.95,0.6,0.001799240242689848,11108.312005287118,1
0.95,0.6,0.001828992972150445,10957.850217400226,1
0.95,0.6,0.0018335236236453056,10982.012105691847,1
0.95,0.6,0.0018227447289973497,10922.056214164197,1
0.95,0.6,0.0017906221328303218,11104.905116684706,1
0.95,0.6,0.001763792708516121,11088.040668219013,1
0.95,0.6,0.0017705352511256933,11018.039859732144,1
0.95,0.6,0.0017857657512649894,10953.979642252856,1
0.95,0.6,0.001770515344105661,10880.711336518407,1
0.95,0.6,0.001795310410670936,10939.997841344491,1
0.95,0.6,0.0017687954241409898,11082.547714644568,1
0.95,0.6,0.0017529124161228538,11285.397882672407,1
0.95,0.6,0.0017652325332164764,11337.817217886928,1
0.95,0.6,0.001778635662049055,11153.53395112855,1
0.95,0.6,0.0017972503555938601,10721.874018240767,1
0.95,0.6,0.0018136173021048307,10600.106068817095,1
0.95,0.6,0.0018112288089469075,11091.046883713852,1
0.95,0.6,0.0018213371513411403,11055.47473779101,1
0.95,0.6,0.0017853790195658803,10940.346963180407,1
0.95,0.6,0.0017788977129384875,10917.479382814392,1
0.95,0.6,0.0017756634624674916,10923.458933225987,1
0.95,0.6,0.0018059855792671442,11162.153461074886,1
0.95,0.6,0.001813891576603055,11118.272815455122,1
0.95,0.6,0.0018204464577138424,11134.620860051964,1
0.95,0.6,0.0018122934270650148,11122.045434290401,1
0.95,0.6,0.0017934837378561497,11086.147341263168,1
0.95,0.6,0.001790644833818078,10971.51883865636,1
0.95,0.6,0.0017754738219082355,11180.993643554975,1
0.95,0.6,0.001780798309482634,10964.242195996161,1
0.95,0.6,0.0017849846044555306,10937.85694353379,1
0.95,0.6,0.0017510708421468735,11039.720246798403,1
0.95,0.6,0.0017420167569071054,10835.129554968375,1
0.95,0.6,0.001752927084453404,10867.600361329487,1
0.95,0.6,0.0017687010113149881,11149.490780937285,1
0.95,0.6,0.0017898458754643798,11030.732156048467,1
0.95,0.6,0.0018187366658821702,11121.850230130527,1
0.95,0.6,0.0018301201052963734,11179.448914193892,1
0.95,0.6,0.0018134446581825614,11128.888238850846,1
0.95,0.6,0.0017990393098443747,11058.659799063811,1
0.95,0.6,0.0017871956806629896,11021.116409136112,1
0.95,0.6,0.0017806284595280886,10784.571427933031,1
0.95,0.6,0.0017912338953465223,10882.143556962816,1
0.95,0.6,0.001801559585146606,10968.475626852067,1
0.95,0.6,0.0018131935503333807,11244.72492541387,1
0.95,0.6,0.001816558069549501,10956.239315978028,1
0.95,0.6,0.0018302936805412173,10824.854397216615,1
0.95,0.6,0.001811115420423448,11105.30273190535,1
0.95,0.6,0.00182159838732332,11376.48664748414,1
0.95,0.6,0.001786648528650403,11126.595818952934,1
0.95,0.6,0.0018129133386537433,11045.363030719798,1
0.95,0.6,0.0017972347559407353,10763.894655146538,1
0.95,0.6,0.0018161492189392447,10773.23362477659,1
0.95,0.6,0.001827552099712193,10982.183170754502,1
0.95,0.6,0.0018312613246962428,11106.131319459084,1
0.95,0.6,0.001843331614509225,11010.274969013857,1
0.95,0.6,0.0018291487358510494,11092.568511659305,1
0.95,0.6,0.0018325250130146742,11053.619988591274,1
0.95,0.6,0.0017984844744205475,11262.807191212447,1
0.95,0.6,0.0017911461181938648,11188.643422582834,1
0.95,0.6,0.0017866468988358974,10898.658293136257,1
0.95,0.6,0.0018170910188928246,11027.950383219168,1
0.95,0.6,0.0018308339640498161,10977.739539272401,1
0.95,0.6,0.0018417045939713717,11085.555456311826,1
0.95,0.6,0.0018296069465577602,11215.541111049442,1
0.95,0.6,0.0018299577059224248,11282.61575518809,1
0.95,0.6,0.0018416376551613212,11064.719494553274,1
0.95,0.6,0.0018615633016452193,11172.177360418144,1
0.95,0.6,0.0018713921308517456,11065.259581448277,1
0.95,0.6,0.0018593126442283392,11057.914246422875,1
0.95,0.6,0.0018827959429472685,10831.697007035942,1
0.95,0.6,0.001871347427368164,11010.540203439075,1
0.95,0.6,0.0018470544600859284,11268.32086967101,1
0.95,0.6,0.0018093771068379283,11070.031431511194,1
0.95,0.6,0.0017605260945856571,11156.083655174603,1
0.95,0.6,0.0017416630871593952,11164.948683362945,1
0.95,0.6,0.0017367085674777627,11101.199932898766,1
0.95,0.6,0.0017873485339805484,10911.123790748006,1
0.95,0.6,0.0018073053797706962,10845.189448228553,1
0.95,0.6,0.001793926814571023,11155.575183845693,1
0.95,0.6,0.0017893323674798012,11297.39076457249,1
0.95,0.6,0.0017994658555835485,11114.07902645877,1
0.95,0.6,0.0018175911391153932,11107.589146691447,1
0.95,0.6,0.001784594845958054,10979.128601502638,1
0.95,0.6,0.0017768348334357142,11088.50287925838,1
0.95,0.6,0.001774189411662519,11186.910650556925,1
0.95,0.6,0.0017524686409160495,11081.766027994252,1
0.95,0.6,0.0017524677095934749,10980.647778224493,1
0.95,0.6,0.0017396562034264207,10992.365538261782,1
0.95,0.6,0.0017330031841993332,11006.723220683345,1
0.95,0.6,0.00172180135268718,11073.893404732762,1
0.95,0.6,0.0017188548808917403,11282.414565715124,1
0.95,0.6,0.0017714183777570724,11074.597888802695,1
0.95,0.6,0.0017877446953207254,11219.417594128085,1
0.95,0.6,0.001805888139642775,11126.511794382688,1
0.95,0.6,0.0017883635591715574,11030.678754338642,1
0.95,0.6,0.0017476652283221483,10887.686671956999,1
0.95,0.6,0.0017731435364112258,11062.983366137814,1
0.95,0.6,0.0018006772734224796,10900.791736540561,1
0.95,0.6,0.001790230511687696,11075.394680069528,1
0.95,0.6,0.0017853997414931655,11120.28326286042,1
0.95,0.6,0.0017802200745791197,11077.738753724681,1
0.95,0.6,0.0017900699749588966,11071.79749063716,1
0.95,0.6,0.0018159906612709165,10938.351977370326,1
0.95,0.6,0.0018106024945154786,10889.063252778358,1
0.95,0.6,0.0017931872280314565,11025.250397209344,1
0.95,0.6,0.0017666060011833906,11110.65977929706,1
0.95,0.6,0.0017640783917158842,10958.66618133238,1
0.95,0.6,0.0017984500154852867,10958.762266889025,1
0.95,0.6,0.0018326506251469254,11048.113810379062,1
0.95,0.6,0.0018490646034479141,10868.180734750935,1
0.95,0.6,0.001863614423200488,11120.764582459586,1
0.95,0.6,0.0018441521096974611,11061.555764481494,1
0.95,0.6,0.001832608599215746,10793.202371024581,1
0.95,0.6,0.0018196027958765626,10864.813283758886,1
0.95,0.6,0.0018311006715521216,11078.04665728796,1
0.95,0.6,0.0018023906741291285,10977.610909086206,1
0.95,0.6,0.0017772099236026406,10891.853004558061,1
0.95,0.6,0.0017760832561179996,11051.925932594586,1
0.95,0.6,0.001778768259100616,11083.690458002859,1
0.95,0.6,0.0018147549126297235,10945.964805790698,1
0.95,0.6,0.0017900490202009678,10965.507687847015,1
0.95,0.6,0.0017775698797777295,10871.253503651353,1
0.95,0.6,0.0017750078113749623,10947.180564225844,1
0.95,0.6,0.0017862208187580109,11167.84520126973,1
0.95,0.6,0.0018114682752639055,11336.141053747804,1
0.95,0.6,0.0018055120017379522,11050.003008859698,1
0.95,0.6,0.0018184047657996416,11114.997844512824,1
0.95,0.6,0.0018148490926250815,11258.95045512637,1
0.95,0.6,0.0018072618404403329,11272.703988149078,1
0.95,0.6,0.0017535439692437649,10954.488534305125,1
0.95,0.6,0.0017729498213157058,11019.926858236686,1
0.95,0.6,0.0017702094046398997,11006.144830502053,1
0.95,0.6,0.0017774284351617098,10904.99464586381,1
0.95,0.6,0.0017949908506125212,10990.34285591647,1
0.95,0.6,0.0018215497257187963,11005.999990478143,1
0.95,0.6,0.001823659986257553,11173.652727852159,1
0.95,0.6,0.001798686571419239,10988.636697703409,1
0.95,0.6,0.0017983533907681704,10889.578967977708,1
0.95,0.6,0.0017707491060718894,11084.069353527126,1
0.95,0.6,0.0017839764477685094,11024.617508235748,1
0.95,0.6,0.0018065307522192597,10921.606191605966,1
0.95,0.6,0.0017912443727254868,10973.868522871573,1
0.95,0.6,0.0018190541304647923,10850.500726265791,1
0.95,0.6,0.0017806643154472113,10821.511973358542,1
0.95,0.6,0.0017692032270133495,11130.10044329907,1
0.95,0.6,0.0017613624222576618,11031.471209259616,1
0.95,0.6,0.0017789299599826336,11310.241868091929,1
0.95,0.6,0.001799069344997406,11259.021043493538,1
0.95,0.6,0.001819623983465135,11040.497675888502,1
0.95,0.6,0.0018028351478278637,11020.888189710873,1
0.95,0.6,0.0017826168332248926,11014.166902244375,1
0.95,0.6,0.001796360476873815,10897.600375666334,1
0.95,0.6,0.0017686757491901517,11023.358665814387,1
0.95,0.6,0.0017898057121783495,11114.945261442304,1
0.95,0.6,0.0018095835112035275,10887.017299321433,1
0.95,0.6,0.0018280771328136325,10856.164860993304,1
0.95,0.6,0.0018199124606326222,11164.533377978662,1
0.95,0.6,0.0017788315890356898,10880.130653762802,1
0.95,0.6,0.001746353693306446,10754.306358318703,1
0.95,0.6,0.0017328605754300952,10897.658096646534,1
0.95,0.6,0.001738211722113192,10962.849144454367,1
0.95,0.6,0.0017511530313640833,11136.25664659842,1
0.95,0.6,0.0017975434893742204,10972.51343249001,1
0.95,0.6,0.0017941263504326344,10955.689079207303,1
0.95,0.6,0.0018096915446221828,10899.964233636387,1
0.95,0.6,0.0017846266273409128,10972.913815415952,1
0.95,0.6,0.0018085390329360962,11034.47433541348,1
0.95,0.6,0.0018034487729892135,11103.52569367933,1
0.95,0.6,0.0018272593151777983,10887.289463130597,1
0.95,0.6,0.0017943579005077481,11205.804352274386,1
0.95,0.6,0.0017895081546157598,11130.346201045926,1
0.95,0.6,0.0017773951403796673,10898.616304108757,1
0.95,0.6,0.0018043889431282878,11006.969975864842,1
0.95,0.6,0.001828645123168826,11237.001911875228,1
0.95,0.6,0.0017895627534016967,10890.578221900809,1
0.95,0.6,0.0017926741857081652,11138.003482736629,1
0.95,0.6,0.0017811630386859179,11062.734471816488,1
0.95,0.6,0.0017906951252371073,10744.545891979398,1
0.95,0.6,0.0018126176437363029,10709.6055593407,1
0.95,0.6,0.0018257475458085537,10805.599767618845,1
0.95,0.6,0.0018236085306853056,11122.486643085002,1
0.95,0.6,0.001823812024667859,10952.253974965495,1
0.95,0.6,0.001810557791031897,10998.692733238115,1
0.95,0.6,0.001802818733267486,10928.934499280796,1
0.95,0.6,0.0017947357846423984,10774.729142469503,1
0.95,0.6,0.0017803871305659413,10935.7786831497,1
0.95,0.6,0.0017623178428038955,11023.630171334155,1
0.95,0.6,0.0017812368459999561,10892.428476548146,1
0.95,0.6,0.0017969050677493215,11118.386598610203,1
0.95,0.6,0.0018025748431682587,11187.36419213223,1
0.95,0.6,0.0017963279969990253,10951.094146467396,1
0.95,0.6,0.001809653826057911,10961.198200001912,1
0.95,0.6,0.0018497412092983723,11005.161652774663,1
0.95,0.6,0.0018427354516461492,11024.217696377158,1
0.95,0.6,0.0018294040346518159,11028.496227664471,1
0.95,0.6,0.001811157795600593,11245.049332147826,1
0.95,0.6,0.001800800091587007,10946.028600818168,1
0.95,0.6,0.001809891895391047,11004.93320288973,1
0.95,0.6,0.0018307024147361517,10904.010224326503,1
0.95,0.6,0.00182960310485214,10800.165616124305,1
0.95,0.6,0.001846226630732417,11070.957304557443,1
0.95,0.6,0.0018326351419091225,11304.485275764902,1
0.95,0.6,0.0017998490948230028,10836.97750644361,1
0.95,0.6,0.0018194508738815784,10983.868449779044,1
0.95,0.6,0.0018201298080384731,11170.44527223825,1
0.95,0.6,0.0018276253249496222,11181.544998510806,1
0.95,0.6,0.0018592077540233731,11172.999394105358,1
0.95,0.6,0.001848806394264102,11064.891479962833,1
0.95,0.6,0.001816093921661377,10827.800235699899,1
0.95,0.6,0.0018057947745546699,10996.269440215114,1
0.95,0.6,0.0018032074440270662,11236.832982473632,1
0.95,0.6,0.0017916932702064514,11101.001448388615,1
0.95,0.6,0.0017791972495615482,11203.311258193997,1
0.95,0.6,0.0017648569773882627,11022.535532442605,1
0.95,0.6,0.0017646474298089743,11088.709668836247,1
0.95,0.6,0.0018093844410032034,11043.76829461503,1
0.95,0.6,0.0018159298924729228,10906.869915465417,1
0.95,0.6,0.0018242003861814737,10887.047007040796,1
0.95,0.6,0.0018214092124253511,11067.840734708423,1
0.95,0.6,0.001796661876142025,11146.79933267295,1
0.95,0.6,0.0018323390977457166,10904.69474178493,1
0.95,0.6,0.0018363483250141144,10888.476895943237,1
0.95,0.6,0.0018334398046135902,10794.4755973459,1
0.95,0.6,0.0018150029936805367,10921.272309318048,1
0.95,0.6,0.0017663025064393878,11077.076608280513,1
0.95,0.6,0.001753870164975524,11251.880692544733,1
0.95,0.6,0.0017333212308585644,10835.673211793415,1
0.95,0.6,0.00172712211497128,10970.10481839507,1
0.95,0.6,0.0017682736506685615,11092.347008766377,1
0.95,0.6,0.0017794372979551554,10970.925041910403,1
0.95,0.6,0.0018218926852568984,11030.521770769616,1
0.95,0.6,0.0017982558347284794,11136.231726508822,1
0.95,0.6,0.0018122256733477116,10936.163844610197,1
0.95,0.6,0.0017996475799009204,10875.334820290056,1
0.95,0.6,0.0017992275534197688,11076.277345641505,1
0.95,0.6,0.0017820827197283506,11341.053811601187,1
0.95,0.6,0.001790062291547656,11194.227440316536,1
0.95,0.6,0.0017691123066470027,10849.610333862474,1
0.95,0.6,0.0017619146965444088,10788.334980670761,1
0.95,0.6,0.0017500943504273891,10882.679999629127,1
0.95,0.6,0.0017750230617821217,11131.983911810163,1
0.95,0.6,0.0018139189342036843,11016.857677806396,1
0.95,0.6,0.0018195273587480187,10831.463724777466,1
0.95,0.6,0.0018417516257613897,10980.77779813435,1
0.95,0.6,0.0018219900084659457,10897.533417947692,1
0.95,0.6,0.001854241476394236,10926.7718395768,1
0.95,0.6,0.0018380916444584727,10853.55714254668,1
0.95,0.6,0.00184349634218961,10849.903756919195,1
0.95,0.6,0.0018274257890880108,10984.417208163715,1
0.95,0.6,0.0017827687552198768,11239.427525227577,1
0.95,0.6,0.0017609188798815012,11097.712227955803,1
0.95,0.6,0.0017834831960499287,10895.03804685051,1
0.95,0.6,0.0017893135081976652,10968.13506639257,1
0.95,0.6,0.0017769632395356894,10934.833070104702,1
0.95,0.6,0.0017888265429064631,11042.266754538157,1
0.95,0.6,0.001770800561644137,10979.414940029845,1
0.95,0.6,0.0017810751451179385,11192.605600711935,1
0.95,0.6,0.001780724385753274,10979.89582457248,1
0.95,0.6,0.001791366608813405,11047.72901152165,1
0.95,0.6,0.0018272378947585821,10964.290903062132,1
0.95,0.6,0.0018045149045065045,10872.160532971873,1
0.95,0.6,0.001801921520382166,11088.701773600256,1
0.95,0.6,0.0017951722256839275,10964.905721019342,1
0.95,0.6,0.001768641290254891,10984.12086434033,1
0.95,0.6,0.001804080093279481,10818.036305543454,1
0.95,0.6,0.0018005226738750935,10807.887663407546,1
0.95,0.6,0.0017938773380592465,10812.651661857832,1
0.95,0.6,0.0017894102493301034,10982.619086231894,1
0.95,0.6,0.0017709237290546298,10875.281248863916,1
0.95,0.6,0.001763756386935711,10810.002722764246,1
0.95,0.6,0.0017736373702064157,10961.151424078354,1
0.95,0.6,0.0017926065484061837,10976.831011311664,1
0.95,0.6,0.001793700153939426,11067.566698556693,1
0.95,0.6,0.0017793462611734867,11152.429714993312,1
0.95,0.6,0.0018030377104878426,10998.668164773799,1
0.95,0.6,0.0018229319248348475,11153.968360015273,1
0.95,0.6,0.0018214195733889937,11183.644914666114,1
0.95,0.6,0.0018240466015413404,10848.428245665858,1
0.95,0.6,0.0017840686487033963,10843.179294701562,1
0.95,0.6,0.0017681835452094674,10906.91583132383,1
0.95,0.6,0.001729268697090447,11034.609041260626,1
0.95,0.6,0.0017441411036998034,11048.440868008223,1
0.95,0.6,0.0017454607877880335,11207.717246360999,1
0.95,0.6,0.0017668368527665734,10928.882007046923,1
0.95,0.6,0.0017727847443893552,10943.826259762864,1
0.95,0.6,0.0017877937061712146,10801.023928416895,1
0.95,0.6,0.00180716416798532,10745.218378404279,1
0.95,0.6,0.001792339258827269,10854.242714545644,1
0.95,0.6,0.0017947989981621504,10834.156790283741,1
0.95,0.6,0.0018208546098321676,10853.079010075398,1
0.95,0.6,0.0017824488459154963,11005.363312688165,1
0.95,0.6,0.0018064110772684216,11278.081893036751,1
0.95,0.6,0.0017939284443855286,10966.639849377136,1
0.95,0.6,0.0017934166826307774,10997.695213269464,1
0.95,0.6,0.0018241875804960728,10888.38740445995,1
0.95,0.6,0.0018062496092170477,10948.302406435309,1
0.95,0.6,0.0017918420489877462,11075.22779617485,1
0.95,0.6,0.001773962751030922,11106.345806862306,1
0.95,0.6,0.0017712601693347096,10857.127198296388,1
0.95,0.6,0.0017857964849099517,10908.530691016256,1
0.95,0.6,0.0018029825296252966,11187.204230599886,1
0.95,0.6,0.0018287129933014512,11057.63947792715,1
0.95,0.6,0.0018084141192957759,10805.067509688604,1
0.95,0.6,0.0018289899453520775,10795.392767135221,1
0.95,0.6,0.0017954545328393579,10769.5615861281,1
0.95,0.6,0.0018256510375067592,10978.74225651704,1
0.95,0.6,0.0018198502948507667,11068.353704830877,1
0.95,0.6,0.0017417148919776082,11092.24881775032,1
0.95,0.6,0.001738363760523498,10947.284915248878,1
0.95,0.6,0.0017246053321287036,10909.204699348007,1
0.95,0.6,0.0017563581932336092,10794.1892722201,1
0.95,0.6,0.001754330238327384,10624.627306601593,1
0.95,0.6,0.001750168506987393,10814.952905705612,1
0.95,0.6,0.001785950269550085,11008.280995199137,1
0.95,0.6,0.001785903237760067,11043.599235866785,1
0.95,0.6,0.0017871889285743237,11085.622754160608,1
0.95,0.6,0.0017842050874605775,10872.752519603355,1
0.95,0.6,0.0017558446852490306,10933.444707533654,1
0.95,0.6,0.0017786773387342691,10965.347506531672,1
0.95,0.6,0.0017994034569710493,10932.005015523895,1
0.95,0.6,0.0017729094251990318,11103.304769833456,1
0.95,0.6,0.0018164054490625858,11127.75219658225,1
0.95,0.6,0.0017701995093375444,11307.977961150771,1
0.95,0.6,0.0017932221526280046,11224.138072858073,1
0.95,0.6,0.0017564037116244435,11285.051854915759,1
0.95,0.6,0.0017606739420443773,11211.340934795859,1
0.95,0.6,0.0017811653669923544,11078.993530407484,1
0.95,0.6,0.0018322317628189921,10834.651455213505,1
0.95,0.6,0.0017901496030390263,11048.03622852662,1
0.95,0.6,0.0017949009779840708,10999.108967160682,1
0.95,0.6,0.0017709961393848062,11125.741462141297,1
0.95,0.6,0.001789506059139967,11092.175700249158,1
0.95,0.6,0.001826194697059691,11088.496837929983,1
0.95,0.6,0.0018231665017083287,11215.141143695862,1
0.95,0.6,0.0018389540491625667,11020.320212357638,1
0.95,0.6,0.001846814644522965,11028.820612141653,1
0.95,0.6,0.0018154665594920516,11206.501527759956,1
0.95,0.6,0.0017875070916488767,11123.925273459536,1
0.95,0.6,0.0017552804201841354,11090.1757157086,1
0.95,0.6,0.0017247590003535151,11261.8180132291,1
0.95,0.6,0.001757930382154882,11276.385493330436,1
0.95,0.6,0.0017589416820555925,11116.469337812203,1
0.95,0.6,0.0018348428420722485,10937.156097077119,1
0.95,0.6,0.0018037231639027596,10913.548165300468,1
0.95,0.6,0.0018190558766946197,11302.267633531043,1
0.95,0.6,0.001794943935237825,10967.336221150126,1
0.95,0.6,0.0018043234013020992,10739.428166008145,1
0.95,0.6,0.0018010567873716354,10874.228462539402,1
0.95,0.6,0.001813206123188138,10801.130486494036,1
0.95,0.6,0.00177578825969249,10964.569794442363,1
0.95,0.6,0.0017821374349296093,11146.920522103674,1
0.95,0.6,0.0017574855592101812,11083.70365789382,1
0.95,0.6,0.0017669911030679941,11027.02604493522,1
0.95,0.6,0.0017736033769324422,11155.377786668974,1
0.95,0.6,0.0017671537352725863,10942.691050623576,1
0.95,0.6,0.0017914784839376807,10828.523137474209,1
0.95,0.6,0.0018008073093369603,10736.76247557553,1
0.95,0.6,0.001828494481742382,11073.310304886432,1
0.95,0.6,0.00184980733320117,11145.928630925571,1
0.95,0.6,0.001832293812185526,11001.346039718199,1
0.95,0.6,0.0018064186442643404,10981.328975132275,1
0.95,0.6,0.0017855167388916016,10943.827473190739,1
0.95,0.6,0.001794088981114328,11047.286633412492,1
0.95,0.6,0.0018331530736759305,11076.212162490952,1
0.95,0.6,0.0018067791825160384,11008.429984973147,1
0.95,0.6,0.001834812224842608,11295.544255972603,1
0.95,0.6,0.0018156475853174925,11130.394440669641,1
0.95,0.6,0.0018358948873355985,10880.059048556051,1
0.95,0.6,0.0018292301101610065,10855.090632575038,1
0.95,0.6,0.001820377423427999,10905.181272676966,1
0.95,0.6,0.0018087269272655249,10793.597046671804,1
0.95,0.6,0.0018027126789093018,11117.406985032532,1
0.95,0.6,0.001787475193850696,11253.547959861775,1
0.95,0.6,0.0017804027302190661,11198.936711637592,1
0.95,0.6,0.001783240120857954,11017.101184024608,1
0.95,0.6,0.0018129213713109493,11217.411346002082,1
0.95,0.6,0.0018425715388730168,11110.18570905255,1
0.95,0.6,0.001852791989222169,11091.387641632089,1
0.95,0.6,0.0018076499691233039,11221.536631788575,1
0.95,0.6,0.0017845164984464645,11040.875845535054,1
0.95,0.6,0.0017689375672489405,10952.551484684165,1
0.95,0.6,0.001790101989172399,11209.750701864748,1
0.95,0.6,0.0018085123738273978,11323.874446543008,1
0.95,0.6,0.0018538259901106358,11018.160838870048,1
0.95,0.6,0.001889740233309567,10940.59435765779,1
0.95,0.6,0.0018459251150488853,11004.505115862617,1
0.95,0.6,0.0018120885360985994,10869.68757715921,1
0.95,0.6,0.0017766488017514348,10907.057395411379,1
0.95,0.6,0.001773288007825613,10931.87040120578,1
0.95,0.6,0.0017885682173073292,11093.567895571932,1
0.95,0.6,0.0017803794471547008,11060.420839998074,1
0.95,0.6,0.0017717565642669797,10928.569571192686,1
0.95,0.6,0.0017830112483352423,11002.691223474863,1
0.95,0.6,0.0018061123555526137,10990.023651529826,1
0.95,0.6,0.0018203295767307281,10903.86406461631,1
0.95,0.6,0.0018014820525422692,10961.72411324865,1
0.95,0.6,0.001778026344254613,10806.417932907872,1
0.95,0.6,0.0017499180976301432,11054.16604906784,1
0.95,0.6,0.001772595220245421,11082.62628931903,1
0.95,0.6,0.0017955033108592033,11140.46627635518,1
0.95,0.6,0.0018088025972247124,10830.072081243543,1
0.95,0.6,0.0018177401507273316,10807.997278541354,1
0.95,0.6,0.001793069182895124,11033.676832303121,1
0.95,0.6,0.0018245110986754298,11054.818725164163,1
0.95,0.6,0.001808642060495913,11040.026711052855,1
0.95,0.6,0.0018031330546364188,11100.851071398483,1
0.95,0.6,0.0017789576668292284,10987.253706007448,1
0.95,0.6,0.0017467596335336566,11031.467324711912,1
0.95,0.6,0.001758333994075656,10933.527939344916,1
0.95,0.6,0.001782319857738912,11105.294627212828,1
0.95,0.6,0.0018150093965232372,11146.220280925958,1
0.95,0.6,0.0018163931090384722,11060.818570641615,1
0.95,0.6,0.0017986728344112635,11239.237191460315,1
0.95,0.6,0.0017951112240552902,11111.867617549886,1
0.95,0.6,0.0017795893363654613,11311.027750001955,1
0.95,0.6,0.0018093601102009416,11064.061090760344,1
0.95,0.6,0.0017940957332029939,11070.414833313547,1
0.95,0.6,0.0018000160343945026,11157.2145322449,1
0.95,0.6,0.001805372885428369,11076.857016789716,1
0.95,0.6,0.0018127021612599492,11011.741893612902,1
0.95,0.6,0.0018060007132589817,10768.293109310276,1
0.95,0.6,0.0017935069045051932,11089.850782579197,1
0.95,0.6,0.0017894849879667163,11012.468990043097,1
0.95,0.6,0.0017880233936011791,10932.549885866274,1
0.95,0.6,0.0018083645263686776,10952.283808991946,1
0.95,0.6,0.0018090868834406137,11142.365647227496,1
0.95,0.6,0.0018146759830415249,11178.044335262957,1
0.95,0.6,0.0018318621441721916,11119.277130678533,1
0.95,0.6,0.0018128944793716073,11036.815229642834,1
0.95,0.6,0.0018005749443545938,11051.910944232302,1
0.95,0.6,0.0017943641869351268,10824.519011301683,1
0.95,0.6,0.0018168141832575202,11053.209908380511,1
0.95,0.6,0.0018146657384932041,11006.05479115908,1
0.95,0.6,0.001800697180442512,11044.660223565568,1
0.95,0.6,0.0017742038471624255,11204.013033715346,1
0.95,0.6,0.0017551272176206112,10951.816916241787,1
0.95,0.6,0.0017564890440553427,10974.265946250935,1
0.95,0.6,0.0017655611736699939,10935.147787301366,1
0.95,0.6,0.0017876244382932782,10934.552082079634,1
0.95,0.6,0.0018150464165955782,11037.180075095752,1
0.95,0.6,0.0018115849234163761,11139.398107188896,1
0.95,0.6,0.0018069061916321516,11090.410823182328,1
0.95,0.6,0.0017895355122163892,10967.173370561111,1
0.95,0.6,0.0018245776882395148,11120.716847001733,1
0.95,0.6,0.0018350663594901562,11082.643978876142,1
0.95,0.6,0.001862569130025804,11215.723952503045,1
0.95,0.6,0.0018525455379858613,11064.097384966757,1
0.95,0.6,0.001830943045206368,10836.906539156613,1
0.95,0.6,0.0018089772202074528,10923.301798418117,1
0.95,0.6,0.001797518110834062,10872.409291445763,1
0.95,0.6,0.0018075064290314913,11061.808464215443,1
0.95,0.6,0.0017936393851414323,11019.344031539134,1
0.95,0.6,0.0017993083456531167,11172.328792780314,1
0.95,0.6,0.0018004677258431911,10852.960469049694,1
0.95,0.6,0.0018240984063595533,10848.914393246101,1
0.95,0.6,0.0017958852695301175,11099.976459322934,1
0.95,0.6,0.0017612240044400096,11074.814326217325,1
0.95,0.6,0.0017367287073284388,11139.352336360194,1
0.95,0.6,0.0017308748792856932,11063.87909618192,1
0.95,0.6,0.0017708383966237307,11244.841668202997,1
0.95,0.6,0.0017659020377323031,11238.95842788032,1
0.95,0.6,0.0017824064707383513,11120.388441265695,1
0.95,0.6,0.001770462840795517,11297.416813140428,1
0.95,0.6,0.0017664091428741813,11336.067374756498,1
0.95,0.6,0.0017937252996489406,11123.51108843064,1
0.95,0.6,0.0018077503191307187,11254.603461132061,1
0.95,0.6,0.0018281773664057255,11068.351029424231,1
0.95,0.6,0.0018088908400386572,11278.262904907335,1
0.95,0.6,0.0017932201735675335,11279.970945994708,1
0.95,0.6,0.0017989558400586247,11028.337707663537,1
0.95,0.6,0.0017761285416781902,10804.391300262314,1
0.95,0.6,0.00181496306322515,11002.228892564919,1
0.95,0.6,0.0017825219547376037,11116.961780611053,1
0.95,0.6,0.0017724756617099047,10979.45874495915,1
0.95,0.6,0.0017465712735429406,10875.067636341706,1
0.95,0.6,0.0017637144774198532,10942.818985832608,1
0.95,0.6,0.0017895769560709596,11054.049251418724,1
0.95,0.6,0.0018186557572335005,11100.253858372987,1
0.95,0.6,0.0017950606998056173,10995.615925644039,1
0.95,0.6,0.0018196811433881521,11035.144164365287,1
0.95,0.6,0.001810515415854752,10895.68614575532,1
0.95,0.6,0.0018547881627455354,10880.556520457705,1
0.95,0.6,0.001840736367739737,10882.828684840497,1
0.95,0.6,0.0017942608101293445,11038.991988391866,1
0.95,0.6,0.0017773107392713428,11116.656293324986,1
0.95,0.6,0.0017751866253092885,10910.39573474813,1
0.95,0.6,0.0018099455628544092,11000.760565131302,1
0.95,0.6,0.0017874672776088119,10898.234816203494,1
0.95,0.6,0.0017905266722664237,10922.98015716382,1
0.95,0.6,0.0017890421440824866,11239.634755280013,1
0.95,0.6,0.0018081157468259335,11085.981432571327,1
0.95,0.6,0.0018429786432534456,11115.615449460971,1
0.95,0.6,0.0018226632382720709,10997.822428679949,1
0.95,0.6,0.0018169458489865065,10940.67438775838,1
0.95,0.6,0.0017515647923573852,11189.635019602123,1
0.95,0.6,0.001756294397637248,10763.480147681457,1
0.95,0.6,0.0017390046268701553,10947.62872209174,1
0.95,0.6,0.0017981152050197124,10845.885102831158,1
0.95,0.6,0.0018116736318916082,10718.231089123155,1
0.95,0.6,0.0017818650230765343,10848.225676289523,1
0.95,0.6,0.0017827689880505204,10983.13509495588,1
0.95,0.6,0.0017425597179681063,10944.836079630395,1
0.95,0.6,0.0017932229675352573,10971.097235426938,1
0.95,0.6,0.0017955709481611848,10852.317927998662,1
0.95,0.6,0.0018043474992737174,11091.232663741175,1
0.95,0.6,0.0017925150459632277,10834.166326903265,1
0.95,0.6,0.0017614919925108552,11025.942097034273,1
0.95,0.6,0.0017776010790839791,11336.14404539319,1
0.95,0.6,0.0017957505770027637,10963.329044465701,1
0.95,0.6,0.0018100769957527518,11264.048190636475,1
0.95,0.6,0.0017807446420192719,11149.604702411016,1
0.95,0.6,0.0017889597220346332,10869.91570188885,1
0.95,0.6,0.0017834433820098639,11012.7714552932,1
0.95,0.6,0.0017967006424441934,11043.181090659928,1
0.95,0.6,0.0017892643809318542,11042.020000842835,1
0.95,0.6,0.0018023151205852628,10960.817099663946,1
0.95,0.6,0.0017893806798383594,10772.71415868404,1
0.95,0.6,0.0017853137105703354,11056.01100666539,1
0.95,0.6,0.001798141747713089,11214.283327107525,1
0.95,0.6,0.0017917254008352757,11232.541751684179,1
0.95,0.6,0.001814737101085484,11193.72675206813,1
0.95,0.6,0.0018128609517589211,11256.923003727154,1
0.95,0.6,0.0018064490286633372,11327.088797822322,1
0.95,0.6,0.001841878518462181,11233.238373275937,1
0.95,0.6,0.0018241720972582698,11051.31593437654,1
0.95,0.6,0.001797712640836835,11112.773793118035,1
0.95,0.6,0.0017912104958668351,11194.703064698211,1
0.95,0.6,0.0017618146957829595,11116.067988250528,1
0.95,0.6,0.0017849282594397664,11119.691774765104,1
0.95,0.6,0.0017849337309598923,11019.279483344497,1
0.95,0.6,0.0017611468210816383,10955.490697237201,1
0.95,0.6,0.001754219178110361,10969.409244071841,1
0.95,0.6,0.0018037338741123676,10978.819711297547,1
0.95,0.6,0.001800354802981019,11069.552029694452,1
0.95,0.6,0.0018429610645398498,11206.982926811848,1
0.95,0.6,0.0018326705321669579,11095.586484480407,1
0.95,0.6,0.0018471498042345047,11130.976864283093,1
0.95,0.6,0.0018395008519291878,10886.60564333603,1
0.95,0.6,0.0018042570445686579,10790.076869780863,1
0.95,0.6,0.0017931075999513268,10992.329523591068,1
0.95,0.6,0.0017729554092511535,11009.609687003483,1
0.95,0.6,0.0017857294296845794,10981.69548536824,1
0.95,0.6,0.001835412229411304,11030.967049280036,1
0.95,0.6,0.001825748709961772,11042.113026505858,1
0.95,0.6,0.0018412750214338303,10951.033551050581,1
0.95,0.6,0.0018142943736165762,11073.737068447757,1
0.95,0.6,0.0017917760415002704,11127.345649066305,1
0.95,0.6,0.0017402453813701868,11146.79768155103,1
0.95,0.6,0.0017723464407026768,11245.14903536372,1
0.95,0.6,0.0017638152930885553,11062.160639329995,1
0.95,0.6,0.0017706743674352765,11078.72297457501,1
0.95,0.6,0.0018045582110062242,11098.448927763538,1
0.95,0.6,0.0017973458161577582,10803.62013693099,1
0.95,0.6,0.001818147604353726,10979.25385808689,1
0.95,0.6,0.0017875767080113292,11139.499679382294,1
0.95,0.6,0.0017565347952768207,11060.41909126754,1
0.95,0.6,0.0017965625738725066,11005.537849411334,1
0.95,0.6,0.0017797354375943542,10957.575953200285,1
0.95,0.6,0.0017978136893361807,10884.30893128529,1
0.95,0.6,0.0017813870217651129,11064.086165953639,1
0.95,0.6,0.0017681301105767488,11088.009855652806,1
0.95,0.6,0.0017408273415639997,10895.48076400738,1
0.95,0.6,0.0017690693493932486,10743.421761871617,1
0.95,0.6,0.001739245723001659,10848.078144863151,1
0.95,0.6,0.0017502104165032506,10955.129212200682,1
0.95,0.6,0.0017247982323169708,11052.724900119301,1
0.95,0.6,0.0017612377414479852,10998.517549205662,1
0.95,0.6,0.0017641701269894838,11093.901264907088,1
0.95,0.6,0.001761063584126532,11168.275060743403,1
0.95,0.6,0.0017916313372552395,11045.941588072574,1
0.95,0.6,0.001786357257515192,11078.380986898032,1
0.95,0.6,0.0017901299288496375,11048.236808484813,1
0.95,0.6,0.001803500228561461,11127.169624128368,1
0.95,0.6,0.0018286146223545074,11038.443513906168,1
0.95,0.6,0.00187036138959229,11031.12309769656,1
0.95,0.6,0.0018650273559615016,11030.495304171187,1
0.95,0.6,0.0018438865663483739,11013.399570932652,1
0.95,0.6,0.001802701037377119,10977.011082617526,1
0.95,0.6,0.001791398972272873,10958.028204750524,1
0.95,0.6,0.001802082872018218,11026.919992363662,1
0.95,0.6,0.0018276802729815245,11007.559330078548,1
0.95,0.6,0.0017973780632019043,11136.794869199239,1
0.95,0.6,0.0017965697916224599,11064.407153699623,1
0.95,0.6,0.001756129669956863,10881.875568089068,1
0.95,0.6,0.0017936340300366282,10952.462602903268,1
0.95,0.6,0.0018133922712877393,10841.757282418597,1
0.95,0.6,0.0018161883344873786,10889.38930708191,1
0.95,0.6,0.0018253691960126162,11156.171712741709,1
0.95,0.6,0.001802518148906529,11186.517637245846,1
0.95,0.6,0.0017914288910105824,10954.28548883668,1
0.95,0.6,0.001767955836839974,10950.302348524943,1
0.95,0.6,0.0017402349039912224,10909.498084832849,1
0.95,0.6,0.0017379354685544968,10868.629738891817,1
0.95,0.6,0.0017514884239062667,11098.27201770837,1
0.95,0.6,0.0017708436353132129,10830.529682405104,1
0.95,0.6,0.001788262976333499,10965.11060587673,1
0.95,0.6,0.001784287509508431,11295.42147098996,1
0.95,0.6,0.0017892374889925122,11178.385097798511,1
0.95,0.6,0.0017738417955115438,11068.837918108658,1
0.95,0.6,0.0017646505730226636,10937.106020011222,1
0.95,0.6,0.001771247829310596,11159.415116638807,1
0.95,0.6,0.0017558286199346185,11084.760569350772,1
0.95,0.6,0.001789306988939643,10709.405662249541,1
0.95,0.6,0.0017611465882509947,10891.333317330489,1
0.95,0.6,0.001772506395354867,11094.520431222267,1
0.95,0.6,0.0017822381341829896,11061.891578789047,1
0.95,0.6,0.0017841459484770894,11146.799514464845,1
0.95,0.6,0.0017995702801272273,11091.184484753929,1
0.95,0.6,0.001780618098564446,10857.469974970882,1
0.95,0.6,0.001822247402742505,10931.997510377838,1
0.95,0.6,0.0018479082500562072,11160.753778032156,1
0.95,0.6,0.0018600105540826917,11082.507727603494,1
0.95,0.6,0.0018735465127974749,11134.602217284477,1
0.95,0.6,0.0018144205678254366,11273.237476415059,1
0.95,0.6,0.0017930008471012115,11165.498055365932,1
0.95,0.6,0.0017651505768299103,10765.951141212383,1
0.95,0.6,0.0017851307056844234,10804.776069762946,1
0.95,0.6,0.00179955642670393,11044.272348793573,1
0.95,0.6,0.0018158283783122897,10758.76051867656,1
0.95,0.6,0.0018206746317446232,11101.256571931619,1
0.95,0.6,0.0018044774187728763,11145.488401210194,1
0.95,0.6,0.0017934681382030249,11099.782131480542,1
0.95,0.6,0.0017995553789660335,11130.07182648074,1
0.95,0.6,0.001800844562239945,10934.605667468108,1
0.95,0.6,0.0017823121743276715,11124.526539794395,1
0.95,0.6,0.0018054983811452985,10944.519988974724,1
0.95,0.6,0.0018057315610349178,10929.966010123404,1
0.95,0.6,0.0018419120460748672,10957.425476204786,1
0.95,0.6,0.0018103636102750897,11153.327458595562,1
0.95,0.6,0.0017997020622715354,11228.836227899867,1
0.95,0.6,0.0017573726363480091,11043.342206364121,1
0.95,0.6,0.0017670664237812161,11000.19808055567,1
0.95,0.6,0.0017777191242203116,11180.506409827249,1
0.95,0.6,0.0017855350160971284,11131.712166092591,1
0.95,0.6,0.0017784647643566132,11164.053994266464,1
0.95,0.6,0.001799505902454257,10930.971441760594,1
0.95,0.6,0.001816640142351389,10811.928448166082,1
0.95,0.6,0.0017907386645674706,10763.98089706479,1
0.95,0.6,0.0017713109264150262,10841.75825429635,1
0.95,0.6,0.0017742931377142668,11129.917148602402,1
0.95,0.6,0.0017820264911279082,10927.796269771701,1
0.95,0.6,0.0018125958740711212,10924.524016663983,1
0.95,0.6,0.0017846173141151667,10746.228061335758,1
0.95,0.6,0.0017688029911369085,10845.303312182406,1
0.95,0.6,0.0017714416608214378,11031.405453917763,1
0.95,0.6,0.0017770664999261498,10901.813702099418,1
0.95,0.6,0.0017793105216696858,11029.87000219277,1
0.95,0.6,0.001788221299648285,11012.401260073893,1
0.95,0.6,0.0018040076829493046,11095.313690974654,1
0.95,0.6,0.0018086845520883799,11059.659066919205,1
0.95,0.6,0.0017850891454145312,10910.892390154237,1
0.95,0.6,0.001796439290046692,10973.504650884071,1
0.95,0.6,0.00177726277615875,10982.414729554677,1
0.95,0.6,0.0017882295651361346,11142.12376481317,1
0.95,0.6,0.0017882814863696694,11042.808777564745,1
0.95,0.6,0.001817335607483983,11067.10060054234,1
0.95,0.6,0.0017977809766307473,11014.926909848942,1
0.95,0.6,0.0018128295196220279,11002.554183779619,1
0.95,0.6,0.0017992909997701645,11058.660447837654,1
0.95,0.6,0.0017677240539342165,11177.782438299615,1
0.95,0.6,0.0017324942164123058,11023.091521668062,1
0.95,0.6,0.001734028453938663,10981.231022955104,1
0.95,0.6,0.0017654616385698318,11014.92248303206,1
0.95,0.6,0.0017905601998791099,10936.98891166338,1
0.95,0.6,0.0018121470930054784,11094.623992152785,1
0.95,0.6,0.0017934812931343913,11294.862842156965,1
0.95,0.6,0.001792600960470736,11238.927590374911,1
0.95,0.6,0.001849389635026455,11038.351236406226,1
0.95,0.6,0.0018417340470477939,11280.336097525345,1
0.95,0.6,0.0018008550396189094,11058.76039978223,1
0.95,0.6,0.0017898427322506905,10962.625835450393,1
0.95,0.6,0.0017578057013452053,11091.743444823192,1
0.95,0.6,0.0017542334971949458,11054.771990392695,1
0.95,0.6,0.0017470652237534523,10897.607110725625,1
0.95,0.6,0.0017423293320462108,10789.435137765393,1
0.95,0.6,0.0017309098038822412,11150.337702028683,1
0.95,0.6,0.0017676781862974167,10973.107891815078,1
0.95,0.6,0.0017921875696629286,10881.405884326938,1
0.95,0.6,0.001795173971913755,10834.21470710854,1
0.95,0.6,0.0018496853299438953,11051.091946103254,1
0.95,0.6,0.0018034807872027159,11245.414516800116,1
0.95,0.6,0.001829854678362608,11005.651655994525,1
0.95,0.6,0.0018180081387981772,11071.282042180985,1
0.95,0.6,0.0017625059699639678,10959.343273957755,1
0.95,0.6,0.0017843416426330805,11131.53423111558,1
0.95,0.6,0.0017463949043303728,11028.889965212264,1
0.95,0.6,0.0017619921127334237,10971.464347581617,1
0.95,0.6,0.0017590521601960063,10784.860356016841,1
0.95,0.6,0.0017667775973677635,11039.299714601237,1
0.95,0.6,0.0017523928545415401,10931.250559960201,1
0.95,0.6,0.0017727370141074061,10952.339973305041,1
0.95,0.6,0.0017824167152866721,10932.073205462833,1
0.95,0.6,0.0017842260422185063,11144.99181917897,1
0.95,0.6,0.0017883531982079148,11185.298720709246,1
0.95,0.6,0.0017812746809795499,10646.290826233748,1
0.95,0.6,0.0018198598409071565,10899.771379749916,1
0.95,0.6,0.0018216550815850496,11138.070155132516,1
0.95,0.6,0.00179481809027493,11111.817233314989,1
0.95,0.6,0.0017544585280120373,10932.144892202261,1
0.95,0.6,0.0017314150463789701,10849.929924845756,1
0.95,0.6,0.0017285008216276765,10932.703323308138,1
0.95,0.6,0.0017587621696293354,11186.42651320471,1
0.95,0.6,0.0017766687087714672,11237.174505447065,1
0.95,0.6,0.0017699768068268895,10923.63145620116,1
0.95,0.6,0.0017907576402649283,10823.509264453754,1
0.95,0.6,0.001795375719666481,10993.562352271158,1
0.95,0.6,0.0017945498693734407,10979.848477033134,1
0.95,0.6,0.001774584990926087,10804.747407988933,1
0.95,0.6,0.001757545513100922,11319.908041477462,1
0.95,0.6,0.001774573465809226,11210.00610730943,1
0.95,0.6,0.0017891707830131054,11173.186725344178,1
0.95,0.6,0.0017956079682335258,11028.07928755735,1
0.95,0.6,0.0018119120504707098,11080.891745847128,1
0.95,0.6,0.0017627106280997396,11002.351851850799,1
0.95,0.6,0.00176300632301718,11173.473660140568,1
0.95,0.6,0.0017688180087134242,11179.734941435863,1
0.95,0.6,0.001785291824489832,11046.836998908875,1
0.95,0.6,0.0017995161470025778,11060.389545248758,1
0.95,0.6,0.0018033299129456282,10676.685132862034,1
0.95,0.6,0.0018252689624205232,10971.51716439187,1
0.95,0.6,0.0017974834190681577,10838.596634287776,1
0.95,0.6,0.0018040615832433105,10797.432238591304,1
0.95,0.6,0.0017965777078643441,10812.196699723172,1
0.95,0.6,0.0017720519099384546,10995.437442114802,1
0.95,0.6,0.001787473214790225,10987.334092845536,1
0.95,0.6,0.0018227978143841028,11014.738334907177,1
0.95,0.6,0.0017682447796687484,10980.539488904198,1
0.95,0.6,0.001795221003703773,11152.297039959441,1
0.95,0.6,0.0017801752546802163,10944.215993477625,1
0.95,0.6,0.0018101277528330684,11018.365128421688,1
0.95,0.6,0.0017600201535969973,11144.861916463728,1
0.95,0.6,0.0017631807131692767,10845.728285832574,1
0.95,0.6,0.0017745229415595531,10866.327318044805,1
0.95,0.6,0.001798833953216672,10942.550339979869,1
0.95,0.6,0.0018076926935464144,11198.581850368239,1
0.95,0.6,0.0017965451115742326,11186.637788516658,1
0.95,0.6,0.0017610274953767657,11235.302966912026,1
0.95,0.6,0.0017686216160655022,11200.32368197666,1
0.95,0.6,0.001775890588760376,10983.074419101798,1
0.95,0.6,0.0018120900494977832,11115.472696991323,1
0.95,0.6,0.0017986522288993,10999.462312917842,1
0.95,0.6,0.0017986895982176065,10992.262025939974,1
0.95,0.6,0.0018370153848081827,10753.265666845444,1
0.95,0.6,0.0017980359261855483,10986.369034748663,1
0.95,0.6,0.0018357568187639117,11004.481273863432,1
0.95,0.6,0.0017806157702580094,11072.453010644676,1
0.95,0.6,0.0017874923069030046,11002.281192919516,1
0.95,0.6,0.0017613027011975646,11057.403841776086,1
0.95,0.6,0.0017683131154626608,11095.693215097803,1
0.95,0.6,0.0017894423799589276,11294.857922333413,1
0.95,0.6,0.0017752436688169837,11241.118507948984,1
0.95,0.6,0.0017685333732515574,10985.095339239164,1
0.95,0.6,0.001764702028594911,10929.537426281291,1
0.95,0.6,0.0017685610800981522,11103.809603209515,1
0.95,0.6,0.0017959533724933863,11247.042729311032,1
0.95,0.6,0.001770476344972849,10858.032071252856,1
0.95,0.6,0.0017648744396865368,10863.50922569121,1
0.95,0.6,0.0017691092798486352,10957.903441122846,1
0.95,0.6,0.001765063381753862,11098.110810669932,1
0.95,0.6,0.0017877595964819193,11130.147640081199,1
0.95,0.6,0.001806213054805994,11109.430619669807,1
0.95,0.6,0.0018095155246555805,11046.827795344378,1
0.95,0.6,0.0017839089268818498,10735.0594082575,1
0.95,0.6,0.001800050842575729,11014.586698716312,1
0.95,0.6,0.001798545941710472,11009.543349721012,1
0.95,0.6,0.0017982764402404428,11217.468485185065,1
0.95,0.6,0.001754344324581325,11120.935352624514,1
0.95,0.6,0.0017340586055070162,10969.381155647778,1
0.95,0.6,0.0017808607080951333,11283.446748046736,1
0.95,0.6,0.0017881738021969795,11354.028658344332,1
0.95,0.6,0.001828514039516449,11409.258931421035,1
0.95,0.6,0.0018343647243455052,11112.465172173797,1
0.95,0.6,0.0018134423298761249,10888.00588199905,1
0.95,0.6,0.0018425933085381985,10760.899283048217,1
0.95,0.6,0.0018380339024588466,10851.523276204729,1
0.95,0.6,0.0018491609953343868,10825.060389995819,1
0.95,0.6,0.0018414318328723311,10906.899246615209,1
0.95,0.6,0.0018342045368626714,11031.210698332283,1
0.95,0.6,0.001817132462747395,11142.242017135357,1
0.95,0.6,0.0018051615916192532,10843.019858429892,1
0.95,0.6,0.0017860077787190676,11021.98935966788,1
0.95,0.6,0.0017273055855184793,11162.015405204356,1
0.95,0.6,0.0017154546221718192,11150.142873364262,1
0.95,0.6,0.0017161689465865493,11064.934850745172,1
0.95,0.6,0.001752390991896391,11224.661825465028,1
0.95,0.6,0.0017914802301675081,11063.917639501915,1
0.95,0.6,0.0017822097288444638,10646.40129238365,1
0.95,0.6,0.001810546382330358,10709.197967444972,1
0.95,0.6,0.0017941505648195744,10849.35925077066,1
0.95,0.6,0.0018576524453237653,11029.338047830595,1
0.95,0.6,0.0018594226567074656,11132.393219250458,1
0.95,0.6,0.0018537330906838179,11026.07236027153,1
0.95,0.6,0.0018366350559517741,11126.93076085235,1
0.95,0.6,0.0018145744688808918,11105.83241344692,1
0.95,0.6,0.0018061459995806217,11175.470442706415,1
0.95,0.6,0.0017724304925650358,10862.80996826131,1
0.95,0.6,0.0017688802909106016,10712.56199661025,1
0.95,0.6,0.001755042583681643,10727.866669920782,1
0.95,0.6,0.001755567966029048,10992.319683064903,1
0.95,0.6,0.0018078519497066736,11408.445736013628,1
0.95,0.6,0.0017808092525228858,11264.776240359046,1
0.95,0.6,0.0017979028634727001,11086.794837542424,1
0.95,0.6,0.0017592782387509942,11131.347362058033,1
0.95,0.6,0.0017133293440565467,11140.600358292795,1
0.95,0.6,0.0017658493015915155,11107.153743518145,1
0.95,0.6,0.0017788778059184551,10753.544955437726,1
0.95,0.6,0.0017878164071589708,10779.458364622224,1
0.95,0.6,0.0018333048792555928,10910.043468856798,1
0.95,0.6,0.001811439637094736,10986.66490248086,1
0.95,0.6,0.001796780969016254,11243.336473070894,1
0.95,0.6,0.0017883022082969546,11049.088275894253,1
0.95,0.6,0.0018003693548962474,11206.06128110753,1
0.95,0.6,0.0017957626841962337,11214.427252414554,1
0.95,0.6,0.0018176189623773098,11164.719713579078,1
0.95,0.6,0.0017742339987307787,11063.1203632586,1
0.95,0.6,0.0017706528306007385,11036.964959465238,1
0.95,0.6,0.0017736549489200115,11136.159991315008,1
0.95,0.6,0.0017831301083788276,11081.998076651931,1
0.95,0.6,0.0017811873694881797,10972.077648520713,1
0.95,0.6,0.0017775396117940545,11092.225136214434,1
0.95,0.6,0.0017710276879370213,11121.630625372516,1
0.95,0.6,0.0017773628933355212,10982.59357100556,1
0.95,0.6,0.0018088651122525334,10877.648569338138,1
0.95,0.6,0.001822887104935944,10968.263714447512,1
0.95,0.6,0.0018361227121204138,11105.683207075806,1
0.95,0.6,0.001816314528696239,10850.925603276162,1
0.95,0.6,0.0018134259153157473,11031.67569046488,1
0.95,0.6,0.001780667225830257,11198.90686479484,1
0.95,0.6,0.0017978968098759651,11125.256349260924,1
0.95,0.6,0.001788468798622489,11198.79082498049,1
0.95,0.6,0.0018013170920312405,11120.95029558193,1
0.95,0.6,0.001773692318238318,10909.267146957043,1
0.95,0.6,0.0018023650627583265,10971.913423920118,1
0.95,0.6,0.0018189913826063275,10899.527347482075,1
0.95,0.6,0.001826964202336967,10884.609069358305,1
0.95,0.6,0.0018259009812027216,11022.66830913456,1
0.95,0.6,0.0017786298412829638,11206.981878733684,1
0.95,0.6,0.0017813000595197082,11198.04558607201,1
0.95,0.6,0.0017646515043452382,11033.712338838663,1
0.95,0.6,0.001778772915713489,10860.345085380233,1
0.95,0.6,0.001778594683855772,10919.486938326776,1
0.95,0.6,0.0017943766433745623,10897.11698672263,1
0.95,0.6,0.0018521075835451484,10924.893224473319,1
0.95,0.6,0.0018526245839893818,10969.71101589351,1
0.95,0.6,0.0018797902157530189,10772.646515226948,1
0.95,0.6,0.0018324424745514989,10880.53065470751,1
0.95,0.6,0.001812240807339549,11111.042217549546,1
0.95,0.6,0.001786884618923068,11001.513572015303,1
0.95,0.6,0.0017936073709279299,10947.161947589713,1
0.95,0.6,0.0018221500795334578,10775.054184272145,1
0.95,0.6,0.0017939175013452768,10787.4573282298,1
0.95,0.6,0.0017941792029887438,10970.439789228398,1
0.95,0.6,0.0017927108565345407,10757.08726955175,1
0.95,0.6,0.0017817391781136394,10897.199750540693,1
0.95,0.6,0.0017949852626770735,11060.803864796553,1
0.95,0.6,0.0017830674769356847,11211.964744629127,1
0.95,0.6,0.001796061871573329,11036.520766798118,1
0.95,0.6,0.0018167162779718637,10996.78383770001,1
0.95,0.6,0.0017163838492706418,10893.020558762888,1
0.95,0.6,0.0014143685111775994,10640.318706592863,1
